是否达标,失败原因,游览约束达标,返程约束达标,道路总延误h,排队总延误h,失败日期,模拟编号
False,both,False,False,8.699362519638878,3.377663879692074,第4天、第5天,1
True,none,True,True,3.792303681552246,2.9999776627881625,无,2
False,both,False,False,7.823276325890081,6.042949737796153,第5天,3
False,both,False,False,9.437536725159598,5.755406094960422,第3天、第4天、第5天,4
False,queue,False,True,7.7472066784347025,4.805901255989738,第5天,5
True,none,True,True,10.001660046265727,2.6684280721323415,无,6
False,queue,False,True,9.761567115239604,1.8231620352240934,第5天,7
False,both,False,False,4.739953039483438,5.767197632382863,第5天,8
True,none,True,True,8.526891381560521,0.713478232718536,无,9
False,queue,False,True,3.9563136612685392,1.8421791293579957,第5天,10
False,queue,False,True,6.246839106527123,2.6656942925095883,第4天,11
False,both,False,False,7.081814710581665,8.692646011910405,第5天,12
False,both,False,False,12.152609712011646,5.5552165076521405,第1天、第5天,13
False,both,False,False,9.068542043695919,1.9604358837031097,第2天、第5天,14
True,none,True,True,7.310121783298675,3.231406674871832,无,15
False,queue,False,True,4.051364231602909,4.805396240653959,第5天,16
False,both,False,False,12.273903885009219,0.0,第3天、第5天,17
False,traffic,True,False,5.144833625825434,3.636412784855994,第5天,18
False,both,False,False,8.163576076943336,4.778229632886665,第2天、第5天,19
False,both,False,False,6.9790712608931385,8.438552866191177,第2天、第3天、第5天,20
False,queue,False,True,3.6022104295220476,3.0354259907689913,第2天、第5天,21
False,traffic,True,False,5.7865845055861005,5.132987708916625,第1天,22
False,both,False,False,9.749376498349136,5.359782097957996,第5天,23
False,both,False,False,12.16029320148623,0.0,第5天,24
False,both,False,False,8.908374143729528,5.412739273534443,第3天、第5天,25
False,queue,False,True,5.491993295863795,4.688814847580973,第5天,26
True,none,True,True,5.816344952870252,4.341580031735435,无,27
False,queue,False,True,3.2140809658598757,5.2638215673373,第5天,28
False,queue,False,True,8.2408331236783,2.8392170487266277,第5天,29
False,both,False,False,14.878758597847137,4.658434248586909,第3天、第4天、第5天,30
False,both,False,False,9.136152899162886,1.2510188039151406,第5天,31
False,both,False,False,12.678253829631979,3.3350102386565084,第5天,32
False,queue,False,True,6.599672506048561,0.08594271934298991,第5天,33
False,both,False,False,9.324688173625313,7.86937492628255,第3天、第5天,34
False,both,False,False,10.16760124884212,3.10508206470349,第5天,35
True,none,True,True,6.57375257799655,0.0,无,36
True,none,True,True,7.992939736932335,1.9763294430893927,无,37
False,queue,False,True,4.292994574404666,5.79875177184869,第5天,38
False,queue,False,True,2.918309202458196,2.6863133516755924,第5天,39
False,both,False,False,7.8130271312797595,4.257588434248985,第2天、第4天、第5天,40
False,queue,False,True,3.786305272282357,5.106690520503575,第5天,41
False,both,False,False,5.262919790784206,2.4695704919569184,第2天,42
False,both,False,False,6.493888119277375,2.977427550839854,第4天、第5天,43
True,none,True,True,3.4050963678672694,4.1448725035775125,无,44
False,both,False,False,9.477762180063259,4.418781553052293,第5天,45
False,both,False,False,16.889191433671634,4.1699486478258425,第3天、第5天,46
False,traffic,True,False,4.6184177083619975,1.0280555153076907,第2天,47
False,both,False,False,7.190185952124915,0.466614185939911,第5天,48
False,both,False,False,7.498735326786676,3.645607635091491,第5天,49
False,both,False,False,9.477310095937897,6.1053358742302954,第2天、第5天,50
False,both,False,False,9.325412368561754,6.430060888293206,第2天、第5天,51
True,none,True,True,5.292991122205196,3.3365692794428545,无,52
False,traffic,True,False,9.145300449767262,0.5516421065593026,第3天,53
False,queue,False,True,0.0,3.1434453666492717,第5天,54
False,queue,False,True,0.0,6.063405296571387,第5天,55
False,queue,False,True,7.177351698996599,4.345473376144473,第5天,56
False,both,False,False,7.939813079418139,1.477154284034182,第5天,57
False,both,False,False,3.6741262044041587,2.979309925599286,第5天,58
True,none,True,True,6.295250180601885,1.7741408097258948,无,59
False,both,False,False,8.362029695490994,6.980798901170243,第3天、第5天,60
False,queue,False,True,7.610435902912517,1.7432703784330672,第5天,61
False,queue,False,True,4.904825560188662,3.1320357733440574,第5天,62
False,queue,False,True,9.35170884468113,4.530432519562229,第4天,63
False,both,False,False,12.9277964786966,1.063684203889292,第5天,64
False,both,False,False,7.835642863995407,2.878065759551996,第5天,65
False,both,False,False,9.296028031423205,4.105405424710722,第2天、第3天,66
True,none,True,True,3.175342252816886,0.0,无,67
False,queue,False,True,3.5255460210917287,2.1725037004265917,第5天,68
False,both,False,False,9.037909934579169,4.0795466560586195,第3天、第5天,69
False,both,False,False,14.08129857629918,4.567895558442644,第3天、第4天、第5天,70
False,queue,False,True,6.387417293218368,7.088174806832138,第5天,71
False,both,False,False,14.771056670577531,5.644933553712628,第1天、第2天、第4天、第5天,72
False,queue,False,True,2.414855321075502,1.6481505481065986,第5天,73
False,both,False,False,7.062018368266855,6.114777568488302,第5天,74
False,queue,False,True,1.0363033130902704,5.491852145076482,第5天,75
False,both,False,False,6.191137587573681,4.74923515459354,第2天、第5天,76
False,both,False,False,7.770557921801,4.186013447266849,第3天、第5天,77
False,both,False,False,10.327269602423721,6.743865554803646,第3天、第4天、第5天,78
False,both,False,False,7.790797573707719,4.750546869897517,第2天,79
False,queue,False,True,5.0401575291340155,2.0069864731603735,第5天,80
False,both,False,False,6.944285986182377,5.747333878492926,第4天、第5天,81
False,both,False,False,10.952731140520049,3.7435591707713036,第5天,82
False,both,False,False,6.613916549553228,4.592211716459359,第2天、第5天,83
False,both,False,False,8.03029427560775,8.098948122115297,第2天、第4天、第5天,84
False,both,False,False,15.151315429171435,2.7244414042378926,第2天、第4天、第5天,85
False,both,False,False,9.940841455510897,7.709625176050141,第1天、第3天、第5天,86
False,both,False,False,14.075809779249063,2.7266523754881655,第2天、第3天、第5天,87
False,both,False,False,17.50170861043701,2.9608023502840366,第3天、第4天、第5天,88
False,both,False,False,15.176755369457364,4.229571320470492,第2天、第3天、第5天,89
False,queue,False,True,3.693788270533425,2.368611567768342,第5天,90
False,both,False,False,9.925465546538522,0.9220003703151551,第2天、第5天,91
False,both,False,False,6.062000786888442,4.842042496301443,第5天,92
False,both,False,False,13.680723311319099,3.174085569768235,第2天、第5天,93
False,traffic,True,False,9.997344837624706,4.245146616856346,第2天、第4天,94
False,both,False,False,9.046438224658912,1.2848573725995496,第3天、第5天,95
False,both,False,False,5.469869066121099,5.431014586403704,第5天,96
False,both,False,False,12.071650513916357,5.794833490194741,第4天、第5天,97
True,none,True,True,1.0745877553555676,1.4470975513668036,无,98
False,both,False,False,3.6535865535812557,3.074167629905207,第2天、第5天,99
False,both,False,False,9.936639217870262,0.04035268674049508,第4天,100
False,queue,False,True,8.259011613309449,2.1653734919321987,第5天,101
False,queue,False,True,6.301029986339406,4.302339479756891,第3天、第5天,102
False,both,False,False,8.218658193809098,3.6264174078321236,第2天、第4天、第5天,103
False,queue,False,True,6.613496838712649,3.899681987550213,第3天、第5天,104
False,both,False,False,13.108588308937112,1.814801186346494,第4天、第5天,105
True,none,True,True,4.204844086216653,2.089429016625364,无,106
False,both,False,False,13.146467642389897,1.3046755979369369,第2天、第3天、第5天,107
False,queue,False,True,6.862701047971189,2.1819014662102667,第5天,108
False,queue,False,True,7.1758537259336075,4.0840262259503355,第5天,109
False,both,False,False,4.000927708599596,6.166007539386764,第5天,110
False,both,False,False,10.762652121202825,1.2223005889782916,第3天、第5天,111
False,queue,False,True,4.081462463085123,1.3619261070537467,第5天,112
False,queue,False,True,2.8757275325225815,6.346050515939501,第4天、第5天,113
False,queue,False,True,4.022450063841343,3.791241066901746,第2天、第5天,114
False,both,False,False,7.176011580671952,5.8788779657163195,第4天、第5天,115
False,both,False,False,11.072235026262156,4.401529063006093,第2天、第5天,116
False,queue,False,True,7.644152710316279,2.5701989453183205,第5天,117
False,both,False,False,6.86292510646731,1.9205228857829426,第5天,118
True,none,True,True,7.74510239304533,3.4625770371919398,无,119
False,queue,False,True,0.0,6.868979168062666,第5天,120
False,queue,False,True,5.324490542786517,3.2386156441102436,第5天,121
False,queue,False,True,10.618737533302184,0.5663729727523167,第2天、第3天,122
False,queue,False,True,10.57558350881432,0.0,第4天,123
False,queue,False,True,5.956899472186317,3.012584788734016,第5天,124
False,queue,False,True,4.8889661089896,4.592968016575437,第2天、第5天,125
False,both,False,False,10.58207105385182,3.263830585195022,第2天、第4天、第5天,126
False,queue,False,True,0.0,4.1897986926815145,第5天,127
False,queue,False,True,5.402877041439531,1.8298582948676547,第5天,128
False,traffic,True,False,8.803174197363692,5.490262267989332,第3天,129
False,queue,False,True,3.94612996206747,2.3392692725044015,第5天,130
False,queue,False,True,3.8115611002819154,3.573259854343339,第5天,131
False,both,False,False,12.318778955029332,2.3461313786801132,第2天、第5天,132
False,both,False,False,12.384990193476336,0.0,第2天、第4天,133
False,queue,False,True,7.022961460096831,1.5989195682006776,第5天,134
False,both,False,False,13.230657523708473,6.580698523756864,第1天、第2天、第5天,135
False,queue,False,True,5.591595064653643,0.757686876994169,第5天,136
False,both,False,False,3.243443854024221,2.928676499424601,第2天,137
False,both,False,False,5.878359175402166,5.380443891146984,第2天、第5天,138
False,queue,False,True,5.050801892515545,8.016799027611144,第5天,139
False,both,False,False,14.436444680745444,1.5924079463421812,第3天、第5天,140
False,queue,False,True,6.357399079607806,6.402946898776201,第5天,141
False,both,False,False,7.767810096648109,6.494766203613804,第4天、第5天,142
False,queue,False,True,1.411332083146609,4.522205336696357,第5天,143
False,both,False,False,6.83404588081279,2.6598229087082745,第5天,144
True,none,True,True,2.403641012694046,0.0,无,145
False,both,False,False,2.5108812320294334,4.911825650866276,第5天,146
False,both,False,False,12.212797100100124,5.970386361488922,第1天、第2天、第5天,147
False,both,False,False,8.571875369562362,5.4024327116793245,第4天、第5天,148
False,queue,False,True,4.418359569997104,5.505221496927083,第5天,149
False,both,False,False,10.734789518713828,8.16301173441501,第3天、第5天,150
False,both,False,False,11.321519701727627,4.9883495878793465,第1天、第5天,151
False,both,False,False,8.110719786714576,6.974205587742366,第4天、第5天,152
False,queue,False,True,7.638284239003489,1.4549634538426024,第4天、第5天,153
False,both,False,False,11.795576852012548,4.146685207779592,第3天、第5天,154
True,none,True,True,4.142065688234505,2.1039741555113762,无,155
False,both,False,False,7.843891350294255,6.223919677896922,第2天、第5天,156
False,both,False,False,8.894273653733851,5.214567558443249,第2天,157
False,queue,False,True,1.6785911983798996,5.612015124271641,第5天,158
False,queue,False,True,2.0636311781099645,5.179027290845875,第4天、第5天,159
False,traffic,True,False,7.999243961897323,1.5027828472984837,第4天,160
False,queue,False,True,7.333014178156773,3.3093997223560163,第3天、第5天,161
True,none,True,True,2.928454201826931,3.317513625975558,无,162
False,queue,False,True,3.8009795263354595,5.171058254321246,第5天,163
False,both,False,False,13.97626120337394,5.6576614220794745,第1天、第5天,164
False,queue,False,True,3.4282525236804466,4.416733078202195,第5天,165
True,none,True,True,5.68950764051037,2.2041345901098017,无,166
False,both,False,False,9.920189037656016,3.2040635547010234,第3天、第5天,167
False,both,False,False,12.053808631521234,3.5984266283283555,第2天、第5天,168
True,none,True,True,0.0,0.0,无,169
False,both,False,False,3.973469785444996,4.362212878068529,第5天,170
False,queue,False,True,7.8329485202865134,2.4295142761355715,第3天、第4天,171
True,none,True,True,2.354429215440894,8.386515189508309,无,172
False,both,False,False,17.691712828599535,2.837309906703718,第2天、第5天,173
False,queue,False,True,11.076079215074685,1.664300818628544,第4天,174
False,both,False,False,8.087885820238059,4.543136735719828,第1天、第5天,175
False,queue,False,True,7.9854212317667805,4.136674255044954,第3天,176
False,both,False,False,15.66535329098084,4.433413920001248,第4天、第5天,177
True,none,True,True,4.5681451886936655,2.804703789367542,无,178
False,queue,False,True,2.1309816279130693,4.199599170230725,第5天,179
False,queue,False,True,7.286114642445075,0.0,第5天,180
False,queue,False,True,8.29925158191755,5.754395933282775,第5天,181
False,both,False,False,7.421775887378504,3.763356800590622,第5天,182
False,both,False,False,9.503724879485556,1.7220216092500065,第5天,183
False,queue,False,True,2.578501562929357,3.7719040345518158,第5天,184
False,queue,False,True,5.970837481068493,4.524957874983171,第5天,185
False,both,False,False,7.1094567142234855,4.022386682013902,第2天、第5天,186
False,queue,False,True,9.712390375938327,2.809783857403665,第5天,187
False,queue,False,True,7.599551714885449,2.8104282531562887,第5天,188
False,traffic,True,False,6.299080097211624,5.555306023946368,第4天,189
False,queue,False,True,10.898055297529062,1.2622379020314645,第5天,190
False,both,False,False,13.568824751614908,3.81898436798811,第3天、第5天,191
False,queue,False,True,4.061072432120458,4.254851120705124,第5天,192
False,both,False,False,8.040537267468373,4.440328236829287,第5天,193
False,both,False,False,6.621515734504017,3.474013099845085,第3天、第5天,194
False,both,False,False,5.16556096442514,7.579709178133642,第3天、第5天,195
False,both,False,False,17.428439492937294,0.38720117235580664,第2天、第5天,196
False,both,False,False,11.866941492567298,4.518944499941405,第4天、第5天,197
False,both,False,False,12.159478883184399,5.026224314491371,第4天、第5天,198
False,queue,False,True,4.39003188364608,3.519688984246873,第4天、第5天,199
False,both,False,False,6.681004047219867,8.357263981022664,第1天,200
False,both,False,False,9.102457479287159,6.458396240184072,第5天,201
False,both,False,False,2.63510494295498,8.22078190579391,第2天、第5天,202
False,queue,False,True,10.796433047714675,1.7826009177518576,第5天,203
False,queue,False,True,6.0792630104368905,5.630964314831428,第3天、第5天,204
False,both,False,False,6.078281991301652,3.834608849382029,第2天、第5天,205
True,none,True,True,5.297264009557251,3.5327456861232376,无,206
False,both,False,False,3.337426570398855,8.352210309109564,第2天、第5天,207
False,queue,False,True,4.171553673261235,2.295620019705545,第5天,208
False,queue,False,True,9.220633375587798,5.5444982514824135,第4天、第5天,209
False,queue,False,True,9.75403435312661,2.2195683547384677,第2天、第5天,210
False,both,False,False,13.336773541025654,7.1947669043872455,第3天、第4天、第5天,211
False,both,False,False,11.243009801608338,4.447409746765264,第2天,212
False,both,False,False,9.685941571945676,3.5713661070649905,第4天、第5天,213
False,traffic,True,False,5.530776393975085,1.6459706319277876,第4天,214
False,queue,False,True,2.278800554260909,4.90262654777927,第5天,215
False,both,False,False,17.81969506545021,2.775013380853661,第2天、第4天、第5天,216
False,both,False,False,6.266732754299644,4.381169178192181,第5天,217
False,both,False,False,15.409887588889116,1.612995363666288,第2天、第4天、第5天,218
False,both,False,False,12.433228812634773,3.7815356624309904,第1天、第2天,219
False,queue,False,True,7.867604357674385,1.4470375925271406,第2天,220
True,none,True,True,1.917817084660837,0.8269625479935443,无,221
False,both,False,False,12.470053503564067,0.0,第5天,222
False,both,False,False,8.752035120157938,1.361746663827284,第2天、第5天,223
True,none,True,True,4.210273355380361,4.821120528825277,无,224
False,both,False,False,7.415390105145371,2.969967176184852,第4天、第5天,225
False,both,False,False,18.180519679863696,1.4293094329914406,第2天、第3天,226
False,queue,False,True,6.0769170191208985,4.4768076311181755,第3天、第5天,227
True,none,True,True,3.873440357171443,7.51535928291125,无,228
False,queue,False,True,6.757646134849351,3.726465121686071,第5天,229
False,queue,False,True,4.519479748950879,5.840700685805031,第3天,230
False,both,False,False,11.229396732312665,5.012308034173424,第2天、第4天、第5天,231
True,none,True,True,3.871110492999358,4.81025344800155,无,232
False,both,False,False,9.20064095969111,3.2853801932473985,第5天,233
False,traffic,True,False,3.7741786770662893,4.655652327674498,第2天,234
True,none,True,True,0.0,3.0893838019450808,无,235
False,both,False,False,10.4962341951631,4.9712398861121425,第3天、第5天,236
False,queue,False,True,5.335590028483468,4.798793437424557,第5天,237
False,both,False,False,8.484120537926207,5.746065015451894,第2天、第5天,238
False,both,False,False,10.11135964444409,6.498848020922742,第1天、第3天,239
False,both,False,False,13.612563841102606,3.0548282619465517,第1天、第2天、第5天,240
False,both,False,False,10.419507004885164,3.3061459148032437,第1天、第5天,241
False,queue,False,True,4.2709015371823185,4.132736879779005,第5天,242
False,both,False,False,8.066525414468064,3.393257448363251,第4天,243
False,both,False,False,6.728674172185195,3.0790281976388245,第2天,244
False,both,False,False,12.51251544489536,2.959320852700424,第2天、第5天,245
False,traffic,True,False,11.972214654088669,0.974451805840145,第3天,246
False,both,False,False,12.667190792883634,2.0425549222800643,第3天、第5天,247
False,queue,False,True,11.408699660819995,3.857872211111462,第4天、第5天,248
False,both,False,False,15.701233307945417,2.4654299004437368,第1天、第5天,249
False,both,False,False,7.76091308193868,3.8002778216181867,第4天、第5天,250
False,both,False,False,3.713955239195162,6.349784394994185,第2天、第5天,251
False,traffic,True,False,10.581328464465578,4.053361702746438,第4天,252
False,queue,False,True,8.894330410086756,2.1523377757919944,第5天,253
True,none,True,True,3.4977993375666867,2.140030121299553,无,254
False,both,False,False,15.191861944501486,3.8511407369208355,第3天、第5天,255
False,queue,False,True,7.446703753966491,3.556623782428347,第5天,256
False,both,False,False,9.365725586362263,0.0,第4天、第5天,257
False,both,False,False,6.196413271453926,2.950633877024204,第5天,258
False,both,False,False,9.463623175031486,1.2834562112819676,第5天,259
False,both,False,False,5.413271385760275,2.74268551996388,第4天、第5天,260
False,traffic,True,False,15.064254404766077,1.4592747731874283,第1天、第5天,261
False,both,False,False,12.945554569563967,4.904723849117862,第2天、第3天、第5天,262
False,both,False,False,9.489995615339192,5.885624947604237,第1天、第5天,263
False,traffic,True,False,8.350783470811294,0.6690733739551297,第3天,264
False,both,False,False,2.3840013613362605,2.1941541845825974,第5天,265
False,queue,False,True,7.908863374398429,1.549765436535635,第4天,266
False,traffic,True,False,6.148957113121803,4.15804612651446,第1天,267
False,both,False,False,9.700303805166243,1.8578382943964948,第5天,268
False,traffic,True,False,8.745249565925366,2.977927949036385,第1天,269
False,both,False,False,8.960623058926242,2.862285426676035,第3天、第4天,270
False,queue,False,True,9.644159765934951,0.01607289215470975,第3天、第5天,271
False,traffic,True,False,12.145246293561138,0.0,第5天,272
False,both,False,False,5.343885273564016,0.0,第5天,273
False,queue,False,True,6.42314235988369,2.484542448725442,第3天,274
False,queue,False,True,8.483015297744721,4.440215968795096,第3天,275
False,both,False,False,9.264095082912679,3.505541164937401,第1天、第2天、第5天,276
False,both,False,False,13.207704485509764,0.6036171523185955,第3天、第4天、第5天,277
False,both,False,False,5.8730755780392325,2.3311558647131876,第2天、第5天,278
False,both,False,False,8.47648015009582,7.3588647223532035,第1天、第3天、第5天,279
False,both,False,False,7.517294860069629,8.02443586719801,第3天、第5天,280
False,queue,False,True,8.693269752284317,3.7755354717175513,第2天、第5天,281
False,queue,False,True,10.006342054194063,4.674749540825774,第5天,282
False,both,False,False,6.050869442276572,0.5554801995661002,第5天,283
False,both,False,False,7.449700143168975,4.004455349714002,第5天,284
False,both,False,False,14.449080839103278,5.35399320915461,第2天、第3天、第5天,285
False,both,False,False,10.920444892888975,4.752522792967914,第3天、第5天,286
False,both,False,False,20.412653802934464,3.972805041701709,第2天、第5天,287
False,both,False,False,6.38687097909389,10.38992561031954,第2天、第4天、第5天,288
False,both,False,False,5.11967329472512,5.410196465624939,第2天、第5天,289
False,both,False,False,8.902737098867952,2.193258400653992,第2天、第5天,290
False,queue,False,True,7.76888114369382,1.2483482986421892,第5天,291
False,queue,False,True,5.126369803010082,4.914482347730465,第3天、第5天,292
False,both,False,False,8.238209229195853,5.168741814505134,第5天,293
False,both,False,False,9.656874998852407,2.3256949498357384,第3天、第5天,294
True,none,True,True,4.840710984880672,4.1276769125672415,无,295
False,both,False,False,11.254904582164578,1.875783318725332,第5天,296
False,queue,False,True,6.510736343124416,6.8524415549620485,第5天,297
False,queue,False,True,6.6778224039145275,0.0,第5天,298
False,queue,False,True,2.2364435449772713,1.6745592285080626,第5天,299
False,both,False,False,6.302943167685681,4.54793651311665,第3天、第5天,300
False,both,False,False,11.987300792212286,4.382797564541725,第1天、第5天,301
False,both,False,False,13.922938991581848,3.9140515528833246,第3天、第5天,302
False,queue,False,True,7.751897839630395,3.3331264637057347,第4天、第5天,303
False,queue,False,True,3.3559182304025943,5.994613479417527,第5天,304
False,queue,False,True,10.882677180460446,5.811945358839428,第3天、第5天,305
False,queue,False,True,0.0,5.908533350958395,第5天,306
False,both,False,False,18.671032283602674,2.867742128523939,第2天、第3天、第4天、第5天,307
False,both,False,False,15.674740848792434,0.8913603605981084,第1天、第4天,308
False,both,False,False,11.74466885515588,3.3414105271256775,第2天、第4天,309
False,both,False,False,11.61887902369107,3.043739624178117,第4天、第5天,310
False,both,False,False,8.249442950195416,3.0162527657677054,第2天、第5天,311
False,queue,False,True,10.73819833516216,2.9599932632552157,第5天,312
False,both,False,False,14.757215789545079,2.3520543846182687,第2天、第4天、第5天,313
False,queue,False,True,6.639386688376043,2.4567930186544453,第3天、第5天,314
True,none,True,True,0.0,1.7167953102114106,无,315
False,both,False,False,7.852861731592174,8.520925573299525,第3天、第4天、第5天,316
True,none,True,True,10.525523716205093,0.6732393378412883,无,317
False,both,False,False,15.775654552835224,5.4618563413254835,第3天、第5天,318
False,both,False,False,11.309829506745503,4.147474416599579,第2天、第5天,319
True,none,True,True,1.635501511355391,0.0,无,320
False,queue,False,True,4.907636059528951,6.289087287926282,第5天,321
True,none,True,True,4.755357888214579,3.9958577498943635,无,322
False,queue,False,True,7.7711878441813225,2.9669735678320697,第5天,323
True,none,True,True,4.005163135513813,0.5193250320044869,无,324
False,both,False,False,7.779639062972329,4.544645622074171,第2天、第4天、第5天,325
False,queue,False,True,3.7704317334673996,2.4596809517597578,第5天,326
False,both,False,False,10.705450105060919,2.216100180127424,第4天、第5天,327
False,queue,False,True,3.557335289463859,2.7606871216580036,第5天,328
False,both,False,False,15.398364808353104,5.876118116709237,第3天、第4天、第5天,329
False,both,False,False,10.726435439091139,3.08332359391073,第5天,330
False,queue,False,True,8.038597455850315,2.814784007024476,第4天、第5天,331
False,both,False,False,12.075631418408191,2.7949573558551766,第2天、第5天,332
False,queue,False,True,5.122043365883734,3.798302779222661,第5天,333
False,traffic,True,False,12.08098445950327,2.5248177765940873,第2天,334
True,none,True,True,8.231940162701651,3.0647806804156805,无,335
True,none,True,True,5.3970142652228645,4.67137557648303,无,336
True,none,True,True,0.0,2.292794003648785,无,337
True,none,True,True,6.942344677862188,4.336758487481321,无,338
True,none,True,True,2.079160493967904,4.678686433051584,无,339
False,queue,False,True,6.0376828151788065,2.1512033519441984,第5天,340
False,queue,False,True,8.778577137108613,1.4402887842012722,第2天、第5天,341
False,both,False,False,6.5500674977635525,3.9595850573832623,第5天,342
False,queue,False,True,4.71845814681971,6.833572693057551,第4天、第5天,343
False,both,False,False,8.600412879692588,6.503240044684078,第3天、第5天,344
False,queue,False,True,5.5617280957920885,4.24405436491431,第3天,345
False,both,False,False,11.805672291507937,3.471865879177184,第4天、第5天,346
False,queue,False,True,5.957864931551205,3.9904092619630216,第4天、第5天,347
False,both,False,False,5.909153681456523,3.9224606683772905,第2天、第5天,348
False,queue,False,True,5.305141022532014,3.672728323817565,第5天,349
False,queue,False,True,2.613850223823862,4.61702229900976,第5天,350
False,queue,False,True,3.706228596053929,5.899439158304184,第5天,351
True,none,True,True,10.811735231604075,0.0,无,352
False,both,False,False,9.270441166375853,5.1164320841971165,第4天、第5天,353
False,both,False,False,13.275815121474432,2.35377881727033,第2天,354
False,traffic,True,False,5.3699412987660615,4.896740712105492,第3天,355
False,both,False,False,13.3373974873758,2.952602548334223,第4天、第5天,356
True,none,True,True,11.101180618366973,2.014078017080095,无,357
False,both,False,False,4.8099177132858335,6.293556767243744,第3天、第5天,358
False,queue,False,True,5.328406000926766,0.6463611329810672,第5天,359
True,none,True,True,5.30848181815902,0.4979740645295033,无,360
False,queue,False,True,3.0402111139795123,5.054843216683439,第5天,361
False,traffic,True,False,10.575768369057128,3.2163129125970915,第1天,362
False,queue,False,True,2.4585166167000954,5.423372581703859,第5天,363
True,none,True,True,3.842052228563497,2.896365808216818,无,364
False,both,False,False,11.447486784501137,0.9275908446431862,第2天、第5天,365
False,both,False,False,12.86777783572165,0.18314399235991807,第2天、第5天,366
False,both,False,False,13.1432727136831,0.7419002567311006,第4天、第5天,367
False,both,False,False,13.240200313554533,3.2897141797149447,第2天、第4天、第5天,368
False,queue,False,True,1.3124045890314235,3.795987330587745,第5天,369
False,both,False,False,11.086491619298833,6.223869095246769,第3天、第5天,370
False,both,False,False,9.9996851001125,4.172551623685684,第2天、第5天,371
False,both,False,False,7.426130457363191,1.928415517533625,第5天,372
False,queue,False,True,11.97236711844171,3.6151845527083966,第4天、第5天,373
False,queue,False,True,5.3033900361059665,3.623750290751631,第5天,374
False,queue,False,True,3.6552941035248727,6.289025729129329,第5天,375
False,both,False,False,8.508570748749843,7.143069229086294,第2天、第5天,376
False,queue,False,True,4.997609104634284,2.4576038065404977,第5天,377
False,both,False,False,5.962925866022,2.1105769986055773,第2天,378
False,queue,False,True,14.089691315208547,2.2720420853614987,第3天、第5天,379
False,both,False,False,7.828452028543536,5.1501192065180685,第2天、第4天,380
False,both,False,False,13.678752464993375,3.3432278500641113,第3天、第5天,381
False,queue,False,True,4.132121787654805,5.268050462385156,第3天、第5天,382
True,none,True,True,5.829008511358096,0.0,无,383
False,both,False,False,7.850020110970024,4.561948388664423,第5天,384
False,queue,False,True,0.8498580186844269,7.557042413142392,第5天,385
False,queue,False,True,9.158913483708398,3.5061779156036446,第5天,386
False,queue,False,True,2.9356384039957018,2.1236304020481014,第5天,387
False,both,False,False,5.16988844642211,4.078140336316586,第4天、第5天,388
False,both,False,False,10.200429758085408,3.604659611018674,第2天、第4天、第5天,389
True,none,True,True,5.749123258448306,2.595508926274663,无,390
False,queue,False,True,8.0515189688994,4.639413215585949,第3天,391
False,queue,False,True,6.380363230382954,1.0797404319654824,第4天、第5天,392
False,both,False,False,12.089065779319228,2.4576692807021687,第2天、第5天,393
False,queue,False,True,4.438547056426844,5.526253037728653,第5天,394
False,traffic,True,False,9.569678798714333,1.5673190243580615,第5天,395
True,none,True,True,8.168556141327777,2.6289186928593837,无,396
False,queue,False,True,5.75652673847955,1.3441471428322638,第5天,397
False,both,False,False,13.13272619536231,4.342689319888045,第1天、第3天、第5天,398
False,both,False,False,9.382717051621297,6.865100300269251,第2天、第5天,399
False,queue,False,True,2.5079031228855397,2.387452730382367,第5天,400
False,both,False,False,15.48486151139453,2.8322433108688907,第1天、第2天、第5天,401
False,queue,False,True,0.49205072491830915,2.934232993046271,第5天,402
False,both,False,False,11.8280571939896,2.9044601841191575,第4天、第5天,403
False,queue,False,True,5.722300671726944,0.617066933511187,第5天,404
False,queue,False,True,6.74934851601952,1.921894775656377,第5天,405
False,both,False,False,8.128742057618325,6.185179300984001,第5天,406
False,traffic,True,False,12.274321421356635,0.0,第1天,407
False,both,False,False,10.112312770687456,5.331657968945169,第1天、第2天、第5天,408
False,queue,False,True,9.30346903117876,2.2801806763310157,第5天,409
False,both,False,False,14.389920166583863,3.879100140701769,第3天、第5天,410
False,both,False,False,6.18600663950264,4.963970221076355,第5天,411
False,queue,False,True,8.776078599232102,0.786594345224585,第5天,412
False,both,False,False,8.42817837616416,3.809762867935284,第4天、第5天,413
False,both,False,False,7.083036204729698,1.4973770903330155,第5天,414
False,both,False,False,13.305518558239388,2.7766467786972306,第2天、第5天,415
False,both,False,False,10.916643987819368,5.304807109427184,第2天、第5天,416
False,queue,False,True,5.613996901443118,1.5769887288129585,第5天,417
False,both,False,False,7.067751991979344,4.605756676092636,第5天,418
False,queue,False,True,6.908598105574695,2.894213022744819,第5天,419
False,queue,False,True,5.221361447622634,6.752653391914485,第4天、第5天,420
False,both,False,False,8.015477743832182,4.533768208249285,第5天,421
False,queue,False,True,4.386340460334808,4.2372525642018815,第5天,422
True,none,True,True,2.174157934908915,1.163254640189409,无,423
False,both,False,False,11.038728057903661,5.063470715171624,第5天,424
True,none,True,True,2.0227663108155443,3.209420101369158,无,425
False,both,False,False,9.699288998595652,3.6824676945696133,第5天,426
True,none,True,True,7.730548242134539,4.148575452677741,无,427
False,both,False,False,9.79032840235218,4.1536403855253,第2天、第5天,428
False,queue,False,True,2.957496617749702,2.3205398178327705,第5天,429
True,none,True,True,3.6873366370846883,2.2544213178570365,无,430
False,queue,False,True,4.12181777199608,5.684643984845191,第5天,431
False,both,False,False,15.632790110067612,2.727526216446579,第2天、第5天,432
False,both,False,False,11.409337550002288,0.2881052007124618,第2天、第5天,433
False,queue,False,True,6.896472669247741,1.2637407533340115,第5天,434
True,none,True,True,5.003560397271846,1.13529733587042,无,435
False,queue,False,True,10.417741737719307,0.18149318080734067,第4天、第5天,436
False,queue,False,True,9.044124384177788,7.074788356051564,第3天、第5天,437
False,both,False,False,12.465157592857638,0.03388337834784294,第3天、第5天,438
False,both,False,False,7.722175786035214,4.390988482194613,第5天,439
False,both,False,False,5.623151763967104,2.9224665468917204,第1天、第5天,440
False,queue,False,True,0.0,5.246570926873636,第5天,441
False,both,False,False,12.001723285217258,1.4786564455197553,第1天,442
False,both,False,False,6.126273803379631,5.8544847200546055,第3天、第5天,443
False,queue,False,True,8.773833308685752,3.390759063911405,第5天,444
False,both,False,False,8.211868931004876,0.6681483606502823,第3天、第5天,445
False,queue,False,True,6.588053182281723,2.3218649009346692,第3天,446
False,both,False,False,12.285430845646893,1.0983446751701629,第4天、第5天,447
False,both,False,False,8.11403782573936,6.505233363586548,第5天,448
False,queue,False,True,9.689158909457195,6.672511880121112,第3天、第4天、第5天,449
False,both,False,False,8.659419758361786,0.0,第5天,450
True,none,True,True,3.860751134646515,2.3952290941607126,无,451
False,queue,False,True,5.431151975365529,2.287430534007057,第3天,452
False,both,False,False,13.979408657053458,1.8315236382012494,第2天、第5天,453
False,queue,False,True,3.906813357015768,4.463203527663741,第2天、第5天,454
False,both,False,False,11.935700889326124,2.932199370787972,第4天、第5天,455
True,none,True,True,0.0,2.2033099133836727,无,456
False,queue,False,True,5.056574106768666,1.8097356165304253,第5天,457
True,none,True,True,6.588724954634827,0.5698358745109826,无,458
True,none,True,True,6.665453354246376,2.7471154697838442,无,459
False,both,False,False,15.702972061591606,1.5701893367104303,第2天、第5天,460
False,both,False,False,2.540854155183617,5.076360893360443,第2天、第5天,461
False,both,False,False,10.975100663480378,3.475860181542555,第2天、第5天,462
False,queue,False,True,9.510409092502314,4.880436302333692,第4天、第5天,463
False,queue,False,True,1.7300569514791875,4.88042945271002,第5天,464
True,none,True,True,4.668001547263069,4.81308224770446,无,465
False,both,False,False,4.808138730538193,8.412898796977764,第2天、第5天,466
False,both,False,False,7.194524975280803,1.2885110949055458,第2天,467
False,both,False,False,7.796269698058881,2.9028472353746455,第2天、第5天,468
False,both,False,False,5.729530607384445,4.2872700359584694,第3天、第5天,469
False,queue,False,True,7.828246468807404,2.663891921223005,第5天,470
False,both,False,False,8.318746793239825,3.337331665985354,第2天、第5天,471
False,both,False,False,8.20857131120035,6.057709930412284,第4天、第5天,472
False,traffic,True,False,10.862873149916165,0.0,第3天,473
True,none,True,True,5.513778541228246,4.402731815401788,无,474
True,none,True,True,6.8458740813264285,1.025224774192302,无,475
False,both,False,False,10.836404852433425,5.030832361364626,第2天、第5天,476
False,queue,False,True,5.375168584412216,0.0,第5天,477
False,queue,False,True,10.706176910363514,2.30313808051731,第3天、第5天,478
False,queue,False,True,4.2393011368596145,4.319980477351791,第5天,479
False,both,False,False,12.382936137260504,2.990004492863895,第4天、第5天,480
True,none,True,True,8.201222381894157,3.2452681892851136,无,481
False,both,False,False,4.766404949290802,6.415479821193785,第2天,482
False,queue,False,True,3.013440336039776,6.592124653554386,第5天,483
True,none,True,True,4.673371404385579,2.404510656216657,无,484
False,queue,False,True,2.946183380034663,1.4133156918937455,第5天,485
False,both,False,False,4.296752688393804,3.793151346943617,第5天,486
False,queue,False,True,1.5195785484615283,6.531780735601395,第5天,487
False,both,False,False,9.41127472058526,3.1238297394990138,第5天,488
False,both,False,False,14.273728869743689,0.0,第1天、第2天、第5天,489
False,queue,False,True,2.9022144485174834,5.127172214467058,第5天,490
False,traffic,True,False,6.268128181675168,0.5743951015867841,第5天,491
False,both,False,False,12.348836980863314,2.19667127839211,第4天,492
False,both,False,False,11.595688148007522,5.535627299343578,第2天、第5天,493
False,queue,False,True,9.851215904667797,0.0,第4天、第5天,494
False,queue,False,True,1.8655133922119194,6.98300287190499,第5天,495
False,queue,False,True,6.98732385571563,0.22857743818709575,第5天,496
False,both,False,False,11.773972536354202,3.615706168287325,第4天、第5天,497
False,queue,False,True,7.190212849537919,5.2642801121387315,第5天,498
False,both,False,False,5.227857549681806,2.79440114486118,第5天,499
False,both,False,False,12.811998392457108,4.274501895556764,第2天、第4天、第5天,500
False,both,False,False,10.509302437424493,0.6788891176717432,第3天、第5天,501
False,both,False,False,7.489178819520719,0.0,第5天,502
False,both,False,False,8.264845840857662,0.6200872169524226,第2天、第5天,503
False,queue,False,True,0.0,4.584319367968879,第5天,504
True,none,True,True,4.913763169930738,2.894986324304573,无,505
False,queue,False,True,2.7141552456910465,4.496888380787157,第5天,506
False,queue,False,True,8.600882065383185,2.8751968183742718,第4天、第5天,507
False,queue,False,True,3.133653723768794,5.275156729377754,第5天,508
True,none,True,True,3.882701566757822,0.5884236339734059,无,509
False,queue,False,True,8.572219696275631,3.905320814066031,第5天,510
False,both,False,False,13.975245283648581,3.014112833062356,第2天、第5天,511
False,both,False,False,14.54731293668537,6.542653100769269,第1天、第4天、第5天,512
False,both,False,False,19.142890463712174,2.8031583548974375,第3天、第4天、第5天,513
False,queue,False,True,7.970792518761356,3.2088543706843837,第4天、第5天,514
True,none,True,True,3.2696583150492544,0.8619547893461927,无,515
True,none,True,True,7.465370512348685,4.852519804573882,无,516
False,both,False,False,17.64401200116139,5.203842236651582,第1天、第3天、第5天,517
False,both,False,False,11.367161801522963,4.243600235926365,第2天、第5天,518
False,both,False,False,16.691586966932597,4.310249880544124,第3天、第5天,519
False,both,False,False,11.654553335590316,3.111578534727794,第3天、第5天,520
True,none,True,True,2.0717396508877277,0.0,无,521
True,none,True,True,1.3861002177187243,0.0,无,522
False,both,False,False,7.647887822460721,5.816846366279217,第5天,523
False,both,False,False,8.831671193739528,2.8368777944710075,第5天,524
False,queue,False,True,11.055606637453632,2.3435340122784853,第2天,525
False,queue,False,True,6.566085911722759,3.0135222965610216,第4天、第5天,526
False,both,False,False,5.729225610331484,2.9996177563655637,第5天,527
False,queue,False,True,4.760264490545878,4.063475100435354,第5天,528
False,queue,False,True,7.667100794638587,5.432309259692932,第3天、第5天,529
False,both,False,False,9.297420617184239,3.1697128814658937,第2天、第3天、第5天,530
False,both,False,False,14.419614545209928,1.8925756455340348,第2天、第5天,531
False,queue,False,True,3.111741664983874,4.50914501913303,第5天,532
False,both,False,False,15.959042499878668,4.897784890553601,第1天、第3天、第5天,533
False,queue,False,True,0.7153629411321409,2.3903061836497717,第5天,534
False,traffic,True,False,3.8863038108763757,2.347409378287474,第2天,535
False,both,False,False,10.932665213346109,3.026344045019572,第5天,536
False,traffic,True,False,11.885939151444536,0.8270921669159381,第5天,537
False,both,False,False,11.287314099383712,6.427985259919085,第1天、第4天、第5天,538
False,both,False,False,11.253410279454393,4.81359454767284,第1天、第2天,539
False,queue,False,True,8.21309952756974,4.115121357638272,第5天,540
False,queue,False,True,5.493665902231433,5.981918644494123,第5天,541
False,queue,False,True,9.361696368776943,5.872595815333408,第2天、第4天、第5天,542
True,none,True,True,1.123395149926937,1.7117314598986189,无,543
False,queue,False,True,3.467398588637133,3.1040404902402234,第5天,544
False,queue,False,True,7.146558985370081,0.0,第5天,545
False,both,False,False,11.342380591401543,3.1566518890257287,第2天,546
True,none,True,True,0.0,3.806864816963379,无,547
False,queue,False,True,9.100257272266463,2.411448950767518,第3天,548
False,queue,False,True,2.5939543486811636,2.9268959547551208,第2天,549
False,both,False,False,8.472631372233085,2.5500042278988033,第5天,550
False,both,False,False,3.6427671624797986,7.367947594660796,第3天、第5天,551
False,both,False,False,19.691915451656918,0.0,第2天、第5天,552
True,none,True,True,2.237738176514536,2.6672501469065137,无,553
False,traffic,True,False,4.073089558129777,4.888271370932333,第3天,554
False,both,False,False,5.299796709688103,3.6976186612572834,第2天、第5天,555
False,both,False,False,11.026672033230518,0.31329055067580225,第1天、第4天、第5天,556
False,queue,False,True,6.654856089084644,1.446172375340263,第5天,557
False,traffic,True,False,7.274986818362187,1.8594951559339132,第2天,558
False,traffic,True,False,11.260492760897492,3.7309562031939203,第5天,559
False,both,False,False,10.222294343145863,2.3735687206608302,第5天,560
False,both,False,False,12.6284037826884,1.0724369133167202,第5天,561
False,queue,False,True,1.8290469730742598,7.237111419469515,第5天,562
True,none,True,True,4.934844129086089,2.1532332273964605,无,563
False,both,False,False,8.539732838042605,3.5090659448130044,第5天,564
False,queue,False,True,7.259348277890994,6.118420866496852,第3天、第5天,565
False,queue,False,True,8.048116603526296,0.8508344680401996,第2天、第3天,566
False,queue,False,True,3.8555858342078455,1.3229839213500998,第4天,567
False,both,False,False,9.80668511762994,0.755051233028398,第5天,568
False,both,False,False,13.21427823752839,0.748167007153747,第1天、第5天,569
False,traffic,True,False,13.795036012065886,0.0,第4天,570
True,none,True,True,6.6699558002936605,0.3913110110410364,无,571
False,queue,False,True,6.437829604656236,4.634170303055869,第5天,572
False,both,False,False,8.11327058677465,10.73385915948588,第1天、第5天,573
True,none,True,True,3.4863752288071854,2.2678507295011574,无,574
False,queue,False,True,3.876909925604629,2.823621606874991,第3天,575
False,queue,False,True,4.124587681546268,4.394921992818564,第5天,576
False,both,False,False,6.605504912240677,4.077047667783194,第2天、第3天、第5天,577
False,queue,False,True,3.6304631544810775,6.920498469805697,第5天,578
False,queue,False,True,13.531198667844027,3.1717928433164384,第4天、第5天,579
False,queue,False,True,5.489326023402585,8.138977765330274,第5天,580
False,both,False,False,14.681867064732282,1.0392520690565217,第3天、第5天,581
False,queue,False,True,12.284650230846605,2.989943164031259,第3天、第5天,582
False,queue,False,True,7.58315540291922,2.3438983079506213,第5天,583
False,queue,False,True,7.3286109569949165,3.6234538953639497,第2天、第3天、第5天,584
False,both,False,False,10.011741543047407,3.5979240789373947,第4天、第5天,585
False,both,False,False,9.067250638253977,6.266307068894077,第3天、第5天,586
True,none,True,True,2.2939178524558743,3.6215754861224374,无,587
False,queue,False,True,6.608460479636886,4.425449408282713,第3天、第5天,588
False,both,False,False,5.694274249734221,3.0505198786258436,第5天,589
False,queue,False,True,2.9071856430141767,6.765397728518,第5天,590
True,none,True,True,2.139167234613341,4.645191750559956,无,591
False,queue,False,True,9.638527017331345,3.621956728720745,第5天,592
True,none,True,True,4.793981714174057,1.584480198695791,无,593
False,both,False,False,12.24843946542508,1.3211423744039252,第5天,594
False,both,False,False,11.105370056198081,5.626432935780881,第1天、第3天,595
True,none,True,True,5.690234894073651,0.0,无,596
False,queue,False,True,9.933363264767443,1.7722300483047897,第4天、第5天,597
False,traffic,True,False,11.72173130576801,0.0,第3天,598
False,queue,False,True,10.445544125578927,0.0,第5天,599
False,both,False,False,12.804471316518239,5.093957284771659,第2天、第5天,600
False,both,False,False,8.064014597646347,6.526155014818364,第3天、第5天,601
False,both,False,False,9.001218819246544,5.157008197416571,第1天、第4天、第5天,602
False,queue,False,True,9.226932022665547,0.7595486225357577,第2天、第3天、第5天,603
False,both,False,False,14.156868007735545,2.1331183804445066,第4天,604
False,queue,False,True,5.181689554881455,0.0,第5天,605
False,both,False,False,9.901458809775011,3.544668063553265,第2天、第3天,606
False,queue,False,True,9.462484851060104,3.362403848058035,第4天、第5天,607
False,queue,False,True,4.6116852914532664,0.978937727673221,第5天,608
False,queue,False,True,3.1409432042374785,6.6939386861486145,第2天、第5天,609
False,queue,False,True,8.017025241312261,2.1879574980896113,第5天,610
True,none,True,True,7.722821860689393,3.519999326846766,无,611
False,both,False,False,8.35589429460659,4.08523002676336,第5天,612
False,queue,False,True,3.839354120908754,0.8672398911646273,第4天,613
False,queue,False,True,6.611772193973735,6.169112119042168,第3天、第4天、第5天,614
False,both,False,False,6.221416278501588,4.216578931771952,第2天、第5天,615
False,queue,False,True,7.148721312115601,3.8653773313980415,第5天,616
False,both,False,False,4.828083203640489,2.963482454028103,第2天、第5天,617
False,queue,False,True,7.511232308618885,3.421049412546954,第3天、第5天,618
True,none,True,True,1.1108433301228944,0.6128760879084512,无,619
False,traffic,True,False,6.981721128061188,0.0,第5天,620
False,both,False,False,7.428241305454986,4.225616961725092,第4天、第5天,621
True,none,True,True,1.053406408867082,0.0,无,622
False,both,False,False,13.62023426148709,0.9921148508196268,第5天,623
False,both,False,False,9.316849775032319,1.2203204755619244,第2天,624
False,queue,False,True,4.016995085278747,0.4436951480113931,第5天,625
False,queue,False,True,7.000836169234583,0.48677227857539307,第4天,626
True,none,True,True,4.948807948891564,2.642131330813754,无,627
False,queue,False,True,1.8448885136997226,4.840076868970776,第5天,628
False,both,False,False,7.580515753247948,8.964593434837418,第2天、第5天,629
False,both,False,False,7.112876166197353,3.6858094192034487,第5天,630
False,both,False,False,9.695414272255212,4.846751194879889,第1天、第5天,631
False,queue,False,True,1.2860932844330897,7.284520297979974,第5天,632
False,both,False,False,16.894693769286285,2.162743285319568,第3天、第4天、第5天,633
False,both,False,False,9.159350088966361,2.520670948403758,第3天、第5天,634
False,both,False,False,9.563071584708847,3.4795534276507265,第2天、第5天,635
False,both,False,False,11.04152571946826,2.1248344403412123,第5天,636
False,queue,False,True,4.320149295531323,5.448944895259244,第5天,637
False,queue,False,True,2.3949837293180463,3.2092644877536034,第5天,638
False,traffic,True,False,14.174802993046091,0.9655385496783909,第4天,639
True,none,True,True,4.838683895093132,6.366985686099923,无,640
False,queue,False,True,6.829526626152031,3.3934580456792487,第5天,641
False,queue,False,True,4.4913120761238785,0.4058811334129169,第5天,642
False,queue,False,True,14.157589681807679,1.9221244261284693,第5天,643
True,none,True,True,5.178508366363527,0.0,无,644
False,queue,False,True,2.4844810994472835,6.704915364605261,第5天,645
False,queue,False,True,8.650467592544356,1.134489176095132,第3天、第5天,646
False,traffic,True,False,10.437097729264881,2.4759869627922906,第5天,647
True,none,True,True,2.7528056748798173,0.9804421193012455,无,648
False,both,False,False,8.004165916449331,5.420727405254321,第3天、第5天,649
False,queue,False,True,8.152587785034996,0.7093306646138865,第5天,650
False,queue,False,True,5.2612395247860135,3.0639864826635277,第5天,651
False,both,False,False,11.048819495233854,1.7719853062415096,第2天、第5天,652
False,queue,False,True,6.24343882797301,2.0952274280105194,第5天,653
False,queue,False,True,9.093611510738702,1.2499839008899991,第5天,654
False,queue,False,True,8.559635579220519,0.035973977747597585,第5天,655
False,queue,False,True,8.859707675031194,1.2747139841261814,第5天,656
False,both,False,False,4.60857649811509,6.163636246996052,第2天、第5天,657
True,none,True,True,12.706076834264998,0.0,无,658
False,queue,False,True,0.7117273163623883,5.460854712977623,第5天,659
False,traffic,True,False,8.710550401855494,3.2082248368840047,第5天,660
False,both,False,False,11.551568436482032,3.863638447533781,第1天、第2天、第5天,661
False,both,False,False,21.54714903113051,1.9661596184374077,第2天、第3天、第5天,662
True,none,True,True,2.5934134012032732,3.2374500607924066,无,663
False,queue,False,True,5.461665705290498,4.596588275817407,第5天,664
False,queue,False,True,5.499442408322685,4.2538689864908745,第5天,665
False,queue,False,True,4.929535399915484,2.879952065379338,第5天,666
False,both,False,False,13.971012206141502,3.9608891563138657,第1天、第2天、第3天、第5天,667
False,both,False,False,9.89411679185494,5.4041810405538,第5天,668
False,queue,False,True,7.399503488349546,4.252590653348063,第2天,669
True,none,True,True,3.793137080385815,1.0025769074624857,无,670
False,both,False,False,11.860441178138858,2.0964168310775095,第1天、第2天,671
False,both,False,False,8.212318147939792,5.412025156041773,第5天,672
True,none,True,True,9.266369217161415,0.0,无,673
True,none,True,True,2.345373475719478,1.3283909659655937,无,674
False,both,False,False,2.711114439805078,8.418134153233424,第2天、第5天,675
False,both,False,False,9.673492781860936,1.889904276548092,第3天、第5天,676
False,both,False,False,11.280227221330655,1.6210686307038586,第2天、第5天,677
False,both,False,False,6.510702266173718,5.045634693918364,第1天、第5天,678
False,both,False,False,6.196849049835163,7.469315863230006,第4天、第5天,679
False,both,False,False,15.194000960408086,3.3912690382018607,第1天、第5天,680
False,both,False,False,12.416471341522424,1.3581695224801416,第2天、第4天、第5天,681
False,queue,False,True,2.9567981327869903,2.395833076800592,第5天,682
False,both,False,False,15.07926486592485,0.0,第2天、第5天,683
False,queue,False,True,5.184259683692803,4.248976421421008,第5天,684
False,queue,False,True,6.718922455619461,4.181374811692441,第4天、第5天,685
False,both,False,False,7.426839218785107,7.281893938129869,第2天、第5天,686
False,traffic,True,False,8.264569764224234,0.785673764538722,第5天,687
False,both,False,False,12.005217606115243,1.66403152063942,第4天,688
False,both,False,False,11.17077858878903,3.6723021918661543,第3天、第5天,689
False,queue,False,True,5.299555858498372,3.5092671842639955,第3天、第5天,690
False,queue,False,True,15.591755019508016,1.9562520839332171,第3天、第5天,691
False,queue,False,True,8.691365743565562,4.247587076388284,第4天、第5天,692
False,both,False,False,6.908875529652806,3.7521755159601415,第5天,693
False,both,False,False,8.560135189120665,2.271017087086825,第1天、第5天,694
False,both,False,False,9.49444595163895,5.443686830516237,第2天、第5天,695
False,queue,False,True,3.5013699065465183,1.170634246143468,第4天、第5天,696
True,none,True,True,0.0,2.167151935791864,无,697
False,both,False,False,16.79326852737262,7.2946261667251076,第1天、第5天,698
False,queue,False,True,8.62105694255972,1.5937556815461804,第5天,699
False,queue,False,True,2.5422657031054277,2.901571769443973,第5天,700
True,none,True,True,6.555144465324057,1.238555669723961,无,701
False,both,False,False,12.02113912044235,3.875046081919499,第2天、第5天,702
False,queue,False,True,8.25205024782636,5.822649039732504,第2天、第5天,703
False,both,False,False,8.8009753875088,3.494809465269301,第1天、第5天,704
False,both,False,False,8.852085077354133,0.5242975481546626,第2天,705
False,queue,False,True,0.0,3.0877734682847144,第5天,706
False,queue,False,True,8.132585376994875,3.47938964838854,第4天,707
False,queue,False,True,3.7737527146191896,6.782692609405432,第5天,708
False,both,False,False,9.066586523819984,1.1797539733384332,第2天,709
False,queue,False,True,0.0,6.604937128699076,第5天,710
False,queue,False,True,5.496800295443686,3.6747339542760376,第5天,711
False,both,False,False,12.113924609487256,4.943995382086614,第4天、第5天,712
False,both,False,False,11.54503315325622,5.498676816532849,第2天、第4天、第5天,713
False,both,False,False,6.582433720733773,3.323147800166988,第5天,714
False,both,False,False,11.308326496772166,0.6191533906682725,第5天,715
False,both,False,False,16.501474854324005,5.297820302916302,第1天、第3天、第4天、第5天,716
False,queue,False,True,0.6024169226237929,3.4980841993013287,第5天,717
False,queue,False,True,2.77823117787475,6.183217171634443,第5天,718
False,both,False,False,13.22685460724891,4.0630633723920795,第2天、第3天,719
False,both,False,False,9.703686523402379,9.316821383898183,第1天、第3天、第5天,720
False,queue,False,True,1.3948208041587975,3.5259139182621118,第5天,721
False,both,False,False,12.328358758541356,2.631657637515981,第1天、第5天,722
False,both,False,False,11.690722549376002,0.0,第2天、第3天,723
False,both,False,False,8.665774887765501,1.2322988570445916,第1天、第5天,724
False,queue,False,True,1.7736373090467055,5.92038908096483,第5天,725
False,queue,False,True,8.508577932600767,3.1514991190813975,第3天、第5天,726
False,queue,False,True,3.6994716900486737,4.243575551827131,第5天,727
False,both,False,False,11.335395130958027,3.7446518758560146,第4天、第5天,728
False,queue,False,True,8.524536167998916,2.905078720006931,第4天,729
False,both,False,False,14.383834342076677,0.0,第5天,730
True,none,True,True,5.254767782716415,1.5498589340409537,无,731
False,both,False,False,9.825767490744791,5.189175264253606,第2天、第4天、第5天,732
True,none,True,True,4.671940914851954,0.21408184145678877,无,733
True,none,True,True,1.1101538463432146,1.6247254826190165,无,734
False,queue,False,True,2.804454245204462,3.650859635267075,第5天,735
False,both,False,False,8.716276834449605,3.6227243539990495,第3天、第5天,736
False,both,False,False,15.521017154106021,3.521794314517984,第4天、第5天,737
False,both,False,False,10.874845350790403,5.369405267333866,第2天、第3天、第5天,738
False,both,False,False,3.7624960660296294,2.596468410702582,第5天,739
False,both,False,False,11.404813606741763,3.045434427227823,第4天、第5天,740
False,queue,False,True,5.97781289703261,2.2016420017433784,第5天,741
False,queue,False,True,0.0,7.234060399579896,第5天,742
False,queue,False,True,1.7985044612018057,0.7140315715138524,第5天,743
False,traffic,True,False,11.815546512115738,5.38141023137562,第1天、第5天,744
False,both,False,False,12.15448943185457,3.0210426235132166,第3天、第5天,745
False,traffic,True,False,5.980631985562205,3.740894545726704,第2天、第3天,746
False,both,False,False,8.8205414477739,1.567491087513015,第5天,747
False,queue,False,True,5.753514919152845,4.611943650263015,第3天、第5天,748
False,queue,False,True,4.531585347224474,4.896919685050397,第5天,749
False,queue,False,True,6.552025846846322,3.0487451943694994,第4天、第5天,750
False,queue,False,True,5.509908020185362,2.7641151154528565,第5天,751
True,none,True,True,3.8549551272920075,0.5558895687910363,无,752
False,queue,False,True,0.0,3.3603667982665253,第5天,753
False,queue,False,True,3.287643593462761,4.402656465851528,第5天,754
False,both,False,False,15.082969806249677,5.819484615220135,第1天、第2天、第5天,755
False,both,False,False,4.8077852482071775,8.328827878467678,第5天,756
True,none,True,True,3.6106326203653447,1.1967715966443286,无,757
False,queue,False,True,9.022941140928694,0.3115455810731995,第5天,758
False,queue,False,True,10.67831599836359,1.276726359001096,第5天,759
False,traffic,True,False,9.107354464744493,1.776887553611823,第2天,760
False,queue,False,True,3.5727249319445966,4.44976158052647,第5天,761
False,both,False,False,5.039479288653927,6.323433270385815,第5天,762
False,both,False,False,14.183419185209107,2.5099352120825555,第2天、第4天、第5天,763
False,both,False,False,5.512570812918016,7.443081954036497,第5天,764
False,both,False,False,6.491129544556148,4.305787779736832,第5天,765
False,both,False,False,14.456488095922298,3.4537500503679945,第5天,766
False,both,False,False,10.468890646829255,3.3239472014378655,第2天、第5天,767
False,both,False,False,7.473607777655292,4.279774372971634,第2天、第5天,768
False,both,False,False,14.742643791576178,0.8613168420354856,第3天、第5天,769
False,both,False,False,9.295547247637131,7.47456664836691,第3天、第5天,770
False,queue,False,True,9.377788370945487,3.086978542766053,第5天,771
False,both,False,False,8.563502337040932,3.280172222418392,第3天、第5天,772
False,queue,False,True,10.457893088367236,1.9865180363463044,第3天、第5天,773
False,both,False,False,6.210612325714475,6.720133594370545,第5天,774
False,both,False,False,8.025404913117073,6.986092038856842,第3天、第5天,775
False,queue,False,True,7.120540995423262,2.046144227585764,第5天,776
False,queue,False,True,4.056257733870894,3.1683997268252684,第5天,777
False,both,False,False,9.075306687399314,3.7750929592882647,第4天、第5天,778
False,both,False,False,6.681538145646195,3.755992234382436,第1天,779
True,none,True,True,8.993289576061834,1.8698627050303671,无,780
False,both,False,False,4.938638318762542,2.1100817625667316,第5天,781
False,both,False,False,10.013464200863151,2.76039206487248,第1天、第5天,782
False,both,False,False,5.906462611773801,6.066092175633211,第4天,783
False,both,False,False,6.2588922482548766,4.202184240804001,第2天,784
False,both,False,False,15.367679610262497,5.301528648989964,第1天、第5天,785
False,queue,False,True,3.8919054090426046,6.75933246019728,第2天、第5天,786
False,queue,False,True,7.779525269225887,2.5925094396944597,第4天、第5天,787
False,both,False,False,12.310039854787876,0.30345451549652525,第1天,788
True,none,True,True,6.402869054498842,4.1482569443059525,无,789
False,both,False,False,15.790731638217409,1.7784296617269066,第2天、第5天,790
False,queue,False,True,8.477636393169817,2.360096462889551,第5天,791
False,both,False,False,13.828460864626077,4.546378920068655,第1天、第2天、第5天,792
False,traffic,True,False,14.096573067651361,2.5684522837776633,第3天,793
False,both,False,False,8.464675409643354,5.003209831316592,第5天,794
False,queue,False,True,6.10490077841755,1.1592490103306452,第4天,795
False,both,False,False,10.812693238741693,1.6984246058979426,第4天、第5天,796
False,both,False,False,7.752753695795843,4.317986360283412,第5天,797
False,both,False,False,11.277279321125492,2.6361041930658757,第4天、第5天,798
False,both,False,False,8.86132752084617,4.6124409715900345,第3天、第4天、第5天,799
False,queue,False,True,9.360089415758921,0.0,第5天,800
False,both,False,False,14.922115969050013,4.501618867186413,第3天、第5天,801
False,queue,False,True,0.8038320121641286,1.7412970492468256,第5天,802
True,none,True,True,5.596704283094013,3.1121887256446694,无,803
False,both,False,False,7.8654784823547255,6.945306065206768,第4天、第5天,804
False,both,False,False,5.118381445622318,7.54944716015742,第1天、第5天,805
False,both,False,False,11.129828006286804,3.9489805872600146,第3天、第5天,806
False,queue,False,True,8.621302923633712,1.9044086771590922,第3天,807
False,queue,False,True,4.535742705991519,1.605813146150056,第4天,808
False,both,False,False,12.700088268177996,2.0402866014739276,第3天、第5天,809
False,both,False,False,8.796678283283605,2.5643950652440473,第3天、第5天,810
False,queue,False,True,1.4781978178560433,6.2355709207531715,第5天,811
False,queue,False,True,3.835221917768787,4.334530915983725,第5天,812
False,queue,False,True,5.64417199209721,0.49118078565682866,第5天,813
False,queue,False,True,2.17350876730926,4.416482067937356,第3天、第5天,814
False,queue,False,True,4.583458613462288,7.661986836483726,第5天,815
False,both,False,False,7.482943455205502,3.444814173362681,第2天、第5天,816
False,both,False,False,8.694297039092584,2.358845987130341,第4天、第5天,817
False,both,False,False,6.548483466206569,4.721035245043044,第5天,818
True,none,True,True,7.580170254488296,0.5759523366623673,无,819
False,queue,False,True,8.688605658182059,2.479039216728596,第4天、第5天,820
True,none,True,True,9.199581281677835,0.0,无,821
False,both,False,False,10.856878573661676,1.4150924782651961,第5天,822
True,none,True,True,6.813576379947095,2.279258992654718,无,823
False,queue,False,True,6.702383647348633,1.5793732586936398,第5天,824
True,none,True,True,1.2907650848037546,6.466937403118091,无,825
False,both,False,False,5.28475696020699,3.430266322378693,第3天、第5天,826
False,traffic,True,False,8.785017560284377,1.5721189021180852,第1天,827
False,queue,False,True,10.196909124643607,0.0,第4天,828
False,both,False,False,20.51866143148975,1.768330604985814,第2天、第4天、第5天,829
False,both,False,False,7.531683305429638,2.110613977871054,第5天,830
True,none,True,True,7.983550701580629,2.981638789605947,无,831
False,traffic,True,False,13.584654639006047,4.19459020681429,第2天、第3天,832
True,none,True,True,4.754882656093707,2.4036356891544743,无,833
False,queue,False,True,0.19764210502057433,4.2480739490592345,第5天,834
True,none,True,True,8.946048139155987,1.2469899315193476,无,835
False,both,False,False,14.203942288390024,2.919016722005207,第4天、第5天,836
True,none,True,True,7.693013749097165,3.714361014242912,无,837
False,traffic,True,False,17.02081134265182,1.6094735164504768,第3天,838
False,both,False,False,7.317286148121348,1.5638946794563533,第4天,839
False,both,False,False,6.616439425513596,6.703592842574717,第2天、第5天,840
False,queue,False,True,12.250416465079951,0.7062191571785489,第3天、第5天,841
False,queue,False,True,5.0270266799769665,8.846444400414327,第5天,842
False,both,False,False,9.758217866088202,1.6142138821414513,第4天、第5天,843
False,both,False,False,13.888256700899495,6.369759044470229,第2天、第5天,844
False,queue,False,True,7.462386561010342,3.21068084429354,第5天,845
False,both,False,False,11.559165641542444,4.311667580823108,第2天,846
False,both,False,False,4.580835373661582,6.36027375122533,第3天、第5天,847
True,none,True,True,2.61845521654083,3.025003769787277,无,848
False,both,False,False,9.645949728567558,1.9598691339418968,第5天,849
False,traffic,True,False,5.545473444192297,2.4566381107570607,第5天,850
False,both,False,False,15.700412254789466,0.9911672733606978,第3天、第4天、第5天,851
False,queue,False,True,4.974188368562477,1.9881411504430573,第5天,852
False,traffic,True,False,9.543191587954578,6.310266776644495,第2天,853
False,queue,False,True,1.4088482399914493,5.759645346103936,第5天,854
False,both,False,False,12.819548209205145,4.821074598449133,第4天、第5天,855
False,both,False,False,4.260862422100626,4.682168170417913,第5天,856
False,queue,False,True,6.19598094592631,4.636212921440581,第5天,857
True,none,True,True,2.485662960652512,2.906196844186784,无,858
True,none,True,True,3.175571633343911,1.553865298545849,无,859
False,both,False,False,16.506227196983502,0.34868133508621957,第4天、第5天,860
True,none,True,True,7.4254268416733,5.348507198483435,无,861
True,none,True,True,1.0897302178805013,4.6147926228971405,无,862
False,both,False,False,3.3959228686969514,8.35696161995801,第2天、第5天,863
False,queue,False,True,0.0,1.1572721364280156,第5天,864
False,both,False,False,5.741414913610061,1.5551134754520621,第4天、第5天,865
False,queue,False,True,5.826306609514475,3.093740251945091,第5天,866
False,queue,False,True,7.837897384187917,4.029343958044196,第5天,867
False,both,False,False,15.619900969125588,6.005641483700622,第2天、第5天,868
False,both,False,False,13.201622055513285,4.31791861402247,第1天、第3天,869
True,none,True,True,3.5104004389959447,0.0,无,870
False,queue,False,True,9.280102400109088,3.8264435326801385,第5天,871
True,none,True,True,5.925037639109971,3.022633920936502,无,872
False,both,False,False,14.858627386075883,2.8967327917075356,第2天、第4天、第5天,873
False,both,False,False,12.439554158245352,5.111229030975723,第1天、第5天,874
False,both,False,False,9.30486119430199,8.08315961730704,第4天、第5天,875
False,both,False,False,6.221379024245708,9.27800163089503,第5天,876
False,queue,False,True,4.423562923876137,5.825840195140447,第5天,877
False,both,False,False,11.533988800115825,4.535965005053681,第1天、第4天、第5天,878
True,none,True,True,8.771281110225154,4.2821585262204,无,879
False,queue,False,True,9.078514273566588,3.180057083834461,第5天,880
False,traffic,True,False,4.744681439653522,2.507773337298863,第5天,881
False,queue,False,True,7.722169625864608,1.736655688987641,第5天,882
False,both,False,False,8.845293901380145,6.190178806022843,第1天、第5天,883
False,both,False,False,15.884875647838498,0.44020977741925915,第1天、第2天、第4天、第5天,884
False,queue,False,True,11.248321987812606,0.0,第2天,885
False,both,False,False,12.465932514208939,8.997902662600076,第3天、第4天、第5天,886
False,both,False,False,9.144027728692178,0.0,第4天、第5天,887
False,both,False,False,4.608293030046168,2.68425521439084,第4天,888
False,queue,False,True,0.22329385706149768,4.229036112915564,第5天,889
False,traffic,True,False,5.087069551020328,3.7647487494847716,第1天,890
False,queue,False,True,2.9887460668785373,3.2542056934202472,第5天,891
False,both,False,False,6.510177195057668,4.582626645033686,第5天,892
False,queue,False,True,2.9906862326494323,5.783625148432862,第5天,893
False,both,False,False,7.247961962560936,5.655594009164145,第5天,894
False,queue,False,True,6.332659089432552,5.243128330486973,第5天,895
False,both,False,False,10.072662050416419,1.6559394583498253,第1天、第5天,896
False,queue,False,True,9.240556855580918,4.1362262466602955,第2天,897
False,queue,False,True,5.811930093492197,2.4940809040427303,第5天,898
True,none,True,True,0.5080098813349929,2.0982760552059645,无,899
False,both,False,False,5.916395952204356,2.36619862781306,第5天,900
False,both,False,False,7.228703186698926,4.8622580358655005,第2天、第5天,901
False,queue,False,True,2.4127088521993487,3.397126017070195,第5天,902
False,queue,False,True,11.12589090709072,6.156432553469066,第3天、第4天、第5天,903
False,queue,False,True,8.50303258259111,1.4654258699813965,第5天,904
False,queue,False,True,2.9112159641733424,3.839104167999571,第5天,905
False,both,False,False,13.747610375491858,4.985460374208767,第5天,906
True,none,True,True,3.184463068298012,3.5341394142386022,无,907
False,queue,False,True,0.0,5.525486894879835,第5天,908
False,queue,False,True,7.204184354000089,4.209218527727229,第5天,909
False,both,False,False,13.195087033911769,2.3807047840864444,第5天,910
False,both,False,False,15.48498948448924,6.4013376670453965,第1天、第5天,911
False,both,False,False,10.048202814820359,0.6191482588471025,第4天、第5天,912
False,both,False,False,6.9303452550927815,3.7762200377612705,第2天、第5天,913
True,none,True,True,5.311514370983658,2.809417396778889,无,914
True,none,True,True,5.058947913563488,0.0,无,915
False,both,False,False,9.985128384135646,3.2229054187017,第3天、第4天,916
False,queue,False,True,11.505573631253187,1.0798867496037041,第5天,917
False,both,False,False,20.008092751116887,1.4361753913919517,第2天、第3天、第4天、第5天,918
False,queue,False,True,1.4126487644838384,8.456589992991903,第5天,919
False,both,False,False,5.570447773426691,5.02217650132928,第3天、第5天,920
False,both,False,False,8.869768837143507,5.243297569599696,第5天,921
False,both,False,False,9.610123489745614,4.111440293283665,第4天、第5天,922
True,none,True,True,4.065480813189665,2.785335328739896,无,923
False,both,False,False,6.280386002359718,5.530985484633641,第5天,924
False,queue,False,True,1.0533465705489644,6.122794918561587,第5天,925
False,both,False,False,8.186459532522267,4.9264409413225145,第1天、第5天,926
False,both,False,False,9.817504629835327,2.0718704842653164,第5天,927
True,none,True,True,1.1240541063966716,2.628029234249416,无,928
False,queue,False,True,9.264459047886266,1.7417262913787992,第3天,929
False,queue,False,True,8.549336165108368,5.378942418064243,第5天,930
False,queue,False,True,3.770751639269422,4.419722377640491,第2天,931
False,queue,False,True,6.07250969176637,1.2990607292017042,第2天,932
False,both,False,False,5.320899470218557,3.889880252552155,第4天,933
False,queue,False,True,5.1638030096324306,3.4557583754513486,第4天、第5天,934
False,both,False,False,12.281050016629047,5.430800908556397,第2天、第5天,935
False,traffic,True,False,11.33532413946092,5.185089411935945,第3天,936
False,both,False,False,7.527321419902392,2.8584684447527744,第2天、第4天、第5天,937
True,none,True,True,5.457495142893273,2.834912345402222,无,938
False,both,False,False,6.19775968241067,6.902253980462517,第1天、第3天、第5天,939
True,none,True,True,0.5691324880246561,1.845236209449425,无,940
False,queue,False,True,4.033585837458192,5.439208100509491,第5天,941
False,traffic,True,False,7.4024586518556985,1.480968171157084,第3天,942
False,both,False,False,10.869602520717606,3.5515137308957634,第2天,943
False,both,False,False,3.711908319315354,1.9201583008094691,第2天,944
True,none,True,True,9.234008244226182,6.044187573460871,无,945
False,queue,False,True,1.6305273639236402,1.0815605348100124,第5天,946
False,traffic,True,False,6.537562812885778,2.3567394939093385,第3天,947
False,both,False,False,13.453218209203307,6.321274205921949,第3天、第4天、第5天,948
False,queue,False,True,7.274558334156014,1.8106961486265243,第5天,949
False,both,False,False,5.44365808889441,4.957401470761112,第5天,950
False,both,False,False,7.536043164145643,7.003589448975432,第5天,951
False,both,False,False,9.477146339583946,7.5280617412574,第2天、第3天、第4天、第5天,952
False,traffic,True,False,8.400894207853604,1.9563263546904297,第1天,953
True,none,True,True,9.527765377381353,3.7337535717456367,无,954
False,both,False,False,14.93072043937409,3.8538468003002126,第2天、第3天、第4天、第5天,955
False,queue,False,True,6.122788453792225,5.601049547583187,第4天、第5天,956
False,both,False,False,3.349913110219111,6.689260910815037,第5天,957
False,both,False,False,15.552214933806788,6.431993484459909,第1天、第2天,958
False,both,False,False,6.773945773372148,2.185428155261656,第2天,959
False,both,False,False,11.525271850524064,0.6392725216279307,第2天,960
False,both,False,False,14.872148669279081,2.4493390903959513,第2天、第5天,961
False,both,False,False,10.590575286567793,1.4213309553014914,第5天,962
False,both,False,False,15.788339226138238,8.93366774827038,第1天、第3天、第5天,963
False,both,False,False,7.284247594094656,6.1249874993238915,第1天、第4天、第5天,964
False,both,False,False,19.62360696740762,1.9453106004494245,第3天、第4天、第5天,965
False,traffic,True,False,9.681787113499249,2.1379897558630745,第3天,966
False,queue,False,True,7.721069794005206,7.858868656543429,第2天、第3天、第5天,967
True,none,True,True,10.747303031630501,2.869416525122104,无,968
False,queue,False,True,11.780197779079131,4.882041124246221,第5天,969
False,both,False,False,3.376910897785892,9.56585946630744,第1天、第5天,970
True,none,True,True,6.6891407966263845,1.6739913342402897,无,971
False,queue,False,True,7.660233407211756,1.7794502230361247,第5天,972
True,none,True,True,3.4259464923974563,2.7152291414454406,无,973
False,queue,False,True,1.0829080856061843,3.2409959564872555,第5天,974
False,both,False,False,7.709746090290082,7.127171591260383,第4天、第5天,975
False,queue,False,True,5.702128423231382,3.418615997157843,第5天,976
False,both,False,False,11.249747833393291,4.684000950820554,第2天、第4天、第5天,977
False,both,False,False,11.03702201484304,2.3479127528036123,第2天、第5天,978
False,both,False,False,4.345803405098605,9.745899295137837,第5天,979
True,none,True,True,6.599029852479181,1.891994503270773,无,980
False,both,False,False,8.996027271033732,4.5889212223860945,第5天,981
False,both,False,False,11.869679784997253,3.4536419035987587,第2天、第4天,982
False,queue,False,True,4.554892731919581,5.436383648344353,第5天,983
False,both,False,False,11.214526869829562,1.6853340202151563,第2天、第5天,984
False,both,False,False,4.998827823879018,4.817258116690352,第2天、第4天、第5天,985
False,both,False,False,8.305934108058214,4.124357013248197,第5天,986
False,queue,False,True,4.517273950387818,4.128292469348234,第4天、第5天,987
False,queue,False,True,4.826870627894919,5.666170481317305,第5天,988
False,both,False,False,9.887498505305187,2.8465516875713597,第2天、第5天,989
False,queue,False,True,6.523967566156494,2.6769012672634878,第5天,990
True,none,True,True,8.107940304573876,2.360802300242297,无,991
False,queue,False,True,3.7171476655999434,4.331273613269325,第5天,992
False,both,False,False,9.089987331581398,0.0,第5天,993
True,none,True,True,0.0,5.8672279650768475,无,994
False,both,False,False,10.95719989783588,1.4215443061207536,第2天、第4天、第5天,995
True,none,True,True,10.53460246473054,3.3453875224245677,无,996
True,none,True,True,2.3784048458049085,2.154797034559303,无,997
True,none,True,True,8.826190308679282,0.0,无,998
False,both,False,False,9.801099003296692,4.385189401613204,第3天、第5天,999
False,queue,False,True,5.937345617723919,1.3345219934947534,第5天,1000
False,queue,False,True,6.1408552446426725,6.085619389226524,第5天,1001
False,both,False,False,13.356376024535164,4.88735013623443,第2天、第4天、第5天,1002
False,queue,False,True,9.612676878825223,0.6078776957870351,第2天、第5天,1003
True,none,True,True,0.9250243690327145,2.559589429519214,无,1004
False,queue,False,True,9.553512530911616,1.7501568031746775,第4天,1005
False,both,False,False,13.426328039276818,5.79606896457955,第1天、第3天、第5天,1006
False,queue,False,True,3.2746676923287357,3.5344269817550122,第5天,1007
False,both,False,False,12.142207410986897,0.08162744267465905,第2天、第5天,1008
True,none,True,True,4.039794057389099,0.9748398071486538,无,1009
False,both,False,False,8.672073869846667,0.9786593277095839,第5天,1010
False,queue,False,True,8.050039737899082,1.0882506729408394,第5天,1011
False,queue,False,True,4.715191660970143,7.063121605025143,第5天,1012
False,both,False,False,7.239785766236138,3.702624069067223,第4天、第5天,1013
True,none,True,True,6.066652826419148,0.663551602386727,无,1014
False,both,False,False,17.836469861793027,2.376648980536448,第2天、第3天、第5天,1015
False,both,False,False,8.867094596316537,2.6548899098264176,第2天、第4天、第5天,1016
False,both,False,False,8.457553983811726,4.955956823217077,第2天,1017
False,both,False,False,3.568119670985944,5.003093304491949,第4天、第5天,1018
False,both,False,False,11.538030383174565,6.529740986758646,第2天、第3天、第5天,1019
False,both,False,False,10.244232383870692,1.8305251963408409,第1天、第5天,1020
False,queue,False,True,2.742288831963257,4.502119090046404,第5天,1021
False,both,False,False,7.599862783537851,2.9454867858825238,第2天,1022
False,queue,False,True,6.809757381172281,2.8525826267888665,第5天,1023
False,queue,False,True,3.5278416802449772,2.450353440369069,第5天,1024
False,queue,False,True,0.5289442232446282,4.688631973079991,第5天,1025
False,both,False,False,13.185813041580744,0.6917654840658409,第2天、第4天,1026
False,both,False,False,6.029179400169115,8.31013114336633,第1天、第5天,1027
False,both,False,False,12.158203662486978,2.1995426691690576,第5天,1028
False,both,False,False,11.260445297017442,5.192297267076434,第2天、第3天、第4天、第5天,1029
True,none,True,True,2.8796326055635606,5.464577251776792,无,1030
False,both,False,False,15.138039757665219,3.1918300679862,第3天、第4天、第5天,1031
False,both,False,False,12.101666532578118,3.087554148179853,第2天、第5天,1032
False,queue,False,True,4.009451159788844,5.541877411880818,第5天,1033
False,both,False,False,10.742533185926662,6.2397221060956385,第1天、第2天、第5天,1034
False,both,False,False,11.010051069926465,5.937153635617705,第1天、第3天、第4天,1035
False,queue,False,True,3.469851125673141,5.627133632542209,第5天,1036
False,both,False,False,4.956992576223305,6.603798696882583,第2天、第3天、第5天,1037
False,both,False,False,4.826215082537663,3.045995577386287,第2天,1038
False,both,False,False,11.04733153131045,2.95838058524045,第4天、第5天,1039
False,both,False,False,3.578867802120539,8.019888147414413,第5天,1040
False,both,False,False,9.214301631331804,4.732110765045677,第3天、第5天,1041
False,queue,False,True,4.939426367197221,5.610219286960286,第5天,1042
False,queue,False,True,3.1086279134827324,2.4567938218302916,第5天,1043
False,both,False,False,10.329943660703972,2.262615675175933,第3天、第5天,1044
False,queue,False,True,3.4725044507783807,6.171925652251106,第5天,1045
False,both,False,False,9.96546807944014,2.735447664942585,第2天、第5天,1046
False,both,False,False,8.91591397286731,3.852286619288023,第2天,1047
False,both,False,False,12.00312350926039,2.8585053899694444,第4天、第5天,1048
False,both,False,False,6.9239005915934015,5.210764371635816,第1天、第5天,1049
False,queue,False,True,6.852658898438594,5.011376869970862,第5天,1050
False,both,False,False,15.461877076278512,3.44725203746866,第2天、第5天,1051
True,none,True,True,5.097722696550704,3.615788341223668,无,1052
False,queue,False,True,5.118371320668284,6.133714604385775,第3天、第5天,1053
True,none,True,True,4.589988210805462,3.9926349049274537,无,1054
True,none,True,True,3.7599898050468856,2.759834209761987,无,1055
False,queue,False,True,5.969021263743579,3.464833737923402,第5天,1056
False,both,False,False,7.253964299501865,6.217436639996928,第5天,1057
False,queue,False,True,3.8441198598058754,1.4927343462897489,第5天,1058
False,queue,False,True,3.7322304809337346,6.05731259599197,第3天、第5天,1059
False,traffic,True,False,9.415370617823136,2.256853498726321,第1天,1060
False,queue,False,True,5.588794072801997,0.0,第3天,1061
False,queue,False,True,4.591911278993441,3.1636766723302405,第5天,1062
False,queue,False,True,10.701315766188909,4.149454735366139,第4天,1063
False,both,False,False,5.53021146434982,6.249732830185785,第1天、第5天,1064
False,both,False,False,9.230190932933219,2.312829318991964,第4天、第5天,1065
False,queue,False,True,4.694290798273919,4.24733075267261,第5天,1066
False,queue,False,True,4.9034851276454035,3.4128573983209254,第3天,1067
False,queue,False,True,3.6192412118496744,5.105143339936342,第5天,1068
False,traffic,True,False,8.412741152595482,2.8788344613380503,第5天,1069
False,both,False,False,11.960204388040957,2.700355330568862,第5天,1070
False,queue,False,True,4.012365081473117,4.551515299007031,第5天,1071
True,none,True,True,2.41494748753154,4.978451465241163,无,1072
False,queue,False,True,5.890601436694698,6.0250750005295775,第5天,1073
False,queue,False,True,8.02108825761129,1.82501116093311,第5天,1074
True,none,True,True,6.320875809296077,0.5797860273206572,无,1075
False,queue,False,True,5.819430108682703,0.9471146170746542,第5天,1076
False,both,False,False,10.833322018364841,7.909728237606624,第2天、第5天,1077
False,both,False,False,11.708261088661413,0.6333106047865984,第5天,1078
False,queue,False,True,7.881052418460913,0.6404467344654456,第5天,1079
False,traffic,True,False,7.7934101218621095,1.1150223798904657,第2天,1080
False,both,False,False,11.414997893909947,3.8861774429079494,第3天、第4天,1081
True,none,True,True,3.5756029465380825,1.1457869308796547,无,1082
False,queue,False,True,5.746763654334662,3.250240645609355,第5天,1083
True,none,True,True,4.375457834903472,2.8079387432350744,无,1084
True,none,True,True,8.363784548685038,0.5071917361158451,无,1085
False,queue,False,True,4.589112678113581,6.011095201047738,第5天,1086
False,both,False,False,11.354159028482897,2.6332537922319332,第2天、第5天,1087
True,none,True,True,4.327499813210208,1.519884977793769,无,1088
False,traffic,True,False,7.2160603712679805,1.8950862958984942,第1天,1089
False,queue,False,True,6.172612321300017,2.980210537817866,第4天,1090
False,queue,False,True,6.03908064058955,2.5412988166886494,第5天,1091
False,both,False,False,6.769125508042579,5.957383319777628,第1天、第5天,1092
False,queue,False,True,0.0,5.102085059701304,第5天,1093
False,queue,False,True,3.9248721068194627,3.724053765449329,第3天、第5天,1094
False,both,False,False,4.757259927405707,4.524389772178372,第5天,1095
False,both,False,False,15.457393133738497,3.985777626051042,第3天、第5天,1096
True,none,True,True,6.365493995597487,4.163577495478086,无,1097
True,none,True,True,5.345024102970591,4.773740832016811,无,1098
True,none,True,True,3.6394594953350814,0.7245114320385335,无,1099
False,both,False,False,8.998237726723595,3.1582824528452056,第1天、第4天,1100
False,queue,False,True,7.578810271505626,4.244968017059735,第4天,1101
False,queue,False,True,4.261502663813109,2.0875999896476367,第5天,1102
False,both,False,False,7.64432616240924,2.4546152141527093,第2天、第5天,1103
False,queue,False,True,7.956104034774473,2.0787574676759126,第5天,1104
False,both,False,False,7.611955071913052,2.910757053889758,第3天、第5天,1105
False,both,False,False,8.902237391821643,8.130674373663274,第3天、第5天,1106
False,both,False,False,8.892446670837229,5.889459123923486,第4天,1107
False,both,False,False,9.987654190126602,4.546232073449894,第2天、第5天,1108
False,queue,False,True,10.278991160044402,0.0,第2天、第4天,1109
False,both,False,False,10.688253507762813,7.857172716594324,第1天、第4天,1110
False,both,False,False,3.9653744317729673,8.190690129983794,第2天,1111
False,both,False,False,10.937969865635303,3.0806462828131362,第2天、第5天,1112
False,queue,False,True,5.221550327904594,8.773387691558185,第5天,1113
False,both,False,False,7.667742096843351,6.045436653044123,第5天,1114
False,queue,False,True,0.0,5.023384966925571,第5天,1115
False,queue,False,True,8.073791239269692,2.8201946058612246,第3天、第4天,1116
False,queue,False,True,3.850257321347824,3.287283833141049,第5天,1117
False,both,False,False,7.119129999498718,2.0891461898429053,第2天、第5天,1118
False,both,False,False,9.977886086083867,2.816361640229708,第1天、第5天,1119
False,both,False,False,7.072514851559024,7.80836045077003,第3天、第5天,1120
False,both,False,False,10.692542671493655,5.586853020415935,第2天、第5天,1121
False,both,False,False,10.286942001170821,5.173330963540101,第5天,1122
False,both,False,False,15.644093758303846,6.962996995756356,第2天、第3天、第4天、第5天,1123
True,none,True,True,1.5660773387738727,4.1420129256868545,无,1124
False,both,False,False,7.706967306223314,9.363437441416517,第3天、第5天,1125
True,none,True,True,7.261583941245309,2.3688750332601027,无,1126
False,both,False,False,14.290325437211129,2.6794792346730194,第5天,1127
True,none,True,True,10.02580892982252,1.0398291724648723,无,1128
False,both,False,False,2.196762521422097,10.632269424000233,第5天,1129
False,queue,False,True,5.860355509911869,2.9602730092762126,第5天,1130
False,queue,False,True,8.70990809973901,3.3479312981899243,第5天,1131
False,queue,False,True,9.002574475432098,0.8151348380596528,第3天、第5天,1132
False,both,False,False,10.375433085545499,4.490494303459618,第2天、第5天,1133
False,both,False,False,8.87550534521506,9.825420154737392,第1天、第5天,1134
True,none,True,True,4.5405103415188215,2.959437468587345,无,1135
False,both,False,False,5.850760796244326,4.112311739900541,第5天,1136
False,both,False,False,13.553039306404024,2.158662730117338,第5天,1137
False,queue,False,True,2.5745232350817413,0.0,第5天,1138
False,both,False,False,7.40903810472599,7.883831991639544,第1天、第5天,1139
False,queue,False,True,9.81696852454569,2.7365534575103148,第4天、第5天,1140
False,queue,False,True,10.851442849170216,1.4254137972638152,第5天,1141
False,queue,False,True,1.1966702936573697,4.162158436671201,第5天,1142
False,queue,False,True,1.4943675729706163,7.846858322800387,第4天、第5天,1143
False,queue,False,True,4.328173334680397,6.601087396432808,第5天,1144
False,both,False,False,8.84491968954347,5.259918763326496,第2天、第5天,1145
True,none,True,True,9.614549270829759,4.228057522630738,无,1146
False,both,False,False,7.013051057598272,5.834419213432733,第2天、第5天,1147
False,queue,False,True,8.026625328964927,4.824465281516803,第5天,1148
True,none,True,True,8.660467470867465,2.8421577824499624,无,1149
False,traffic,True,False,7.328049359306995,1.4261351242435256,第1天,1150
True,none,True,True,2.7330035041583463,1.4605909551382463,无,1151
False,both,False,False,3.9027935807261396,2.312912036404571,第5天,1152
False,both,False,False,7.874261736013898,5.369556912038837,第3天,1153
False,queue,False,True,5.657318476190956,3.8571460654617615,第3天,1154
False,both,False,False,8.69532106454924,2.419932216001171,第1天、第5天,1155
False,both,False,False,8.542699779017584,3.4601115785467096,第3天、第5天,1156
False,queue,False,True,8.642164610799048,2.0931561809178856,第4天、第5天,1157
True,none,True,True,0.0,3.260252081362436,无,1158
False,both,False,False,15.824403840577503,4.75697858285229,第1天、第3天、第4天,1159
False,queue,False,True,4.1616455514123745,6.407390024820204,第4天、第5天,1160
False,both,False,False,7.786880082385539,8.503255325966414,第2天、第5天,1161
False,both,False,False,11.714368670980347,3.5814429292106738,第4天、第5天,1162
False,both,False,False,14.367602269969074,5.404428002092439,第2天、第4天、第5天,1163
False,both,False,False,6.736012450237158,7.716507656758653,第4天、第5天,1164
False,queue,False,True,6.671470976805409,2.4429461158684735,第5天,1165
False,both,False,False,5.432893849202992,4.616132018408829,第3天、第5天,1166
True,none,True,True,4.185570231822048,2.4436259235578124,无,1167
True,none,True,True,5.550274124026876,0.0,无,1168
False,queue,False,True,7.860428253744959,5.643940977977253,第5天,1169
False,queue,False,True,5.006362636288221,3.465118714401847,第5天,1170
False,both,False,False,7.621789325369843,1.6719951761302805,第2天、第5天,1171
False,both,False,False,10.811769342770033,2.3198097018017303,第2天、第4天、第5天,1172
False,traffic,True,False,5.029163863470333,5.028766042330224,第4天,1173
False,queue,False,True,9.9621697341447,1.7976253297452245,第3天,1174
False,queue,False,True,5.322121356880546,7.611648926953844,第5天,1175
True,none,True,True,2.8632213810271114,1.6453247343544044,无,1176
False,queue,False,True,8.963644883502226,2.27592466024701,第5天,1177
False,queue,False,True,9.420990216397579,3.0742919897984917,第4天,1178
False,queue,False,True,7.527282220304306,4.346629172161146,第4天、第5天,1179
False,queue,False,True,7.2817065579697235,3.0423771508180453,第5天,1180
False,queue,False,True,5.822714941447663,5.926497807817704,第3天、第5天,1181
False,queue,False,True,2.834889598853131,4.20398589210024,第4天,1182
False,both,False,False,4.406909036833604,6.6601034582917995,第1天、第5天,1183
False,queue,False,True,6.23306383899097,3.844851755596017,第4天、第5天,1184
True,none,True,True,9.422925201593802,4.200297545451327,无,1185
False,queue,False,True,7.548066536724676,5.1613724861438985,第3天、第4天,1186
False,queue,False,True,8.536631172118803,2.3516300155534706,第5天,1187
False,both,False,False,7.741041831400033,1.1095655761870238,第5天,1188
False,both,False,False,8.21642104645695,3.204706137906533,第2天、第5天,1189
False,queue,False,True,5.216714550868943,6.764693557017733,第5天,1190
False,queue,False,True,6.583686511214729,1.8840606593283742,第5天,1191
False,both,False,False,8.501902459657504,5.587414769483917,第2天、第5天,1192
False,queue,False,True,6.812559676494376,4.455673580368744,第5天,1193
False,queue,False,True,4.080068097914525,3.0747228339015855,第5天,1194
False,both,False,False,8.16830445405602,4.634903460208125,第5天,1195
False,both,False,False,4.015714574521515,7.1568847714692145,第3天、第5天,1196
False,both,False,False,8.88776309725683,5.6832611855334045,第2天、第5天,1197
False,queue,False,True,7.960443739722268,5.08526434815948,第2天、第5天,1198
False,both,False,False,13.222404493592517,3.9518768634959285,第5天,1199
False,both,False,False,17.421946847062074,3.680455514683674,第2天、第4天、第5天,1200
False,queue,False,True,3.0290855913607024,3.5510868759784198,第5天,1201
False,queue,False,True,9.617190939689875,3.541365043255731,第3天、第5天,1202
False,queue,False,True,5.086744287684995,0.010276613844206195,第5天,1203
True,none,True,True,4.975951452506573,2.455781700809297,无,1204
False,both,False,False,4.655280186089439,4.975096312571853,第5天,1205
False,queue,False,True,7.7634669811666175,1.9114285272449698,第5天,1206
False,queue,False,True,4.867628052233165,3.447564677928121,第5天,1207
False,both,False,False,7.707169854759626,6.447581978051795,第2天、第5天,1208
False,both,False,False,4.769654059908623,8.19343865625649,第2天、第5天,1209
False,both,False,False,6.893901106856175,5.326767241684713,第4天、第5天,1210
False,queue,False,True,6.218005515006566,0.951878982744133,第5天,1211
False,queue,False,True,0.0,8.367015429845448,第5天,1212
False,queue,False,True,5.196336125396628,6.540599422025135,第4天、第5天,1213
False,queue,False,True,3.0882276852356156,5.526661202242648,第5天,1214
False,queue,False,True,6.30437751131484,3.811480820147027,第5天,1215
False,queue,False,True,8.503489147681474,4.074879710582363,第5天,1216
True,none,True,True,4.272781746761055,3.2659767174121908,无,1217
False,queue,False,True,7.184605058413813,4.278451528042167,第2天、第4天、第5天,1218
False,traffic,True,False,5.112136808806019,0.0,第4天,1219
True,none,True,True,0.0,0.8011344949848594,无,1220
False,queue,False,True,5.27720942080517,0.0,第5天,1221
False,both,False,False,6.9400936547935785,0.606841183670361,第5天,1222
False,both,False,False,6.451452720466499,5.491378317536633,第5天,1223
False,queue,False,True,7.431963336900663,1.0672781242717955,第4天,1224
False,both,False,False,12.711973402631068,4.8950785232443685,第1天、第5天,1225
False,both,False,False,2.6150818468867603,5.381936791041072,第5天,1226
False,both,False,False,10.492984177642288,7.584777473633492,第3天、第5天,1227
False,both,False,False,4.038174158390754,7.183144627681543,第2天、第5天,1228
False,both,False,False,10.487210416613456,3.4397771367632,第1天、第4天、第5天,1229
False,both,False,False,12.54097777055756,3.560255026250334,第5天,1230
False,queue,False,True,2.2210644259236556,4.776104465510912,第5天,1231
False,both,False,False,13.642148367857995,4.706582906415707,第3天、第5天,1232
False,queue,False,True,12.42258868576849,1.7786804822251419,第3天、第5天,1233
True,none,True,True,7.558441010027835,2.2339294284683597,无,1234
False,both,False,False,7.8446714672513576,5.546344930656959,第2天、第4天、第5天,1235
True,none,True,True,0.35354063086963433,6.674210361849689,无,1236
False,queue,False,True,8.91252813020343,3.147161952501775,第5天,1237
False,both,False,False,16.667436629287717,9.103474225564204,第2天、第4天、第5天,1238
False,both,False,False,11.108908050612929,6.947858627934472,第3天、第4天、第5天,1239
False,both,False,False,12.358972979178525,4.121607441156148,第3天、第4天、第5天,1240
False,queue,False,True,5.568468233983574,3.3267268831991283,第2天、第5天,1241
True,none,True,True,6.988360917994845,1.7804947212926916,无,1242
False,both,False,False,8.586511136818551,2.1095321802650226,第1天、第5天,1243
True,none,True,True,2.0064970409911975,4.459342691231566,无,1244
False,queue,False,True,11.91110263010256,2.766585446118288,第5天,1245
False,queue,False,True,3.783140572092997,7.697399491177695,第4天、第5天,1246
False,both,False,False,15.78173350016758,5.397324667011175,第1天、第2天、第5天,1247
False,both,False,False,11.493289373357417,3.5596984827324825,第2天,1248
False,both,False,False,13.656313397157845,1.0758956437628195,第5天,1249
False,queue,False,True,6.2302505245041875,4.421364269919579,第5天,1250
False,both,False,False,5.71926753590264,3.9767980988520515,第3天,1251
False,queue,False,True,9.129430359077725,3.1405351096291674,第5天,1252
False,both,False,False,6.206040892341648,1.253364774596759,第2天,1253
False,both,False,False,2.699219724968275,6.956663587314837,第5天,1254
False,queue,False,True,3.4986506042220684,3.0242359462892763,第5天,1255
False,queue,False,True,5.777480550448569,3.050108518232637,第5天,1256
True,none,True,True,7.302526878734215,2.445772967970226,无,1257
False,traffic,True,False,10.047090989643898,0.0,第2天,1258
False,queue,False,True,0.648368678462212,5.850389313961156,第5天,1259
False,both,False,False,4.467022504279049,2.7452675616746,第2天、第5天,1260
False,both,False,False,5.903853091390099,4.990253995696002,第5天,1261
False,both,False,False,9.988750708524218,4.3208849203425235,第3天、第5天,1262
False,traffic,True,False,16.646866993351082,0.9118072656774079,第3天,1263
False,both,False,False,16.9298576318378,2.1418788020990793,第4天、第5天,1264
False,queue,False,True,3.261962565886124,4.056503339430757,第5天,1265
False,queue,False,True,7.28025634073071,3.6743878776836567,第5天,1266
True,none,True,True,4.628591928639631,1.6047654327695153,无,1267
False,both,False,False,12.32178723796567,5.1497236100249335,第3天、第4天、第5天,1268
False,both,False,False,10.178892374035287,6.169181606453458,第3天、第5天,1269
False,both,False,False,12.75195106670276,8.767046069647547,第1天、第2天、第3天、第5天,1270
True,none,True,True,5.287330895509509,0.5628307657886679,无,1271
False,both,False,False,17.02928349004422,5.675239382899033,第2天、第5天,1272
False,queue,False,True,0.49849297703284673,7.591105585394944,第5天,1273
False,both,False,False,10.890206277656727,4.167191305656997,第4天、第5天,1274
False,queue,False,True,2.8127096000565697,1.4978962188407356,第5天,1275
False,traffic,True,False,13.464187942381812,3.0091377599229947,第3天,1276
False,queue,False,True,6.776076379399951,2.843308218793199,第5天,1277
True,none,True,True,4.340439034648434,0.597594926399835,无,1278
True,none,True,True,6.232824432420729,3.813569983016433,无,1279
False,queue,False,True,7.387989600639729,0.9751272254273099,第5天,1280
False,queue,False,True,6.194307217186883,0.0,第3天,1281
False,traffic,True,False,5.698743295993522,1.3316523067832755,第3天,1282
False,both,False,False,13.936512524992933,2.1405781242965958,第2天、第5天,1283
False,queue,False,True,9.955761960127269,1.2520713707908633,第4天、第5天,1284
False,both,False,False,8.49519474177929,1.4256811229940234,第4天、第5天,1285
False,queue,False,True,0.0,4.060837826299385,第5天,1286
False,queue,False,True,9.807437494507862,3.009059503074935,第4天,1287
False,queue,False,True,9.174463154337925,4.660726434938458,第3天、第5天,1288
False,both,False,False,6.4783752239961485,6.483333594220618,第2天、第4天、第5天,1289
False,both,False,False,12.91937779505929,4.134297469749913,第5天,1290
False,both,False,False,11.053300848591551,2.9254018842310687,第2天、第5天,1291
True,none,True,True,2.6665853286968684,2.6442310123848953,无,1292
False,both,False,False,10.554616531629181,2.6249890579610673,第2天、第4天,1293
False,queue,False,True,7.700381661067906,5.766120800561849,第5天,1294
False,both,False,False,7.655128467447485,7.116731207851974,第2天、第5天,1295
False,queue,False,True,6.4113385634799505,1.9641882106093653,第3天,1296
True,none,True,True,7.770081589374431,3.562102820007536,无,1297
False,both,False,False,9.403929175502775,5.248623126398778,第4天、第5天,1298
True,none,True,True,10.044376503960605,1.8089156183400088,无,1299
False,queue,False,True,8.434328932410695,4.689144280790716,第2天、第5天,1300
False,both,False,False,11.191566895504616,2.58893335070452,第2天,1301
False,queue,False,True,8.752217483753807,5.332854225350094,第5天,1302
False,queue,False,True,6.8978796266655085,0.8325911853272917,第5天,1303
False,both,False,False,14.125859383790122,1.6221428389108137,第4天、第5天,1304
False,traffic,True,False,3.448297111470448,7.845821178232443,第1天,1305
False,queue,False,True,4.75927163520738,4.930426106145278,第5天,1306
False,queue,False,True,6.153465254487477,4.277821279761982,第2天、第4天、第5天,1307
False,queue,False,True,4.28733993549946,3.677008182225917,第5天,1308
True,none,True,True,3.420987156005862,2.0323529300765815,无,1309
True,none,True,True,8.288315877195737,0.4248878039202879,无,1310
True,none,True,True,8.303404110378324,1.4575653058094664,无,1311
False,both,False,False,3.6664540380805377,5.281969033665288,第2天、第5天,1312
False,both,False,False,7.108986292322132,5.6158076201760405,第2天、第5天,1313
False,queue,False,True,6.063402982400733,4.120089072745232,第5天,1314
False,both,False,False,12.596775350405478,4.3118486452783715,第2天、第5天,1315
False,both,False,False,6.650727542079116,7.0703189874301025,第5天,1316
False,both,False,False,7.663394238679715,4.898325063558293,第2天、第4天、第5天,1317
False,both,False,False,10.454576960465648,4.480368966651382,第4天、第5天,1318
False,queue,False,True,5.098151923624214,5.914750846806605,第5天,1319
False,queue,False,True,8.283171694080341,0.7354898136260691,第5天,1320
False,both,False,False,6.027143642540171,4.773567306411683,第5天,1321
True,none,True,True,6.062372601205328,1.6365388887625518,无,1322
False,both,False,False,12.37572378847086,3.9937322377849096,第3天、第5天,1323
False,both,False,False,9.598403497448201,8.102551597690518,第2天、第4天、第5天,1324
True,none,True,True,1.688342712093149,5.493912548489545,无,1325
False,queue,False,True,10.232688088391772,1.1312875215364635,第4天,1326
False,both,False,False,6.921057828675581,4.317761999318321,第2天、第5天,1327
False,both,False,False,6.028237153384818,4.5252658970497075,第2天、第5天,1328
False,both,False,False,12.593118252927212,5.290707694743782,第3天、第5天,1329
False,both,False,False,8.84668843507414,6.694298972652214,第2天、第5天,1330
False,both,False,False,7.13327637260908,3.71211867840117,第2天、第4天,1331
False,both,False,False,11.274872137941461,2.009093821498599,第4天、第5天,1332
False,both,False,False,11.047279138414192,0.9560379287071287,第3天、第5天,1333
False,queue,False,True,9.000983096819967,3.042447119521827,第4天、第5天,1334
False,both,False,False,5.961813626542164,2.9338101923495827,第2天,1335
False,both,False,False,6.551190112441328,3.408451583666443,第5天,1336
False,both,False,False,11.160922636734725,3.9743173337154465,第2天、第4天、第5天,1337
False,queue,False,True,8.714010734054888,0.9626712141728635,第5天,1338
False,queue,False,True,6.675006835092331,0.0,第5天,1339
False,traffic,True,False,7.608762808214046,3.9284857695284057,第5天,1340
True,none,True,True,6.745886241175368,2.8819721457571688,无,1341
False,both,False,False,8.593333020115862,0.0,第1天、第5天,1342
False,both,False,False,13.197551665153265,3.5825208633477024,第2天,1343
False,queue,False,True,5.818692036128641,2.3820618318727917,第5天,1344
False,queue,False,True,8.622061542611814,3.7743737591402007,第5天,1345
True,none,True,True,8.124278325104092,0.8331221401619322,无,1346
False,traffic,True,False,8.243547937234109,1.3268523208308998,第4天,1347
False,both,False,False,12.150483813235994,3.1140559924344333,第1天、第5天,1348
False,both,False,False,9.285610260491904,4.577469468004514,第2天,1349
False,queue,False,True,7.994439275632924,2.8814482194064786,第3天、第5天,1350
False,both,False,False,8.042298488761713,5.221508213074369,第5天,1351
False,queue,False,True,0.0,3.3577173170208816,第5天,1352
False,traffic,True,False,6.124319770375717,1.788614126431872,第5天,1353
False,both,False,False,13.804267634266555,2.4777811818826057,第5天,1354
False,both,False,False,8.03589558200399,4.831271800003662,第3天、第5天,1355
False,queue,False,True,7.121473850041593,1.6103960852098183,第5天,1356
False,queue,False,True,3.0701531917687386,1.4529003189117176,第5天,1357
False,traffic,True,False,13.066651233259382,0.1525382951926697,第5天,1358
False,both,False,False,14.442847669736972,2.281016899436814,第5天,1359
False,queue,False,True,12.194884113340095,3.1270675005370796,第3天、第5天,1360
True,none,True,True,5.799153067385738,4.590813740300025,无,1361
False,both,False,False,15.097175902128818,0.8463081011506735,第1天、第2天、第5天,1362
False,queue,False,True,6.192493608865928,4.6297989775388535,第2天、第5天,1363
False,both,False,False,8.281517820898557,7.303316362042368,第2天、第5天,1364
False,both,False,False,8.220024931168213,1.3900712833759767,第2天、第5天,1365
False,queue,False,True,3.4794598322841717,2.7274499328424806,第5天,1366
False,queue,False,True,6.435596010242056,3.4293328294414565,第4天、第5天,1367
False,queue,False,True,2.943050374115789,3.330564887110107,第5天,1368
True,none,True,True,6.0021784067926784,2.258348146189107,无,1369
False,both,False,False,11.076514282297715,3.849944577472398,第3天,1370
False,queue,False,True,6.501664584627075,4.211635697780483,第5天,1371
False,both,False,False,7.518230405106035,9.710966500511473,第1天、第2天、第3天,1372
True,none,True,True,1.5800670420131042,0.0,无,1373
False,queue,False,True,6.463070783112282,0.0,第5天,1374
False,both,False,False,14.062015138051569,1.7797457120787636,第3天、第5天,1375
False,queue,False,True,1.504755526972559,5.323960943318404,第5天,1376
False,queue,False,True,11.237240300455664,1.9369911003895197,第2天,1377
False,both,False,False,8.532543241171894,9.16662154119515,第1天、第2天、第5天,1378
False,both,False,False,9.802682507943091,2.3762074434450264,第5天,1379
False,traffic,True,False,5.346173068234801,3.2902885086736564,第1天,1380
False,both,False,False,7.918419319063686,2.1863551402076435,第2天、第5天,1381
False,both,False,False,11.312052570090795,5.6548368619816145,第4天、第5天,1382
False,queue,False,True,3.931574586270459,1.6513222571752801,第5天,1383
False,both,False,False,5.587139485284209,5.2892680457078765,第2天、第5天,1384
False,both,False,False,16.719837045388868,2.4487882605402858,第1天、第2天、第3天、第5天,1385
False,queue,False,True,3.5601726266416818,4.477615154968557,第5天,1386
False,both,False,False,8.377222503323388,1.577929531973092,第5天,1387
False,both,False,False,10.363407366655576,4.504002756197917,第2天、第5天,1388
False,both,False,False,18.45294729606251,2.172850625941886,第1天、第4天、第5天,1389
False,both,False,False,16.320244909508244,2.943924599166798,第1天、第2天、第5天,1390
False,queue,False,True,4.768392583970478,3.03311046650792,第5天,1391
False,both,False,False,5.412316014614489,4.959408643702584,第2天、第5天,1392
False,queue,False,True,3.920417768760709,4.624533862038097,第2天、第5天,1393
False,queue,False,True,3.1453325245476256,4.267537230673438,第5天,1394
True,none,True,True,5.242155320067239,4.869418908450236,无,1395
False,queue,False,True,2.393373976943962,2.8487395109300877,第5天,1396
False,queue,False,True,4.448688891110705,2.082859874822913,第5天,1397
False,both,False,False,10.00399397583992,6.98543029853653,第4天,1398
False,queue,False,True,3.3806065948531625,4.491898528299146,第5天,1399
False,both,False,False,8.720410320354395,4.652880682659406,第1天、第5天,1400
False,both,False,False,13.10546845290872,0.0,第5天,1401
False,both,False,False,16.833717440698486,1.4874495051253016,第3天、第5天,1402
False,queue,False,True,4.275751301101034,3.234965089657639,第5天,1403
False,both,False,False,5.747476200634667,2.4141346392188914,第5天,1404
False,queue,False,True,0.44653549048900343,5.539560795378997,第5天,1405
False,both,False,False,8.115264611170009,4.350164689807679,第4天、第5天,1406
False,both,False,False,3.8630205129029287,4.638481338304776,第5天,1407
False,queue,False,True,2.8806841024858962,1.487199357881847,第5天,1408
False,queue,False,True,1.2158683908980963,2.3353697999004606,第2天,1409
False,traffic,True,False,5.22814087853771,0.1291294207456074,第4天,1410
False,both,False,False,7.047954382786252,2.836648384078888,第5天,1411
False,traffic,True,False,13.373627383734078,1.4954135108193234,第5天,1412
False,both,False,False,4.981947098456381,6.3124126069003825,第5天,1413
False,queue,False,True,6.029768315794055,4.507850360246698,第5天,1414
True,none,True,True,5.865130804943398,0.09235521186208062,无,1415
False,both,False,False,8.843898749179287,2.501768291014855,第2天,1416
False,both,False,False,7.664599416330159,3.763598125049895,第2天、第5天,1417
False,queue,False,True,10.07076255756211,0.3788329748817705,第5天,1418
False,both,False,False,15.113321277042312,3.1806981131083503,第2天、第4天、第5天,1419
False,both,False,False,3.40072562695102,5.031801765058102,第2天、第5天,1420
False,queue,False,True,6.680691590439297,6.901694882129844,第5天,1421
False,queue,False,True,5.053580829225101,9.46671231770256,第3天、第5天,1422
True,none,True,True,2.774400415101684,0.27313594327780477,无,1423
True,none,True,True,1.7526985628755627,2.7629591744744477,无,1424
False,both,False,False,5.540933883010322,2.2101672517377287,第3天、第5天,1425
False,queue,False,True,11.279600727315497,0.0,第5天,1426
False,queue,False,True,0.6476102048507211,5.489296566559628,第5天,1427
False,both,False,False,13.956874411932713,2.669340847510469,第2天、第4天,1428
False,queue,False,True,14.167758607872319,2.934350781591224,第3天、第4天、第5天,1429
False,queue,False,True,14.17136915404334,0.6523161065119659,第2天、第5天,1430
False,queue,False,True,3.5371659653978154,8.05967898582397,第5天,1431
False,both,False,False,9.06436326489084,5.180267446426641,第3天、第4天、第5天,1432
False,both,False,False,10.342310950143904,2.974877715885769,第2天、第3天、第5天,1433
False,both,False,False,13.59142117730115,3.5234822312242757,第1天、第4天、第5天,1434
False,both,False,False,7.824787141955214,8.687689022708113,第4天、第5天,1435
False,both,False,False,8.673369858742728,0.9637087263521068,第2天,1436
False,queue,False,True,4.334294079317662,3.5825208348193236,第5天,1437
False,queue,False,True,6.464491848472636,6.485823990690186,第3天、第5天,1438
False,both,False,False,12.14735373148412,4.435276072315037,第5天,1439
False,both,False,False,9.119019687502874,8.962408456572234,第5天,1440
False,queue,False,True,5.899025490633672,5.92381585590298,第5天,1441
False,traffic,True,False,8.990454556386045,2.4694177314019337,第3天,1442
False,both,False,False,16.856564336489228,0.5462556860363322,第1天、第5天,1443
False,queue,False,True,6.322058043945354,1.503139313341855,第5天,1444
True,none,True,True,8.66317385944329,0.5275896567484644,无,1445
False,both,False,False,4.7429428271205705,8.61795820281035,第1天、第5天,1446
False,traffic,True,False,8.103412714794459,2.890714099758875,第4天,1447
False,both,False,False,4.178217252982488,3.5218596336188748,第2天,1448
False,queue,False,True,2.008579788945257,7.394377790592482,第5天,1449
False,queue,False,True,3.6005149011227284,3.62054307130723,第5天,1450
True,none,True,True,0.016038314170080503,3.3082486178098747,无,1451
False,both,False,False,7.833546147469722,3.7813384928837914,第2天、第3天、第5天,1452
False,both,False,False,9.958997916515667,2.268942478231618,第5天,1453
False,queue,False,True,4.24902269449581,4.522263729161291,第5天,1454
False,both,False,False,10.231003235582204,4.831457107772407,第2天,1455
False,queue,False,True,4.566354556859036,2.542217777719944,第3天,1456
False,both,False,False,5.616794885187154,3.125945478483757,第5天,1457
True,none,True,True,0.0,4.627637983718922,无,1458
False,both,False,False,11.78803420755504,5.767954954486765,第2天、第5天,1459
False,both,False,False,8.153266685820695,4.38095628118281,第2天、第5天,1460
True,none,True,True,1.3991590556847675,0.0,无,1461
False,both,False,False,17.299066680826364,1.296145813332818,第3天、第4天、第5天,1462
True,none,True,True,5.155972186353036,4.155659342149675,无,1463
False,both,False,False,4.042297580618126,7.26092602814261,第5天,1464
False,both,False,False,11.688435601148377,2.4775123577911704,第4天、第5天,1465
False,both,False,False,8.700765467923658,4.382029299850413,第2天、第3天、第5天,1466
False,both,False,False,10.238184909147352,2.945724793184434,第5天,1467
False,both,False,False,18.081864607937526,1.855815164810839,第2天、第5天,1468
False,queue,False,True,4.788357604367495,5.296195339454105,第5天,1469
False,both,False,False,4.280649520194177,6.107105268573195,第3天、第5天,1470
False,both,False,False,5.834295934740468,1.7487759961268465,第5天,1471
False,queue,False,True,6.310094147634791,3.12671171794336,第4天、第5天,1472
False,both,False,False,3.1620296751229695,6.49798913743046,第2天、第5天,1473
False,queue,False,True,7.062996580225302,6.555876942493833,第3天、第5天,1474
False,queue,False,True,3.477757366932932,3.438506663692922,第5天,1475
True,none,True,True,6.5848040761368125,4.596313792287716,无,1476
False,both,False,False,9.421207398846322,0.7465703606136325,第2天,1477
False,both,False,False,10.37780941297911,3.256971252323597,第2天、第3天、第5天,1478
False,both,False,False,7.9065237838748565,6.926635383596537,第1天、第5天,1479
True,none,True,True,3.113208389514848,2.5179962967205705,无,1480
False,both,False,False,7.535520327795222,3.0237451268280435,第2天、第5天,1481
False,both,False,False,9.48165517049917,2.877519534367234,第2天、第5天,1482
False,queue,False,True,4.61793402392424,4.086174520347001,第5天,1483
False,both,False,False,8.538425780380237,2.4387741004913073,第2天、第3天、第5天,1484
True,none,True,True,0.0,4.6689162417306145,无,1485
False,both,False,False,9.874808706345116,6.574075495058251,第2天、第4天、第5天,1486
False,both,False,False,10.606361565395828,2.0534127503647817,第3天、第5天,1487
False,both,False,False,13.17329516222668,0.8736319384253283,第2天、第5天,1488
False,queue,False,True,7.292939207035419,0.2910291916839116,第2天、第4天,1489
False,queue,False,True,4.3341539170578525,3.2396901221180654,第5天,1490
False,both,False,False,8.872856961434552,3.1650363855957115,第2天、第5天,1491
False,both,False,False,9.69330575429527,2.6670180383528375,第3天、第5天,1492
False,both,False,False,8.670052512575923,2.9242307880803198,第5天,1493
False,queue,False,True,3.244199312214188,4.6264456838857715,第5天,1494
False,queue,False,True,6.55741114450491,0.9139051179445449,第5天,1495
False,queue,False,True,12.97812581870507,4.5105135237771465,第2天、第4天、第5天,1496
True,none,True,True,0.13465754700243016,3.2814018689233158,无,1497
False,both,False,False,8.847602106723475,2.7804070126986735,第4天、第5天,1498
False,both,False,False,15.091756746012672,2.182926540691178,第2天、第5天,1499
False,both,False,False,13.101188805000906,4.860676161915456,第1天、第2天、第5天,1500
True,none,True,True,11.130662229587042,3.0182193789328764,无,1501
False,both,False,False,10.893991810142232,2.7284405319595115,第1天、第4天、第5天,1502
False,both,False,False,8.833437630377215,2.437684164943401,第1天,1503
True,none,True,True,6.248179347944894,0.0,无,1504
False,queue,False,True,2.454020201151204,1.735005767342356,第5天,1505
False,both,False,False,9.363345941902057,6.145428717994101,第3天、第5天,1506
False,traffic,True,False,7.058529680574214,0.7964097672397509,第5天,1507
False,queue,False,True,3.532522775561565,4.774370524948917,第5天,1508
False,queue,False,True,8.4994299715579,4.643391180885569,第3天,1509
False,both,False,False,5.389472753610448,3.220292679478416,第2天、第3天、第5天,1510
False,both,False,False,9.972041851189317,2.0618764204674997,第3天、第5天,1511
False,queue,False,True,7.115515954767246,3.6129547979932117,第5天,1512
True,none,True,True,7.127294144030074,1.8293776017485592,无,1513
False,queue,False,True,10.94264073127287,1.3130083522123668,第3天、第5天,1514
False,both,False,False,10.615612819753068,4.757026771358369,第3天、第4天,1515
False,queue,False,True,8.272355003735882,4.392439890928696,第2天、第5天,1516
False,both,False,False,12.456214227762715,1.814500959013468,第2天、第5天,1517
False,both,False,False,8.524922020949303,2.6904278661882297,第4天、第5天,1518
False,both,False,False,12.925486723182908,0.31309058039185744,第2天、第5天,1519
False,both,False,False,13.193831926113173,1.5536004681835283,第4天、第5天,1520
False,both,False,False,5.175324579622087,8.420931219254678,第2天、第3天、第5天,1521
False,traffic,True,False,7.048383985123787,5.437832162417074,第3天,1522
False,both,False,False,16.438875242469468,0.22463644222562096,第2天、第5天,1523
True,none,True,True,8.30069585909305,1.6212496337377853,无,1524
False,both,False,False,8.485919996319934,5.288395320533548,第5天,1525
False,both,False,False,14.611124125857447,5.305813504476287,第4天、第5天,1526
False,both,False,False,10.479500188094912,0.5618305061343947,第2天、第5天,1527
False,queue,False,True,3.777203169566531,5.037881748726109,第3天、第5天,1528
False,both,False,False,7.28460436228281,1.222506792100613,第5天,1529
True,none,True,True,5.578139150504227,4.74915200836222,无,1530
False,both,False,False,7.536807135175303,0.5607984535315564,第4天,1531
False,queue,False,True,7.601416225628753,5.781786163307505,第2天、第5天,1532
False,both,False,False,10.931673383048992,4.699058352261291,第1天、第4天、第5天,1533
True,none,True,True,9.266845931959994,1.1514483770694897,无,1534
False,both,False,False,7.348448089084879,1.9254614746998815,第2天、第5天,1535
False,both,False,False,6.2751307726221945,0.7664176577581214,第4天,1536
False,both,False,False,8.867307346381988,2.479624776137485,第3天、第4天,1537
False,both,False,False,10.809519494956625,1.841193595522871,第2天、第4天、第5天,1538
False,both,False,False,7.560567531283047,4.321336570588382,第1天、第5天,1539
False,queue,False,True,3.4462269308160693,2.943816186428963,第4天、第5天,1540
False,traffic,True,False,9.287951783474613,7.288544125713499,第1天、第4天,1541
False,both,False,False,6.996312675947396,2.891624089431483,第2天、第5天,1542
False,both,False,False,12.714722518827402,3.0556801923822974,第2天、第5天,1543
False,both,False,False,16.646114893073808,0.710935301970133,第1天、第5天,1544
False,both,False,False,4.611695638966894,5.790201758386866,第2天,1545
False,traffic,True,False,9.867084314886428,5.264636705284293,第3天,1546
False,both,False,False,11.271728744243738,3.796649407993169,第4天、第5天,1547
True,none,True,True,5.760764212835897,5.152481148031005,无,1548
False,queue,False,True,9.928786265678372,0.25982546500722525,第5天,1549
False,both,False,False,7.036692531513146,3.264524195564915,第5天,1550
False,both,False,False,7.495234120904227,4.877928833845717,第2天、第5天,1551
False,queue,False,True,2.3978595939232776,4.1955756090189205,第2天、第5天,1552
True,none,True,True,1.0857527725819267,1.880810961571162,无,1553
False,queue,False,True,8.06362439097799,2.329468717361479,第5天,1554
True,none,True,True,5.962513314078875,1.1708156059673827,无,1555
False,queue,False,True,6.697378788093451,2.2032515816776908,第5天,1556
False,traffic,True,False,11.261492134549677,0.0,第5天,1557
False,both,False,False,6.068464487332328,4.890213399603611,第5天,1558
False,queue,False,True,9.181643783550768,3.362092720495088,第5天,1559
False,both,False,False,8.199887787528983,2.6032780086749536,第3天、第4天,1560
False,both,False,False,5.730287330231534,1.203505301174435,第2天、第5天,1561
False,both,False,False,3.2249223032922383,6.027121832157976,第5天,1562
False,both,False,False,9.601621958790478,0.8730628481850157,第5天,1563
False,both,False,False,10.228380036246147,6.961337492902546,第3天,1564
True,none,True,True,4.602189062260992,2.51621285174594,无,1565
False,both,False,False,5.66061998145976,5.072215175874229,第5天,1566
False,both,False,False,7.047755804452516,5.39187522353764,第2天、第5天,1567
False,traffic,True,False,6.299275588249374,1.668197626557268,第3天,1568
False,both,False,False,12.33624824281213,4.523608013712291,第1天、第5天,1569
True,none,True,True,9.622189330925561,1.4272462878065015,无,1570
False,both,False,False,4.32440782849397,5.628212414530685,第2天、第5天,1571
False,both,False,False,15.713504561984314,3.822793391768223,第2天、第3天、第5天,1572
False,both,False,False,7.997931732954476,5.018025286074441,第2天,1573
False,queue,False,True,2.7880544047655667,4.183673490846382,第2天,1574
False,both,False,False,4.547036490060166,2.733871471800311,第2天,1575
True,none,True,True,1.6565628700423805,3.15157629694088,无,1576
False,both,False,False,10.890317673068324,5.112607871037724,第1天、第5天,1577
False,both,False,False,10.04104190514946,5.7727369863785505,第3天、第5天,1578
False,queue,False,True,11.646850278162038,2.7093458902132226,第4天、第5天,1579
False,queue,False,True,4.314198081005604,3.496254793524983,第3天、第5天,1580
False,queue,False,True,7.594228441830274,0.9657981186306734,第4天、第5天,1581
False,traffic,True,False,9.450321688133629,4.989645320813462,第3天,1582
False,both,False,False,6.229335821378026,1.4672774564714461,第3天、第5天,1583
False,both,False,False,7.919242874890059,2.621435189392592,第5天,1584
False,queue,False,True,1.5897680738727191,6.223850084927179,第5天,1585
True,none,True,True,2.7026156390448173,3.176238794830899,无,1586
False,both,False,False,13.10882133917616,2.010405734791995,第4天、第5天,1587
False,queue,False,True,0.48885577224632387,4.517097666206856,第5天,1588
False,queue,False,True,8.659809138818556,2.7995588863036693,第5天,1589
False,queue,False,True,1.6429087340269797,2.2974707710759636,第5天,1590
False,both,False,False,10.45283717560716,8.187926961306292,第2天、第5天,1591
False,both,False,False,5.168604718514272,4.671505873440585,第2天、第5天,1592
False,both,False,False,5.767775796830574,3.0343881550317278,第5天,1593
False,both,False,False,7.512024773834785,8.36201995681108,第5天,1594
False,both,False,False,4.928493734051584,2.5177227264161464,第2天、第5天,1595
False,queue,False,True,7.089153993342826,2.237560603081232,第5天,1596
False,both,False,False,6.8505232338297635,2.446889753385478,第3天、第5天,1597
False,queue,False,True,7.373515846875458,5.601419962546124,第5天,1598
True,none,True,True,4.559577035033287,4.235423254044699,无,1599
False,both,False,False,16.462924739989138,3.7892243377342103,第2天、第3天、第5天,1600
False,queue,False,True,6.367939978819605,4.98591221790291,第4天、第5天,1601
False,both,False,False,15.38172713022347,0.0,第2天、第5天,1602
False,both,False,False,13.262284129935207,2.963523413133542,第2天、第5天,1603
False,both,False,False,6.500068488935068,1.9704354137363653,第2天、第5天,1604
False,queue,False,True,1.1679265473626363,0.765528623388736,第5天,1605
False,queue,False,True,6.534531246306632,6.302506375737117,第4天、第5天,1606
False,both,False,False,8.463539274623376,2.056075605730938,第2天、第5天,1607
False,queue,False,True,5.718242639960698,1.1304461280613203,第5天,1608
False,queue,False,True,9.038910622556466,1.6834745188280884,第3天,1609
False,both,False,False,8.842229960051593,2.2740462392618923,第2天,1610
False,queue,False,True,1.067911972254992,2.040039150975785,第5天,1611
False,queue,False,True,4.863373888048392,5.315305835627437,第5天,1612
False,both,False,False,6.2579254956218575,1.626041214508913,第5天,1613
True,none,True,True,10.218669014444192,1.0530678605475328,无,1614
False,both,False,False,10.530956221115066,6.828096863683456,第4天、第5天,1615
False,both,False,False,7.066709439085676,3.8086480624082144,第4天、第5天,1616
False,both,False,False,7.546331822516635,1.4739814068937371,第2天、第5天,1617
False,queue,False,True,12.506975156430727,0.5937192518379636,第5天,1618
False,both,False,False,11.432138310270272,6.03141387137438,第3天、第4天、第5天,1619
True,none,True,True,6.685431268164242,3.2619182655837626,无,1620
False,queue,False,True,5.809576781807499,6.581308327507011,第3天、第5天,1621
False,queue,False,True,5.789556121503515,3.0512238230974735,第5天,1622
False,both,False,False,3.797433276856638,1.238399850106934,第5天,1623
False,queue,False,True,2.9729025985071313,4.6582003402883,第5天,1624
False,traffic,True,False,5.038777460053988,3.0169106489723285,第1天,1625
False,both,False,False,9.706064774902217,6.247589081605208,第2天、第5天,1626
True,none,True,True,1.4642954032634115,4.110427417933575,无,1627
False,queue,False,True,0.0,6.366256386481297,第5天,1628
True,none,True,True,8.638509413742593,3.565575815959652,无,1629
True,none,True,True,3.8484298766659113,3.821369314514693,无,1630
False,queue,False,True,2.7706829358285234,4.068586362357955,第5天,1631
False,both,False,False,12.352543637244388,4.787269606315176,第3天、第4天、第5天,1632
False,traffic,True,False,4.272892314329789,6.592648518599498,第3天,1633
True,none,True,True,4.964085024645971,2.0716003541081287,无,1634
False,both,False,False,7.75484579103833,3.1944476044935457,第5天,1635
False,queue,False,True,7.65068729420402,1.5925967482172658,第5天,1636
True,none,True,True,9.429221952910265,3.5673615080964307,无,1637
False,queue,False,True,6.598328884077018,2.414001739320732,第5天,1638
True,none,True,True,2.9903897915769146,1.8505541718579281,无,1639
False,queue,False,True,0.07361055649453258,4.106955722156614,第5天,1640
False,both,False,False,9.35566595054254,1.661668681785304,第3天、第5天,1641
False,queue,False,True,3.8442021561012876,5.7811686085718,第5天,1642
False,queue,False,True,0.9171917154952597,4.250724911695809,第5天,1643
False,queue,False,True,5.22373012018766,2.9882267053279867,第5天,1644
False,both,False,False,7.670047638319025,4.612220377558298,第3天、第5天,1645
False,both,False,False,13.670445885533447,4.777547335074625,第3天、第5天,1646
False,both,False,False,7.670067242434181,4.3199878913589504,第3天、第4天,1647
False,both,False,False,8.431340957129127,3.099434757360038,第5天,1648
False,both,False,False,7.5112529571144915,2.823062617872295,第3天、第5天,1649
True,none,True,True,3.5741615600655425,4.936187853290444,无,1650
False,both,False,False,9.200072124545596,4.230065272607001,第1天、第4天,1651
False,both,False,False,4.318941323471422,7.097904691846797,第2天、第5天,1652
False,both,False,False,12.348895944060466,5.474009481489612,第4天、第5天,1653
False,both,False,False,7.649416690230202,2.1424442960031933,第5天,1654
False,queue,False,True,5.420693055884694,3.6189673068524892,第4天、第5天,1655
False,both,False,False,6.717707604962088,4.3481138518083515,第4天、第5天,1656
False,both,False,False,9.276159623467661,0.5567035792877947,第4天、第5天,1657
False,both,False,False,8.99581070385854,2.798137364528468,第5天,1658
False,queue,False,True,4.369604224999582,5.7324709611809,第5天,1659
False,queue,False,True,9.726204163912694,1.7718955901761848,第5天,1660
False,queue,False,True,9.50266404700631,4.024169205305014,第2天、第5天,1661
False,both,False,False,4.90816465300435,3.1195811281855605,第1天,1662
False,queue,False,True,8.796054382818163,3.7912649871308615,第3天、第4天、第5天,1663
True,none,True,True,2.4051558287482924,1.086442481935955,无,1664
False,both,False,False,10.164994876164112,4.164984666774956,第2天、第5天,1665
False,both,False,False,15.297013804244257,1.9455450009416182,第2天、第5天,1666
False,both,False,False,8.273055614945102,5.500185096004916,第5天,1667
False,queue,False,True,6.274472400297379,3.0868127503303153,第5天,1668
False,both,False,False,13.732043936292914,2.9420747075662517,第2天、第3天、第5天,1669
False,traffic,True,False,7.0133339636621885,3.075145312309406,第2天,1670
False,both,False,False,7.867312917737821,4.672099083393202,第4天、第5天,1671
True,none,True,True,0.0,1.97736979551951,无,1672
True,none,True,True,4.682648056111534,0.0,无,1673
False,both,False,False,11.6265248149278,1.1806503174723613,第2天、第5天,1674
True,none,True,True,8.335099172390255,1.7392960999727871,无,1675
False,queue,False,True,6.92269586465444,2.997927869450039,第5天,1676
False,both,False,False,9.919054583790615,4.33038182370019,第3天、第5天,1677
False,both,False,False,10.267636786613611,3.380086617482106,第4天、第5天,1678
False,both,False,False,8.445244712457265,2.657633640315847,第5天,1679
False,both,False,False,6.943912662379951,6.007267449149154,第4天、第5天,1680
False,queue,False,True,6.8262552399450644,2.2498496172404865,第4天、第5天,1681
False,both,False,False,10.847443418593905,1.237951981209371,第2天、第5天,1682
False,queue,False,True,4.238209604725213,2.0407553279790163,第5天,1683
True,none,True,True,6.287265733159362,0.0,无,1684
False,queue,False,True,1.749309684279131,3.620996805046694,第5天,1685
False,both,False,False,6.8968135576840695,3.884919758670704,第3天、第5天,1686
False,both,False,False,7.613874902133652,8.107156264590156,第2天、第5天,1687
True,none,True,True,4.57717668515489,1.679324925830919,无,1688
False,both,False,False,11.965857986214814,5.51903538744763,第1天、第2天、第5天,1689
False,both,False,False,9.735605851642347,7.198552886579804,第2天、第4天、第5天,1690
False,queue,False,True,2.871866157501434,2.933967808369953,第5天,1691
False,traffic,True,False,9.071005329419412,2.527931248511315,第1天,1692
False,queue,False,True,6.4931417158278375,5.313259543393425,第4天、第5天,1693
False,traffic,True,False,10.580278642015047,1.4657701281869633,第3天,1694
False,both,False,False,2.7816080629190583,4.487033997642504,第5天,1695
False,both,False,False,8.113387215488313,2.7177903996817596,第5天,1696
False,both,False,False,9.526160021000859,5.530061336861682,第1天、第2天、第5天,1697
False,both,False,False,16.35966774775514,2.036676167874836,第2天、第5天,1698
False,both,False,False,14.165864873818329,0.8365511505603941,第4天、第5天,1699
False,queue,False,True,8.592094548464102,4.432437008906586,第2天、第5天,1700
False,queue,False,True,9.387953939922998,0.0,第5天,1701
False,both,False,False,9.377271143405833,8.309568985314387,第1天、第2天、第5天,1702
False,both,False,False,3.8647789190467114,7.078299339601549,第5天,1703
False,both,False,False,5.173966030047382,2.986657568306126,第5天,1704
False,both,False,False,8.874021089902705,2.528712124531151,第2天,1705
False,queue,False,True,7.861897540859401,1.580417847594647,第2天,1706
False,queue,False,True,11.28330905512111,4.332428193728424,第4天、第5天,1707
False,queue,False,True,7.822148571553093,3.830561995207959,第5天,1708
False,traffic,True,False,4.919346472736797,3.587116253394384,第5天,1709
False,queue,False,True,5.830581691007778,10.149207497853565,第5天,1710
False,both,False,False,7.091594130984737,1.6768029495491241,第5天,1711
False,queue,False,True,7.95529689619941,3.4747793227034043,第5天,1712
True,none,True,True,4.197538884658316,0.8827226391455673,无,1713
False,queue,False,True,3.775182047563209,2.770715383594503,第5天,1714
True,none,True,True,2.690300853675552,1.2340283298059918,无,1715
False,both,False,False,11.29566296915628,2.858883462014437,第3天、第5天,1716
False,traffic,True,False,9.287304074509393,0.6300847135032892,第4天,1717
False,queue,False,True,11.202101952354294,0.0,第5天,1718
False,queue,False,True,7.71986603739324,5.989955820632225,第3天、第4天、第5天,1719
False,both,False,False,11.254018894873386,0.36769942809935985,第2天、第4天,1720
False,both,False,False,11.556766006525013,1.8347510075919766,第3天、第4天,1721
False,traffic,True,False,10.733545940816624,1.9986515719400186,第1天,1722
False,traffic,True,False,8.904002332246431,3.4993570528467557,第1天、第4天,1723
False,both,False,False,14.90750649531177,9.356413153034817,第1天、第4天、第5天,1724
False,both,False,False,9.130987788984221,1.1657490247770608,第4天,1725
False,queue,False,True,1.7356948406622532,4.676936576116737,第5天,1726
False,traffic,True,False,11.080261041675243,5.026835670891583,第3天,1727
False,both,False,False,12.8516156462686,2.70578843042723,第1天、第5天,1728
False,both,False,False,7.313937731478896,5.407582968188711,第2天、第5天,1729
False,both,False,False,6.854671928837037,6.5062887954790245,第1天、第3天、第5天,1730
True,none,True,True,2.3364466326333626,3.9572849987118084,无,1731
False,both,False,False,5.83158572721492,5.2801653083018785,第5天,1732
False,queue,False,True,3.242823407170977,4.924370501029953,第5天,1733
True,none,True,True,5.84281679699332,0.6158383725315535,无,1734
False,both,False,False,11.157260269460235,2.2218670811938255,第4天、第5天,1735
False,queue,False,True,9.699689320735152,0.0,第5天,1736
True,none,True,True,0.0,2.104374411924677,无,1737
False,both,False,False,13.672408090045405,2.590013448022467,第2天、第4天、第5天,1738
False,both,False,False,3.8924743392776135,7.499263958452796,第3天、第5天,1739
False,queue,False,True,12.567793847166367,1.1050225672518863,第2天、第5天,1740
False,both,False,False,7.176287883053739,4.6506561000316085,第5天,1741
False,both,False,False,6.921998649036607,4.406000794519155,第2天,1742
True,none,True,True,6.049234361817135,2.6974796502259535,无,1743
False,traffic,True,False,13.093063244486919,3.6337874355851993,第3天、第4天,1744
False,queue,False,True,9.110921030491902,5.568486973231399,第4天、第5天,1745
False,queue,False,True,8.94507431977251,1.5815944410891145,第5天,1746
False,both,False,False,7.418080949527822,3.719450428951795,第2天、第5天,1747
False,queue,False,True,6.104943788143531,1.3013697248798761,第5天,1748
False,queue,False,True,5.240274268569779,5.271614662204573,第4天,1749
False,queue,False,True,4.920031226007179,1.1427734414983242,第5天,1750
False,both,False,False,9.988488628355492,0.0,第2天,1751
False,both,False,False,18.346927160982318,5.4620155776160715,第1天、第4天、第5天,1752
False,queue,False,True,4.524462701425582,4.287893797987261,第4天、第5天,1753
False,traffic,True,False,8.118258484347225,5.5247349891887225,第5天,1754
True,none,True,True,3.6018398351265293,5.162023371932012,无,1755
False,queue,False,True,8.587085416991819,2.5572339728740263,第4天、第5天,1756
False,queue,False,True,0.0,3.8642472798531475,第5天,1757
False,queue,False,True,3.5340949511383095,6.36544770358894,第5天,1758
False,both,False,False,5.465642244028457,3.3846625061926456,第2天、第5天,1759
False,both,False,False,13.274722551103363,4.639352196701146,第5天,1760
False,both,False,False,6.459589988475409,3.1628796421737633,第5天,1761
False,both,False,False,12.569052654997051,4.983728096700835,第5天,1762
True,none,True,True,3.6532320760318346,4.530236492942603,无,1763
False,traffic,True,False,5.847752035861775,2.966953558175538,第1天,1764
False,queue,False,True,4.193596382284239,2.2600905215987406,第5天,1765
False,both,False,False,3.022464148739858,6.983414595256402,第2天,1766
False,traffic,True,False,8.823362364518886,0.49413031078469816,第5天,1767
False,queue,False,True,0.0,5.4441492691811915,第5天,1768
False,queue,False,True,4.4054159154885575,4.233263140959108,第5天,1769
False,both,False,False,12.644272824250345,2.9271384067382913,第1天、第2天、第5天,1770
False,both,False,False,17.741288827780934,3.9803075902605913,第2天、第3天、第5天,1771
False,traffic,True,False,6.563548452582934,0.9923904020108796,第5天,1772
False,queue,False,True,0.313690030743651,6.0834257954582025,第5天,1773
True,none,True,True,5.331750234211979,1.9894681894241746,无,1774
False,both,False,False,14.16579506491474,0.9251161079812201,第1天、第2天、第5天,1775
True,none,True,True,5.976384791978443,2.497255836574421,无,1776
False,both,False,False,7.732214402875977,1.4423362054656343,第5天,1777
False,queue,False,True,8.330350343113484,5.23778577038677,第2天、第3天、第5天,1778
False,both,False,False,13.609341073361847,4.921718101937659,第1天、第4天、第5天,1779
False,both,False,False,9.675440063441414,2.8943465519380163,第4天、第5天,1780
False,both,False,False,13.851775929390113,5.95197212886133,第2天、第5天,1781
False,both,False,False,9.191237405144527,5.334061810423422,第2天、第3天、第5天,1782
False,both,False,False,10.983396543601033,5.497717738870102,第4天、第5天,1783
False,queue,False,True,1.294659190103154,2.418353330740956,第5天,1784
False,both,False,False,8.762876066271025,8.884600953826666,第2天、第5天,1785
False,queue,False,True,3.1814920630565107,5.66024692173065,第5天,1786
False,both,False,False,17.82602395594892,5.784688683283374,第1天、第2天、第4天、第5天,1787
False,both,False,False,5.185645196367474,3.262449390691692,第1天、第5天,1788
False,both,False,False,10.783065105052087,2.348975361309613,第3天、第4天,1789
False,traffic,True,False,8.952097644769541,2.6297962455019444,第1天,1790
False,queue,False,True,4.96438715302455,1.3636598072974953,第4天,1791
False,queue,False,True,5.434149944787161,0.0,第5天,1792
False,both,False,False,5.538851064321969,0.49421572461869967,第5天,1793
True,none,True,True,5.897693519079967,2.752516211088864,无,1794
False,queue,False,True,5.169171145807581,6.79456296674371,第5天,1795
False,queue,False,True,7.030235189227227,3.3214277065077535,第5天,1796
False,both,False,False,13.04434278337003,0.8701533550912173,第3天、第4天、第5天,1797
False,both,False,False,9.982346882966157,5.640093350081269,第2天、第5天,1798
False,both,False,False,10.513575582951338,3.4032078256971436,第1天、第5天,1799
False,both,False,False,5.8073666910584105,2.463922899739439,第1天、第5天,1800
False,both,False,False,10.378612284136231,1.526917305215971,第4天、第5天,1801
False,both,False,False,13.247821956185003,4.531934034605048,第4天、第5天,1802
False,both,False,False,10.803454165618412,4.552306610834695,第5天,1803
True,none,True,True,2.853485951322756,1.8346991653454034,无,1804
False,both,False,False,12.791148574518887,4.213936306450034,第1天、第3天、第5天,1805
False,both,False,False,15.222728026348737,2.2211534147020413,第4天、第5天,1806
False,traffic,True,False,4.664343889353891,6.705136902395138,第4天,1807
False,both,False,False,12.937495578515712,5.800241131138657,第3天、第4天、第5天,1808
False,both,False,False,6.090780377286308,8.248992043274898,第4天、第5天,1809
False,both,False,False,6.460136858260221,2.172909308978655,第5天,1810
False,both,False,False,13.436517397623899,2.2628855836131727,第1天、第2天、第5天,1811
False,both,False,False,10.13332051389828,6.919112412490823,第3天、第5天,1812
False,both,False,False,6.4151078900958485,6.340022927737939,第5天,1813
True,none,True,True,7.929059725003162,2.001349284505376,无,1814
False,queue,False,True,6.850508898351455,3.0731668394104275,第5天,1815
False,both,False,False,2.409088060790701,5.2294483989915115,第5天,1816
False,queue,False,True,6.220124071598574,2.094966092864728,第5天,1817
True,none,True,True,11.018388325486532,7.039467922463313,无,1818
False,queue,False,True,2.1145378900242333,5.216111803761516,第5天,1819
False,queue,False,True,10.254632358269115,4.06291572357924,第4天、第5天,1820
False,both,False,False,10.10817399738075,0.7459281061887447,第2天、第3天,1821
False,both,False,False,17.929428591391304,0.41582917226233695,第3天、第5天,1822
False,queue,False,True,4.849704005284116,2.3504573442575545,第5天,1823
False,both,False,False,9.803538535589423,4.155200775590794,第2天、第4天、第5天,1824
False,both,False,False,15.058483826155397,1.599228462699899,第3天、第5天,1825
False,traffic,True,False,9.149811845114732,1.090723668772743,第3天,1826
False,queue,False,True,9.00038458533041,5.445820184910217,第2天、第5天,1827
False,queue,False,True,2.5059114122186994,5.392770728921187,第5天,1828
False,both,False,False,8.269940350760141,3.0768011008660325,第2天、第3天,1829
True,none,True,True,3.721657297982967,1.5150390295292215,无,1830
False,both,False,False,16.464999016478508,2.269060729000156,第1天、第3天、第4天,1831
False,queue,False,True,7.236204762255525,0.9877619770323444,第5天,1832
False,both,False,False,7.217427769296103,4.892033831355507,第2天,1833
False,both,False,False,7.317576544280723,7.550373164598544,第3天、第5天,1834
False,both,False,False,7.167662321335546,5.6836795569708345,第5天,1835
False,queue,False,True,4.836581863469357,6.474593446104132,第5天,1836
False,both,False,False,11.679569503159076,4.7374791932542974,第2天、第5天,1837
False,both,False,False,20.393838496518157,1.1317999335907647,第2天、第4天、第5天,1838
False,queue,False,True,7.281481088275491,5.001011681052603,第5天,1839
False,both,False,False,6.391981946503143,9.238279000652474,第4天、第5天,1840
False,both,False,False,17.894865690293503,0.7903301942379943,第5天,1841
False,queue,False,True,5.625295584289759,3.796757606147151,第2天、第5天,1842
False,queue,False,True,3.86306623747505,2.9791501969263923,第4天,1843
False,traffic,True,False,5.8230685289166155,4.751736969955551,第1天,1844
False,both,False,False,6.0345766581830524,4.052033189969024,第1天、第5天,1845
False,queue,False,True,8.433878166008864,4.135095056574627,第5天,1846
False,both,False,False,6.519476806978741,4.154032771820855,第4天、第5天,1847
False,queue,False,True,12.08432581280945,3.39463767373152,第5天,1848
False,both,False,False,6.118969685920027,3.575442049773861,第3天、第5天,1849
True,none,True,True,3.1210582264563804,0.633388221848022,无,1850
False,both,False,False,10.127270719098112,0.0,第5天,1851
False,traffic,True,False,8.78894948245035,1.9691588631807542,第1天,1852
False,both,False,False,8.663439048358079,1.3851849366600064,第1天、第4天,1853
True,none,True,True,3.5717022941929217,2.2270670905097933,无,1854
False,both,False,False,12.755522818010872,5.857107603947262,第1天、第4天、第5天,1855
False,both,False,False,6.653782260926006,4.778039684845903,第5天,1856
False,queue,False,True,14.497220483179,4.818042352835027,第2天、第3天、第4天,1857
False,both,False,False,9.217464391417623,1.197859984426199,第4天、第5天,1858
True,none,True,True,8.370591918333293,3.332915787806612,无,1859
False,queue,False,True,15.325793694148611,1.2880475558067181,第3天,1860
False,both,False,False,17.60274751536559,7.821036416136501,第1天、第3天、第5天,1861
False,both,False,False,14.570959407324422,2.704979641163274,第2天、第4天,1862
False,both,False,False,6.885751319582878,2.232054341028078,第5天,1863
False,queue,False,True,1.7845569181377492,5.6469258573321275,第5天,1864
False,queue,False,True,5.432484162514472,3.694959969979326,第5天,1865
True,none,True,True,1.7703403111686944,3.059518124576691,无,1866
False,both,False,False,7.005310044756006,4.396633025819192,第5天,1867
False,queue,False,True,1.2652827152351702,6.649293535457121,第5天,1868
False,both,False,False,10.237306963065201,3.45899413253343,第5天,1869
False,both,False,False,12.222123894490574,5.2863044483049615,第2天、第5天,1870
False,both,False,False,13.139949505003338,6.532328258720545,第1天、第4天、第5天,1871
False,queue,False,True,4.773352876578425,2.247708919203789,第5天,1872
False,traffic,True,False,8.444674730615557,2.4172837044945963,第4天,1873
False,both,False,False,13.496311691057834,2.3668274784971666,第2天、第3天,1874
False,both,False,False,6.28455862617254,6.150479368673899,第2天、第5天,1875
False,queue,False,True,6.266539073845701,3.177738779245624,第5天,1876
True,none,True,True,0.0,2.4164370718926937,无,1877
False,both,False,False,5.81865192112908,6.263177727602908,第1天、第5天,1878
False,both,False,False,4.876803518350719,4.615861318180443,第2天、第5天,1879
False,queue,False,True,0.8509710610821132,7.819314990567342,第5天,1880
False,queue,False,True,3.386212243351911,6.164969190245374,第5天,1881
False,both,False,False,9.473499162054521,6.299958571104809,第2天、第5天,1882
False,both,False,False,8.384960817105112,3.4536152294891456,第5天,1883
False,queue,False,True,8.960866625546782,4.477285126613573,第2天,1884
False,both,False,False,15.035291320573585,4.029920746506926,第1天、第2天,1885
False,both,False,False,9.070732006854856,3.914490433629082,第5天,1886
False,both,False,False,8.771893963303974,2.9735407069672766,第2天、第5天,1887
False,both,False,False,19.06833233054159,5.139439564111319,第2天、第3天、第5天,1888
False,traffic,True,False,9.555360079640227,4.9272299615101085,第4天、第5天,1889
True,none,True,True,2.030056512669734,2.336257384540717,无,1890
False,queue,False,True,4.224490731878647,0.7011302443722172,第5天,1891
False,both,False,False,13.62077086846487,7.487290625116261,第1天、第2天、第5天,1892
False,queue,False,True,11.540096092048547,1.4199925187058826,第5天,1893
False,both,False,False,10.807762739554775,1.4674775418189592,第2天、第5天,1894
True,none,True,True,6.269246791784857,0.0,无,1895
False,queue,False,True,6.3504884447186924,0.18782227471700652,第5天,1896
False,queue,False,True,1.805215937873656,2.349402533424721,第5天,1897
True,none,True,True,0.0,2.7875965530218014,无,1898
False,queue,False,True,0.0351236609352617,3.6514830497349626,第5天,1899
False,queue,False,True,6.235232137404605,1.510263557608697,第5天,1900
False,queue,False,True,1.8440175451856005,1.6942808952346138,第5天,1901
True,none,True,True,4.427121089174265,1.7493371673025617,无,1902
False,queue,False,True,6.5926610189265205,0.0,第5天,1903
False,both,False,False,5.958309622668176,2.9176248258439084,第2天、第5天,1904
False,queue,False,True,6.420615701239308,4.906960039434006,第5天,1905
False,both,False,False,8.68524634203633,2.0967743962584526,第5天,1906
False,both,False,False,8.102274600859346,3.0594442651930756,第2天、第4天、第5天,1907
False,queue,False,True,5.091857193571539,4.373202894777542,第5天,1908
True,none,True,True,3.0531647495391327,1.04866548585015,无,1909
False,both,False,False,6.3457554590530325,1.4176941177045532,第5天,1910
False,both,False,False,8.07718834732795,6.423625971391116,第2天、第3天、第5天,1911
False,both,False,False,5.3138457370458605,6.6396489646609504,第2天、第3天、第5天,1912
False,both,False,False,21.03823890066242,2.6711280661603976,第2天、第3天、第4天、第5天,1913
False,both,False,False,7.136500857688241,6.238469412597999,第4天、第5天,1914
False,both,False,False,4.401443542345666,6.787874063089609,第5天,1915
False,both,False,False,1.7593697631486895,6.705556780737533,第5天,1916
False,queue,False,True,4.702348368869666,2.7706483903065697,第5天,1917
False,both,False,False,9.655618670605033,8.197493509639699,第4天、第5天,1918
True,none,True,True,8.124585372934288,2.1259348420420205,无,1919
False,both,False,False,12.505657465304605,1.6648403418435584,第5天,1920
False,queue,False,True,6.836860013177157,4.2193922381629285,第4天,1921
False,queue,False,True,11.449510123495331,0.6647279514662459,第2天、第5天,1922
False,queue,False,True,5.15505134180861,1.148233833104545,第5天,1923
False,both,False,False,13.395263707848962,5.3659979854018385,第2天、第3天、第5天,1924
False,queue,False,True,0.5219507931722465,4.948187577434821,第5天,1925
True,none,True,True,5.115805939671102,1.5217292626497212,无,1926
False,queue,False,True,4.814467651124264,7.540356660683902,第2天,1927
False,queue,False,True,7.795930884622923,5.947270558701758,第5天,1928
False,queue,False,True,4.147254366513758,4.1519180713235695,第5天,1929
False,queue,False,True,9.84557732995043,2.7721363114023165,第3天,1930
False,queue,False,True,5.6026235241981865,4.686390586056559,第5天,1931
False,queue,False,True,0.0,3.554721337106708,第5天,1932
False,both,False,False,2.6680238461646733,4.851849799794689,第5天,1933
False,queue,False,True,4.387342833126514,4.162052338256409,第5天,1934
False,both,False,False,3.983901477515003,6.358324211345105,第4天、第5天,1935
False,queue,False,True,6.393878919042821,4.135912000049432,第5天,1936
False,both,False,False,9.009951052231605,2.805009013581502,第2天、第5天,1937
False,queue,False,True,8.411715304966421,2.60924091169585,第4天,1938
False,queue,False,True,1.4564372211714707,2.2975179750994346,第5天,1939
False,both,False,False,13.295603674797762,6.273166716457782,第4天、第5天,1940
False,both,False,False,4.8641825861579395,7.090158671354311,第5天,1941
False,queue,False,True,3.6002355715409573,3.3420537453427337,第5天,1942
False,both,False,False,8.762630707787615,4.310507395057922,第1天、第5天,1943
False,queue,False,True,7.3762178698557275,6.065628140775256,第4天、第5天,1944
False,queue,False,True,2.395481859934028,1.0026889901807157,第5天,1945
False,traffic,True,False,9.051499865704471,1.7262678976201902,第4天,1946
False,both,False,False,9.917970064501944,6.065366485878341,第2天、第5天,1947
True,none,True,True,4.377073701320477,1.675469293294826,无,1948
False,queue,False,True,5.985475087672316,3.842342412937763,第5天,1949
False,queue,False,True,3.2534530068811396,0.8706350797444751,第5天,1950
False,both,False,False,3.4935748102451125,7.259666631918536,第2天、第5天,1951
False,both,False,False,6.633230474015045,7.094506939711527,第1天、第2天、第5天,1952
False,both,False,False,8.7445763413046,2.9362908952558326,第2天、第5天,1953
False,both,False,False,6.090392481218355,1.5132707605271623,第5天,1954
False,queue,False,True,0.24220474147440874,2.2626496849509596,第5天,1955
False,both,False,False,7.059997952903016,2.3573208623563304,第2天、第5天,1956
True,none,True,True,5.309446357895219,1.101196341898799,无,1957
False,both,False,False,6.007953527684451,1.0853490929303864,第5天,1958
False,queue,False,True,7.078898557746508,4.580028954562646,第5天,1959
False,both,False,False,9.977034543269085,8.19484971790286,第2天、第4天、第5天,1960
False,queue,False,True,4.528157283119331,7.984976849349171,第2天、第4天、第5天,1961
True,none,True,True,8.313558825178891,0.31881178316613135,无,1962
False,both,False,False,5.448215068591194,2.9558927678981064,第5天,1963
False,queue,False,True,5.207294758573211,3.3622857654164915,第5天,1964
False,queue,False,True,12.093084280559001,3.7571533875511642,第3天、第4天,1965
False,queue,False,True,3.4737504029893564,8.4387754053853,第5天,1966
True,none,True,True,6.241249319485454,1.460203507301438,无,1967
False,both,False,False,7.828287647807168,3.7217340913065966,第2天、第4天,1968
False,queue,False,True,7.621231976014904,5.566823273332211,第2天、第5天,1969
False,queue,False,True,1.0034386358998422,4.339038688527887,第5天,1970
False,queue,False,True,5.292899489631757,1.9348603701268698,第5天,1971
True,none,True,True,7.76463189791783,0.10731199529776292,无,1972
False,both,False,False,12.416136838082075,4.4363614093857615,第2天、第5天,1973
False,queue,False,True,11.309160162200614,4.5032720582035335,第3天、第5天,1974
False,queue,False,True,12.376790932359842,3.1251923970313475,第5天,1975
False,queue,False,True,4.413442031521672,4.912297094615058,第5天,1976
False,both,False,False,7.0117798466604935,8.311928889898049,第3天、第5天,1977
False,traffic,True,False,9.563089457222564,2.2940811068318414,第1天,1978
False,both,False,False,13.233312109492779,2.5191626727191583,第2天、第5天,1979
True,none,True,True,5.571823563306954,0.0,无,1980
True,none,True,True,8.010908135845433,2.1927966890098753,无,1981
False,both,False,False,8.745869608183812,0.9878444445511284,第2天、第5天,1982
False,both,False,False,10.398505777831017,4.194879039823383,第1天、第5天,1983
False,traffic,True,False,2.555140620511469,5.645933485882045,第4天,1984
False,queue,False,True,6.015109232080497,4.982342805761431,第3天、第5天,1985
False,queue,False,True,6.457018809955748,4.445098527773521,第5天,1986
False,both,False,False,6.2224236770356915,4.795096332550505,第3天、第4天、第5天,1987
True,none,True,True,2.3133387051136944,2.5808740596514452,无,1988
False,queue,False,True,9.360487638636181,1.1540960272682292,第5天,1989
False,both,False,False,13.905371230866383,3.420480658246283,第2天、第3天、第5天,1990
False,both,False,False,14.837651526760622,2.760662176524451,第2天,1991
False,both,False,False,7.167285133561054,4.32187897218908,第5天,1992
False,both,False,False,18.842870741543543,1.1918885074651073,第5天,1993
False,both,False,False,9.308585493534977,6.408918970377413,第2天、第3天、第5天,1994
False,traffic,True,False,5.33475147389766,4.166244123108427,第1天,1995
False,both,False,False,9.449189200151096,1.440433226752333,第3天、第5天,1996
False,traffic,True,False,10.309801933410558,0.06221219707187742,第3天,1997
False,queue,False,True,9.216597905566369,0.3012345181970856,第5天,1998
False,both,False,False,10.646378299664871,2.189098024505262,第2天、第5天,1999
True,none,True,True,5.211580780020954,4.2670722298199335,无,2000
False,traffic,True,False,15.533168097222916,3.621576118689873,第4天,2001
False,queue,False,True,2.266907881210744,3.1901541347642235,第5天,2002
False,both,False,False,7.393965947498158,6.184960959105627,第1天、第5天,2003
False,both,False,False,18.856780959469027,5.694480379476008,第2天、第3天、第4天、第5天,2004
False,queue,False,True,5.3133595939338365,3.7108065408021376,第5天,2005
False,queue,False,True,3.790215631022234,2.9724828668505996,第5天,2006
False,both,False,False,9.369423946373477,5.128693969168005,第2天、第5天,2007
True,none,True,True,5.877105161881936,4.324788053599611,无,2008
False,both,False,False,5.500613417543059,3.6439776543219136,第4天、第5天,2009
False,queue,False,True,2.5566240584284734,3.6627806068975453,第2天,2010
False,both,False,False,10.505838507939853,5.644922922239188,第1天、第2天、第5天,2011
False,both,False,False,11.669352885991493,4.279819087331133,第2天、第3天、第4天、第5天,2012
False,both,False,False,13.127528070462574,3.3564092138452173,第2天、第3天、第5天,2013
False,both,False,False,8.358390354081273,0.7851802234030469,第5天,2014
True,none,True,True,4.550220171687387,0.0,无,2015
False,queue,False,True,5.016264433248002,5.622183925502281,第5天,2016
False,both,False,False,15.575553338882504,1.9122122232814787,第4天、第5天,2017
False,queue,False,True,7.726658484782142,2.45214647773035,第5天,2018
True,none,True,True,4.623458892611249,2.9182386004865535,无,2019
False,queue,False,True,8.323133464032045,7.3545499397164145,第4天、第5天,2020
True,none,True,True,3.962629864061574,0.0,无,2021
True,none,True,True,2.044359215402405,4.827874776226363,无,2022
True,none,True,True,0.0,1.8083560667508527,无,2023
False,queue,False,True,8.415356931694246,0.0,第5天,2024
False,traffic,True,False,10.909285811418002,2.3403842989401205,第4天、第5天,2025
False,both,False,False,5.339388233794182,1.3619921409762874,第2天,2026
False,both,False,False,11.042751227882462,4.222406309585487,第3天、第5天,2027
False,queue,False,True,7.04706208914936,3.4288204039831274,第4天,2028
True,none,True,True,6.276629931613606,3.3268394865465596,无,2029
False,both,False,False,7.8729238198786184,4.004967835261919,第5天,2030
False,both,False,False,7.73088254752498,5.11524646795388,第2天、第5天,2031
False,queue,False,True,3.0709645637424163,6.074332155071627,第5天,2032
False,both,False,False,16.341283417361147,2.4594226034860713,第3天、第5天,2033
True,none,True,True,1.381663360247936,5.105702288964305,无,2034
False,both,False,False,7.053374782154901,6.336510552481401,第2天、第5天,2035
True,none,True,True,4.5288807025824305,2.7080265486039394,无,2036
False,both,False,False,9.856493091274176,4.04332946147534,第4天、第5天,2037
False,both,False,False,8.736764967402857,6.292440033439982,第2天、第5天,2038
False,queue,False,True,6.208706504917056,0.5394089063339296,第5天,2039
False,queue,False,True,6.449976843356364,4.782197038005129,第2天、第5天,2040
False,both,False,False,5.702327661085861,4.881919473749122,第5天,2041
False,both,False,False,10.412114912710472,2.034201138138709,第5天,2042
False,both,False,False,9.809992834849439,4.86608783536565,第2天、第4天,2043
False,queue,False,True,6.348599720793834,0.0,第5天,2044
True,none,True,True,3.2211114617662915,1.160711073627183,无,2045
False,queue,False,True,5.712794849516917,5.316843841751186,第5天,2046
False,queue,False,True,4.3666495403093695,5.208516979308561,第5天,2047
True,none,True,True,5.753343288216008,2.394597377804052,无,2048
False,both,False,False,1.5291265273993255,7.018422899267083,第2天、第5天,2049
False,traffic,True,False,6.303578365324556,5.287167982666298,第1天,2050
True,none,True,True,4.006822102769712,0.6102388151649822,无,2051
True,none,True,True,5.425879235132843,1.993864223828009,无,2052
False,queue,False,True,5.2205261489126515,6.047415655307272,第4天、第5天,2053
False,queue,False,True,5.653644567477384,4.264581230096306,第5天,2054
False,both,False,False,10.558477844435089,7.437281809170557,第3天、第5天,2055
False,queue,False,True,4.437179153615919,1.8516883520548637,第5天,2056
False,both,False,False,21.55010394836539,0.981446413834225,第2天、第3天、第4天,2057
False,both,False,False,13.937429909757377,4.927266142962125,第2天、第4天、第5天,2058
False,both,False,False,12.785419244305402,7.013256435370149,第2天、第4天,2059
False,both,False,False,9.600602201358921,3.233269054814003,第1天、第5天,2060
False,both,False,False,11.608645756937182,6.100386587438834,第1天、第4天,2061
False,both,False,False,6.396305866326806,4.889917972454218,第5天,2062
False,both,False,False,7.869997310539176,2.225074622481625,第3天、第5天,2063
False,queue,False,True,3.80425449070877,0.4610770375373462,第5天,2064
False,queue,False,True,7.243548321624843,4.7764243917048095,第5天,2065
False,both,False,False,7.576634900967284,4.205758594775798,第1天,2066
False,queue,False,True,9.240242651334645,2.9417182786698293,第5天,2067
False,both,False,False,12.73805659582191,1.8464182591721827,第4天、第5天,2068
True,none,True,True,8.459539760896693,0.6022619462858108,无,2069
False,both,False,False,6.711377545684183,2.5048918630685835,第3天、第5天,2070
False,queue,False,True,12.013659188238304,4.158079803071868,第3天、第4天,2071
False,queue,False,True,2.4317035374924503,3.6292581125654326,第5天,2072
False,queue,False,True,7.690188095036628,3.650145077204037,第5天,2073
False,queue,False,True,4.406101944107621,3.1862290091235392,第5天,2074
True,none,True,True,5.3582403378045464,3.406498963048107,无,2075
False,both,False,False,8.535861740682535,6.443980604864417,第2天、第4天,2076
False,both,False,False,9.720111135727905,7.985244593327605,第1天、第5天,2077
False,both,False,False,6.720091869717066,7.048456943259491,第1天、第5天,2078
False,queue,False,True,12.279372097227181,0.015912724342201257,第2天,2079
False,both,False,False,6.599285511298184,4.896109625543229,第5天,2080
False,both,False,False,11.25498904367772,2.9872785948683425,第4天、第5天,2081
False,both,False,False,5.239001862646075,2.7107000169482687,第5天,2082
False,both,False,False,6.912280652201312,4.309632000880038,第2天、第5天,2083
False,queue,False,True,0.0,1.973030241880869,第5天,2084
False,both,False,False,10.080160261907194,1.0401150353945119,第5天,2085
False,both,False,False,8.596451434819414,1.902065430480051,第4天、第5天,2086
False,both,False,False,11.922942582303147,2.4212045561802236,第5天,2087
False,queue,False,True,0.0,6.111113646939602,第5天,2088
False,both,False,False,7.175025405060422,5.563015406246757,第2天、第5天,2089
False,queue,False,True,6.7794320715297065,3.974162104657453,第5天,2090
False,both,False,False,4.602165559545786,4.142224618923782,第2天、第5天,2091
False,both,False,False,7.776901458255347,9.816766712320286,第1天、第5天,2092
False,queue,False,True,9.081264088154168,3.2786572408081818,第2天、第5天,2093
False,both,False,False,6.595895075528532,1.1445144892335177,第2天,2094
False,queue,False,True,5.744501629240622,4.569063180274991,第3天、第5天,2095
False,both,False,False,4.289247654093249,2.793500541745411,第5天,2096
False,both,False,False,6.371805645842846,4.027114043743939,第2天、第5天,2097
False,queue,False,True,9.881718667685387,2.122471541430299,第5天,2098
False,both,False,False,12.277372746376011,3.6811303065579333,第3天、第4天、第5天,2099
False,both,False,False,9.868541939472765,3.679932926477069,第5天,2100
True,none,True,True,9.926693692998738,0.0,无,2101
False,queue,False,True,4.693173598320827,2.0005222731879804,第5天,2102
False,queue,False,True,0.0,3.8257381929046286,第5天,2103
False,both,False,False,15.946296101830693,6.8906544430827905,第1天、第2天、第3天、第5天,2104
False,queue,False,True,6.536358243633975,6.380308239359167,第5天,2105
False,both,False,False,11.733067167012258,5.885093850384596,第1天、第2天,2106
False,queue,False,True,8.19465034382294,3.5029771467139286,第2天、第5天,2107
True,none,True,True,4.8690234053210775,1.3983049549606545,无,2108
False,both,False,False,9.448666774612557,6.41096022956227,第3天、第5天,2109
False,both,False,False,7.24173111185343,5.93923076813132,第2天、第5天,2110
False,traffic,True,False,11.705816345167733,0.6945510671685081,第4天,2111
False,queue,False,True,6.884130374314614,2.9484085170213756,第5天,2112
True,none,True,True,0.0,2.6234594442992027,无,2113
False,both,False,False,7.3596083332103674,2.6410927516462266,第2天、第5天,2114
True,none,True,True,4.155419446009879,1.9690475088993287,无,2115
False,both,False,False,10.409307405753966,3.887204323604836,第3天、第4天、第5天,2116
False,both,False,False,5.344024802831488,6.373418177653191,第2天、第5天,2117
True,none,True,True,4.271165216776636,3.9144958993379784,无,2118
True,none,True,True,0.5604156510574254,2.8076076068382525,无,2119
False,queue,False,True,4.430250329240334,3.6228579397533522,第4天、第5天,2120
False,both,False,False,4.18023301954824,4.53305214203567,第5天,2121
False,both,False,False,9.186336559980125,5.133541611024568,第1天、第5天,2122
False,both,False,False,14.47567868031321,2.803458537675167,第3天、第5天,2123
False,queue,False,True,2.402941922203649,6.268036734822543,第5天,2124
False,both,False,False,11.0113468257296,1.4586795241872155,第5天,2125
False,both,False,False,5.21965542329323,2.311878233968655,第5天,2126
False,queue,False,True,4.03829525034506,5.226417775801011,第4天、第5天,2127
True,none,True,True,7.437515808037951,0.0,无,2128
True,none,True,True,4.439890392458244,2.515054600363621,无,2129
False,queue,False,True,6.155211329247152,3.4511004024052476,第5天,2130
False,queue,False,True,8.80275413231913,0.6610039185789516,第3天,2131
False,queue,False,True,1.5357425224470058,2.7946327298365476,第5天,2132
False,both,False,False,6.422186547495494,2.000293605638376,第5天,2133
False,queue,False,True,7.999881300890827,2.877431194120824,第4天,2134
False,queue,False,True,6.912845056408176,5.8162052617865765,第3天、第5天,2135
False,queue,False,True,3.6808881648685032,2.2937209894277393,第5天,2136
False,both,False,False,6.055908596437672,3.428631183913587,第2天、第5天,2137
False,traffic,True,False,12.591304257991514,3.166173913655063,第4天,2138
False,queue,False,True,5.4287088411654025,3.014756881113132,第3天,2139
False,queue,False,True,3.3976118299323135,2.0229000131020074,第5天,2140
False,queue,False,True,11.262916200775862,2.0659864836849104,第4天,2141
False,both,False,False,11.299731996651094,4.63923245733316,第1天、第4天、第5天,2142
False,queue,False,True,8.66936742333628,2.5982587599891955,第5天,2143
False,both,False,False,12.251537145602835,3.6093786329020374,第3天、第4天、第5天,2144
False,queue,False,True,1.5644934884271142,1.2915330351494223,第5天,2145
False,both,False,False,6.384423669334942,2.89025881952744,第2天、第4天,2146
False,queue,False,True,3.8211823777320686,5.013884104850778,第5天,2147
True,none,True,True,7.334383991023922,2.9333633592773056,无,2148
False,both,False,False,8.703916073009422,2.3320764774238087,第2天,2149
False,both,False,False,6.966411493297863,6.498872719119742,第5天,2150
False,queue,False,True,11.987134364073881,5.259454869997089,第2天、第3天、第5天,2151
False,queue,False,True,5.045779532996914,0.3044927221543614,第5天,2152
False,both,False,False,12.52637188044779,2.5182106633426065,第4天、第5天,2153
True,none,True,True,5.102020290783609,6.233590803688344,无,2154
False,queue,False,True,2.5093868257493046,5.205217815682058,第5天,2155
False,queue,False,True,9.131545233176114,2.065970676675382,第5天,2156
False,queue,False,True,10.26801263483102,0.8557334538315077,第2天、第5天,2157
True,none,True,True,11.259724947573215,1.043687099880683,无,2158
True,none,True,True,10.403401081308186,2.611438145525998,无,2159
False,traffic,True,False,8.817793959810967,3.088474434750601,第5天,2160
False,queue,False,True,2.503329288785893,4.275443517888853,第5天,2161
False,both,False,False,10.325197659982999,4.01293839832277,第4天、第5天,2162
False,queue,False,True,1.5752562626760687,7.411365201743282,第5天,2163
True,none,True,True,0.0,3.9021045311251825,无,2164
False,queue,False,True,5.229906719841873,2.0735295156617637,第5天,2165
False,queue,False,True,9.41564394701349,4.2182695388669655,第5天,2166
False,queue,False,True,7.541014186894394,2.4525135039174213,第3天、第5天,2167
False,both,False,False,13.094195203184992,3.6454810150748918,第2天、第3天、第5天,2168
False,queue,False,True,1.8724493609017188,3.262312410221722,第5天,2169
False,both,False,False,10.03896345502936,0.185189018543092,第4天,2170
False,both,False,False,14.756375975838278,3.8251864994152545,第3天、第5天,2171
False,queue,False,True,1.6697981416448637,1.7990154099258895,第5天,2172
False,queue,False,True,6.655314386764926,6.100367759666959,第4天、第5天,2173
False,both,False,False,8.347269941080146,7.377242082028125,第1天、第2天、第5天,2174
False,both,False,False,11.869319398738753,2.5299080967454977,第5天,2175
False,queue,False,True,4.283895163774467,0.9850172333601264,第5天,2176
False,both,False,False,7.695594569797896,6.174633726869283,第5天,2177
False,queue,False,True,10.553347555206585,3.1639842624132304,第5天,2178
False,queue,False,True,2.4172797809074344,4.8891216659372745,第5天,2179
False,both,False,False,7.082527516738888,4.91830962411426,第4天、第5天,2180
False,queue,False,True,5.572516277581893,4.645714067109343,第5天,2181
False,both,False,False,6.885693944061337,5.646285728480789,第5天,2182
False,both,False,False,15.908788311782004,2.601299368837972,第3天、第5天,2183
False,both,False,False,11.05264777425611,1.8468912925944196,第5天,2184
False,queue,False,True,5.554383958461227,4.091494381967648,第5天,2185
False,queue,False,True,4.552758772254442,6.73185212372209,第5天,2186
True,none,True,True,5.317168923204118,0.8179436884119252,无,2187
False,queue,False,True,6.121753124973168,3.5461944078657397,第4天、第5天,2188
False,both,False,False,13.044855777248925,4.43691736113928,第3天、第5天,2189
False,queue,False,True,6.314959159869275,2.675017982786887,第5天,2190
False,both,False,False,10.364603398539046,2.144835407429387,第5天,2191
False,both,False,False,9.396247277471758,4.933732591821382,第1天、第4天、第5天,2192
False,both,False,False,3.80144073816271,5.502331185422321,第2天、第5天,2193
False,queue,False,True,6.906513648259103,0.0,第4天,2194
True,none,True,True,2.893849479701564,1.956047582398221,无,2195
False,both,False,False,12.141994672755638,1.0060212194404667,第3天、第5天,2196
False,queue,False,True,3.4378817693117494,9.400509095227518,第4天、第5天,2197
False,both,False,False,10.383483138521171,1.5648306460880934,第5天,2198
False,both,False,False,6.630296848994564,1.8274236511766464,第2天、第5天,2199
False,both,False,False,7.05912210370982,4.171769204445579,第5天,2200
False,both,False,False,14.643639027763667,3.574985646040367,第1天、第4天、第5天,2201
False,both,False,False,9.014517240979574,4.2261207764878534,第2天、第5天,2202
False,queue,False,True,4.489386429757548,5.569970291786183,第5天,2203
True,none,True,True,5.4229808338455925,0.0,无,2204
True,none,True,True,1.3293508167311687,4.091641902262678,无,2205
False,queue,False,True,6.280646190304007,1.948919436318351,第5天,2206
False,both,False,False,5.444389104423449,2.970740034455695,第2天、第5天,2207
True,none,True,True,0.0,2.195449558277054,无,2208
False,queue,False,True,9.796197458414035,1.7081450443779518,第4天,2209
False,both,False,False,12.044370654268993,6.792413000619952,第2天、第3天、第5天,2210
False,both,False,False,10.665095832992805,2.8732251275134137,第4天、第5天,2211
False,queue,False,True,4.779937274798961,2.2656499806013026,第4天、第5天,2212
False,both,False,False,10.330467587044684,5.104572607158534,第2天、第3天、第5天,2213
False,queue,False,True,2.670524972771602,3.554024740802162,第5天,2214
False,traffic,True,False,8.039768794193705,4.857820724421128,第5天,2215
False,queue,False,True,6.821540267718421,3.7964840624106437,第5天,2216
False,both,False,False,12.561252623050734,3.003083204314395,第3天、第4天,2217
False,both,False,False,13.524222149262016,4.860708521365676,第3天、第5天,2218
False,queue,False,True,7.524530288724485,7.290056911917842,第3天,2219
False,traffic,True,False,9.134101392594884,2.87016308950393,第1天,2220
False,both,False,False,11.75887546267206,0.0,第1天、第4天,2221
False,queue,False,True,3.9483852132402832,1.218435041995488,第3天、第5天,2222
False,both,False,False,10.880205841370426,3.041444615267899,第2天、第4天,2223
False,both,False,False,7.6272862131807955,2.9015551482233994,第2天、第5天,2224
False,queue,False,True,9.175891653431828,6.0306882055165865,第3天,2225
False,both,False,False,15.645652062151049,0.0,第2天,2226
False,queue,False,True,0.8227646450029696,3.730379976142566,第5天,2227
False,queue,False,True,7.871321612520621,0.6093497518382978,第5天,2228
True,none,True,True,4.689781144145025,5.332689162024561,无,2229
True,none,True,True,6.2761330577681465,1.274402309478015,无,2230
False,both,False,False,6.815263844328515,1.9631570301351746,第2天,2231
False,both,False,False,8.77621227564661,8.236528658758898,第1天、第3天、第5天,2232
False,queue,False,True,10.957205711013614,0.38908171010585935,第5天,2233
False,queue,False,True,0.0,4.426716358026735,第5天,2234
False,queue,False,True,11.271436690844894,2.925238401313999,第3天、第4天、第5天,2235
False,both,False,False,10.483316775224171,4.533456270101539,第3天、第5天,2236
True,none,True,True,5.573482012801515,2.0486504352021275,无,2237
False,queue,False,True,4.27476716862364,3.0120925726468935,第5天,2238
False,queue,False,True,3.2950261887331713,7.654177336965852,第5天,2239
False,queue,False,True,1.0607828531969872,6.61508638480136,第5天,2240
False,both,False,False,4.287880176930044,4.143975081780892,第2天、第5天,2241
False,both,False,False,8.950051090207003,1.8405525724791896,第2天,2242
False,both,False,False,12.81570740765807,4.138551412007024,第1天、第2天、第3天、第4天,2243
False,both,False,False,4.9056751998264705,7.584964467499383,第3天、第4天、第5天,2244
False,both,False,False,11.29962925382548,0.268039729005208,第2天,2245
False,queue,False,True,6.372574341536225,1.0872795526003718,第5天,2246
False,queue,False,True,5.590261437253973,1.9301462517405354,第5天,2247
False,queue,False,True,6.077840643806987,1.1488649167929332,第3天,2248
False,queue,False,True,5.462592222403904,2.581446013351708,第5天,2249
False,both,False,False,7.807078939870157,5.245068810249997,第1天、第5天,2250
False,traffic,True,False,7.804851482032464,0.2350232257518129,第2天,2251
False,queue,False,True,9.639812583096887,5.006757122812456,第3天、第4天、第5天,2252
False,both,False,False,13.808463211025527,2.711872276322439,第2天、第3天、第4天,2253
False,both,False,False,7.308782968257928,4.854419512684455,第2天、第5天,2254
False,queue,False,True,2.164054374604045,5.888649239772226,第5天,2255
False,queue,False,True,3.2995479543191073,5.84007750219825,第5天,2256
False,both,False,False,15.17351846472349,3.3569603186652985,第3天、第5天,2257
False,queue,False,True,5.103057450632595,1.576253543786287,第5天,2258
False,queue,False,True,7.898911624196007,1.8239797646987372,第3天,2259
True,none,True,True,13.600178368927162,3.768247452665156,无,2260
False,queue,False,True,9.722913602372165,0.9564604845889181,第5天,2261
False,both,False,False,7.454335047969011,3.715572101559486,第5天,2262
False,both,False,False,5.984006307916375,2.753194965518471,第2天、第3天,2263
True,none,True,True,6.025075241158368,2.5158798188678997,无,2264
False,both,False,False,12.658141746009731,6.632053838575448,第3天、第5天,2265
False,traffic,True,False,8.629774263845533,1.2256455414486136,第2天,2266
True,none,True,True,0.6016787227830613,2.9820290190849286,无,2267
False,queue,False,True,2.709982464920973,4.093380965860678,第5天,2268
False,both,False,False,14.002190879307872,0.3860091063643696,第2天、第4天,2269
False,both,False,False,9.739987366897491,3.2208472858295125,第2天、第5天,2270
False,traffic,True,False,14.061017207660608,1.316280649238418,第3天,2271
True,none,True,True,5.542819591600575,0.8936855027979111,无,2272
False,queue,False,True,2.588793189556077,5.921392332218951,第5天,2273
False,both,False,False,11.508419519111445,8.172422194153357,第2天、第4天、第5天,2274
False,both,False,False,14.179773809552644,6.429821313095266,第1天、第2天、第3天、第5天,2275
False,both,False,False,8.620844912620205,7.771670269495153,第2天、第3天、第5天,2276
True,none,True,True,1.335660795538791,2.724981578432251,无,2277
False,queue,False,True,3.2168272476433284,2.6651344133275576,第5天,2278
False,queue,False,True,2.6586603454898006,5.438989415012765,第5天,2279
False,queue,False,True,6.037375130913315,3.980582802004337,第5天,2280
False,queue,False,True,8.063799918955203,2.784930035242737,第5天,2281
False,both,False,False,5.301388062371254,4.216195427099526,第1天、第5天,2282
False,both,False,False,10.161174839547147,1.2406957350322267,第2天,2283
False,both,False,False,6.470298130489503,4.643416708442669,第1天、第2天、第5天,2284
True,none,True,True,3.6238337606768987,0.6693180795803975,无,2285
False,queue,False,True,2.1398305400822766,7.937858162548225,第5天,2286
False,both,False,False,10.316567032806823,1.1848599501705053,第5天,2287
True,none,True,True,2.5392354212282777,2.7753007323271754,无,2288
False,queue,False,True,1.0842172770589849,4.767177688753129,第5天,2289
False,both,False,False,2.697504413931699,6.046009965633977,第3天,2290
True,none,True,True,1.507275657722273,1.4055742760877354,无,2291
False,queue,False,True,3.8630584996026514,6.666222224646995,第3天、第5天,2292
False,both,False,False,17.673460019146297,3.5261213640056956,第2天、第4天、第5天,2293
False,queue,False,True,7.0564003496534236,0.0,第5天,2294
False,both,False,False,10.90121943136835,2.361644384987443,第3天、第5天,2295
False,both,False,False,15.2200206806656,2.8171184076648808,第4天、第5天,2296
False,queue,False,True,5.775208631930694,2.717851642837894,第5天,2297
False,queue,False,True,5.386830111592143,2.901756286535945,第2天、第5天,2298
False,both,False,False,7.496710615388644,8.481707630520667,第4天、第5天,2299
False,queue,False,True,7.880084138190874,5.753324749805056,第4天、第5天,2300
False,both,False,False,9.487915771330245,5.277524121970907,第1天、第4天、第5天,2301
False,both,False,False,7.936742266490906,6.854651364187518,第4天、第5天,2302
True,none,True,True,8.826812941635378,4.458219316858841,无,2303
False,queue,False,True,2.7786046450596222,3.1938930088960857,第5天,2304
False,both,False,False,3.7784362498262674,5.0672892930993925,第5天,2305
False,queue,False,True,12.879433994801047,5.827041466196141,第5天,2306
False,both,False,False,4.19419279104502,4.179493570586529,第2天、第5天,2307
False,both,False,False,4.891556973851495,8.449454162875796,第3天、第5天,2308
False,queue,False,True,11.431850935367692,2.6163792688811687,第3天、第5天,2309
True,none,True,True,1.3506157506736043,0.5608641020689815,无,2310
False,both,False,False,7.284090644525008,5.059858442215539,第5天,2311
False,both,False,False,14.945267381381168,1.9817581803249533,第2天、第3天、第5天,2312
False,queue,False,True,8.600079971340431,1.502553420003791,第5天,2313
False,queue,False,True,4.851845316785658,1.5893300717939498,第5天,2314
False,both,False,False,5.469532165845374,6.62067486174435,第1天、第5天,2315
False,both,False,False,5.999705664795359,6.721368095454709,第2天、第5天,2316
False,queue,False,True,1.1568751562340596,6.720690201038556,第5天,2317
False,queue,False,True,5.5881801948903185,5.6044439669095265,第5天,2318
False,both,False,False,15.175936238281771,2.1505301272782162,第4天,2319
False,both,False,False,8.564092440567375,6.675807082700102,第2天、第4天、第5天,2320
False,queue,False,True,8.586123549680735,2.594878695419512,第2天、第3天、第5天,2321
False,both,False,False,10.10273217949157,4.302384357570632,第2天、第4天、第5天,2322
False,queue,False,True,9.972730104994495,3.5546039917816517,第3天、第4天、第5天,2323
False,queue,False,True,3.083143287356355,3.7545267141278083,第5天,2324
False,traffic,True,False,9.168632773635654,3.082927302887706,第4天,2325
False,queue,False,True,6.161864641825359,1.9192869194407742,第4天、第5天,2326
False,queue,False,True,9.55743368912502,2.6129232121512063,第5天,2327
False,both,False,False,12.733011837741545,0.9064583482204573,第1天、第5天,2328
False,both,False,False,4.520840641762001,5.3907940592873596,第2天,2329
False,both,False,False,5.748423472628277,7.194469866220935,第2天、第5天,2330
False,queue,False,True,9.41117239701358,4.204175157846384,第5天,2331
False,both,False,False,19.498856935367126,4.956898317629489,第4天、第5天,2332
False,traffic,True,False,12.140730792014558,1.40087775398727,第3天,2333
True,none,True,True,5.709913705092524,5.551178160307283,无,2334
False,both,False,False,13.052391016453933,1.6213128828138321,第2天、第4天、第5天,2335
False,queue,False,True,4.979617570717316,8.028533959758928,第5天,2336
False,queue,False,True,1.0936014152876425,3.8598830759876357,第5天,2337
False,traffic,True,False,8.234619633765309,6.718445742793267,第3天,2338
False,both,False,False,9.889112404603004,1.8282564151626581,第3天、第5天,2339
False,queue,False,True,10.507299631272083,4.378380981298745,第2天、第5天,2340
False,both,False,False,10.488081793434683,5.042944357178975,第4天、第5天,2341
False,both,False,False,11.886027197472583,2.7983891632391438,第2天、第5天,2342
False,traffic,True,False,6.50066318052072,7.166262444421006,第2天,2343
False,both,False,False,9.260049470910335,3.6080323159910437,第4天、第5天,2344
False,both,False,False,10.082429195065561,6.970073568417198,第4天、第5天,2345
False,traffic,True,False,6.684804986305665,2.656069362859752,第5天,2346
False,queue,False,True,4.649406864649521,0.0,第5天,2347
False,queue,False,True,5.695949634006261,3.321968983365879,第5天,2348
False,both,False,False,12.633677757354945,3.022630922305214,第5天,2349
False,both,False,False,11.120427818751846,0.5734327399841275,第2天、第3天、第5天,2350
False,both,False,False,8.841442435389666,2.918050435125514,第3天、第5天,2351
False,traffic,True,False,7.608733575142002,3.692062061123525,第3天,2352
False,both,False,False,12.308997609461532,0.992964575233388,第2天、第5天,2353
False,both,False,False,4.4415824970527344,6.112539384628544,第2天、第5天,2354
False,both,False,False,12.953860167912056,3.510997812120205,第2天、第3天、第4天,2355
False,both,False,False,14.061359801997023,7.268952905763079,第1天、第3天、第4天、第5天,2356
True,none,True,True,3.497517356164159,3.081689209303028,无,2357
False,queue,False,True,5.545996153948496,4.485726853400965,第5天,2358
False,queue,False,True,6.733303983256182,1.3797340319049263,第5天,2359
True,none,True,True,4.689725739559958,4.236455396071429,无,2360
False,both,False,False,9.313322631210017,2.7169589594647485,第4天、第5天,2361
True,none,True,True,7.484661667154617,2.155698228813759,无,2362
False,both,False,False,13.370051134836698,4.541038595500596,第3天、第4天、第5天,2363
False,both,False,False,8.907613492730484,5.171461199798107,第4天、第5天,2364
False,queue,False,True,3.75610836235859,1.7226143284845692,第3天、第5天,2365
False,both,False,False,5.674555574921756,10.190272622321407,第2天、第5天,2366
True,none,True,True,3.7575515717547936,0.74656250383847,无,2367
False,both,False,False,4.447194899328867,2.8297736027978426,第5天,2368
False,both,False,False,8.294180011952264,4.23024759108552,第3天、第5天,2369
False,both,False,False,11.739160361220602,3.0044142108287346,第2天、第5天,2370
False,queue,False,True,6.698615390745492,0.29086758696403126,第5天,2371
False,both,False,False,7.687775080517183,7.193266809428469,第2天,2372
False,both,False,False,18.59800913505147,6.347921967462231,第3天、第4天、第5天,2373
False,both,False,False,13.242130775208567,5.894601538437011,第2天、第5天,2374
False,queue,False,True,3.5474650843348643,6.386899684576337,第5天,2375
False,both,False,False,18.718043843818304,2.882737925121214,第2天、第3天、第5天,2376
False,both,False,False,12.88756734634602,2.2595795675932826,第4天、第5天,2377
False,queue,False,True,3.9001528832877144,2.0587507473499427,第5天,2378
False,queue,False,True,3.8918314659725537,1.6918280179435499,第5天,2379
False,both,False,False,9.500269800141766,6.883426147343192,第2天、第4天、第5天,2380
False,both,False,False,10.72934105561416,6.629724267654968,第3天、第5天,2381
False,both,False,False,12.75429709689718,6.005060134762871,第4天、第5天,2382
False,both,False,False,5.324713434699962,2.3515688990237473,第5天,2383
False,traffic,True,False,6.196422488736519,0.3721364984781812,第4天,2384
False,both,False,False,9.360573521693958,3.1512883596300236,第2天、第4天、第5天,2385
True,none,True,True,12.124474580476761,0.6790854809444171,无,2386
False,queue,False,True,6.676530501140863,1.9271692251990444,第5天,2387
False,both,False,False,10.323848622516843,7.880574419210589,第2天、第3天、第5天,2388
False,queue,False,True,6.059668594158413,4.634214734455094,第2天、第5天,2389
False,both,False,False,12.829173876110527,2.198715725705842,第4天、第5天,2390
False,both,False,False,10.613355120674385,3.1745813986859184,第2天、第3天、第5天,2391
False,both,False,False,11.556607393325027,4.527524445884593,第4天、第5天,2392
False,queue,False,True,5.178931657616526,4.883032964997751,第5天,2393
True,none,True,True,5.845178250841707,0.8162291220669015,无,2394
False,both,False,False,11.902667555021019,4.420192108914062,第3天、第4天,2395
False,queue,False,True,4.601525559996866,6.7823974076118745,第5天,2396
False,both,False,False,9.997427738038368,6.06267999278271,第4天、第5天,2397
False,queue,False,True,4.105630109506353,2.047185341091069,第5天,2398
False,queue,False,True,3.163842730004485,1.8106125849338799,第5天,2399
False,queue,False,True,9.486802363015482,2.748430498837701,第3天、第5天,2400
False,both,False,False,13.516875565173695,5.787909136113905,第2天、第4天、第5天,2401
False,traffic,True,False,9.739478320345087,2.2155099451154623,第3天,2402
False,both,False,False,14.422803250342595,1.9138215747672078,第4天、第5天,2403
False,both,False,False,6.613476562007735,2.507319901433466,第5天,2404
False,queue,False,True,7.11942911630063,1.521757588152425,第5天,2405
False,both,False,False,15.13885659669538,5.431321122423241,第2天、第4天、第5天,2406
False,queue,False,True,1.7236151024337936,4.059896587825031,第5天,2407
False,queue,False,True,5.514423703232287,5.410344438425941,第5天,2408
False,both,False,False,13.566796829464456,1.8335510620327913,第4天、第5天,2409
False,both,False,False,7.254791933999393,4.498191813886318,第5天,2410
False,queue,False,True,12.771106880228356,2.724797731354783,第3天、第4天,2411
False,queue,False,True,8.224069543460047,3.472769453992826,第3天、第5天,2412
False,both,False,False,9.820045352770457,3.664910170655161,第5天,2413
True,none,True,True,1.4202966543095505,2.5450418747044252,无,2414
False,both,False,False,8.299475939298725,4.283028093191566,第5天,2415
False,both,False,False,8.939608384765934,3.067062494055424,第4天、第5天,2416
False,both,False,False,10.764184758951817,4.517085184090895,第5天,2417
False,both,False,False,6.725383891032526,9.730074566580942,第1天、第3天、第5天,2418
False,both,False,False,7.4214745273324105,6.759701767736832,第1天、第5天,2419
False,both,False,False,21.35907864536931,0.9734248512988926,第2天、第4天、第5天,2420
False,queue,False,True,4.277408755522901,0.7353173345049366,第5天,2421
False,queue,False,True,5.68796798719228,2.8252035271628246,第5天,2422
False,queue,False,True,9.18856313970652,0.7846027720210486,第5天,2423
True,none,True,True,3.008886497267607,2.6174687691764875,无,2424
True,none,True,True,6.1183743671851385,3.2869879644343465,无,2425
False,queue,False,True,4.244693556184859,3.6188399013874504,第5天,2426
False,both,False,False,8.229280062843904,0.7961478209963133,第3天、第5天,2427
False,both,False,False,9.405310987500448,7.652744503899055,第1天、第2天、第5天,2428
False,queue,False,True,8.350063978849494,1.3322888060738665,第5天,2429
False,both,False,False,9.908615550503944,1.4507753534818961,第5天,2430
False,queue,False,True,2.2596680598995533,4.212562796999138,第5天,2431
False,traffic,True,False,9.114365238973214,0.8205427476644218,第4天,2432
False,queue,False,True,10.167435358010783,1.6273848719064556,第4天、第5天,2433
False,both,False,False,9.424812109871667,1.9876011189524703,第3天、第5天,2434
False,both,False,False,8.035388708342268,5.42691382118258,第1天、第5天,2435
False,both,False,False,8.765421087185523,5.390879771808752,第3天、第4天,2436
True,none,True,True,8.661422765128792,2.7969787006539226,无,2437
False,queue,False,True,12.411435252166143,1.2163090010317243,第4天、第5天,2438
False,both,False,False,14.227104541543287,4.861845381639478,第2天、第5天,2439
False,queue,False,True,1.5662230825018075,3.852060336407973,第5天,2440
False,both,False,False,11.551038638934983,3.4222577887720282,第2天、第5天,2441
False,queue,False,True,8.705853964080056,4.450915561039057,第4天,2442
False,traffic,True,False,8.877639476427293,4.2505107379030935,第3天,2443
False,queue,False,True,10.680352685406575,1.2090301575467859,第3天、第5天,2444
False,both,False,False,6.503660184573036,6.976984832767073,第1天、第5天,2445
False,queue,False,True,5.082365486172462,4.1436213710802505,第2天、第5天,2446
False,traffic,True,False,6.389717942173974,4.033741212071824,第1天,2447
False,queue,False,True,6.694168986648478,0.0,第5天,2448
False,both,False,False,13.981819958762143,3.3219806089767037,第5天,2449
False,both,False,False,13.278863054947827,5.695375402376769,第3天、第5天,2450
False,traffic,True,False,12.286251497427813,6.296276062474359,第5天,2451
False,both,False,False,12.68567840437941,3.009038637963692,第2天,2452
False,queue,False,True,6.19176710978351,6.262965421113127,第4天、第5天,2453
False,queue,False,True,10.965546062335818,2.532973110993416,第4天,2454
False,both,False,False,7.0579329865623865,1.6409494420352495,第2天,2455
False,queue,False,True,6.562604485357372,3.4148142934353327,第5天,2456
False,queue,False,True,7.0998364641318865,2.3276263656913105,第3天、第5天,2457
False,queue,False,True,2.8709481490051125,4.683170127258483,第5天,2458
False,queue,False,True,5.171215040374862,2.247422286721351,第5天,2459
False,queue,False,True,0.0,4.078733921808327,第5天,2460
False,both,False,False,9.119518386192158,4.144951044748414,第4天、第5天,2461
False,queue,False,True,4.7733673492325845,5.901704431206664,第2天、第5天,2462
True,none,True,True,4.508499942482644,3.892662313392886,无,2463
False,both,False,False,10.433090677977555,7.324741076941396,第1天、第2天、第5天,2464
False,both,False,False,8.089521676022807,4.104352492374851,第3天、第5天,2465
False,both,False,False,7.287434119735032,0.2615365651661855,第4天,2466
False,queue,False,True,6.8245246398394155,4.525097679126787,第3天、第5天,2467
True,none,True,True,1.020163319498462,0.1615583356820024,无,2468
False,both,False,False,8.027095928270224,6.2499034828841165,第4天、第5天,2469
False,queue,False,True,3.5512319274869926,1.5666468769227926,第5天,2470
False,both,False,False,10.246168012789726,2.320946817054669,第5天,2471
False,both,False,False,8.008990059751534,6.780187044636793,第3天、第5天,2472
False,both,False,False,5.77105396430041,3.491535306077944,第2天、第5天,2473
False,queue,False,True,2.7596222763987734,4.426607213039613,第4天、第5天,2474
False,queue,False,True,2.0368093874183217,1.9573677484637837,第5天,2475
True,none,True,True,2.2316540556072453,0.0,无,2476
False,both,False,False,2.580588843511287,5.291285313443263,第2天,2477
False,traffic,True,False,5.149897190959623,8.049997237230322,第1天,2478
False,both,False,False,11.48933425887213,3.7226022024054126,第2天、第4天、第5天,2479
False,queue,False,True,9.01865633122257,2.3292878027066424,第2天、第3天、第5天,2480
False,both,False,False,8.580459332952955,5.730109624846449,第1天、第5天,2481
True,none,True,True,4.041456650689958,2.114566932903328,无,2482
False,queue,False,True,3.689243832411587,4.972139215608371,第5天,2483
False,both,False,False,11.919325779011404,3.3626493391894203,第4天、第5天,2484
False,queue,False,True,9.469581986560257,0.649814399599161,第2天、第5天,2485
False,queue,False,True,5.374944608177733,0.675199583321262,第3天,2486
False,queue,False,True,9.569942771772125,2.968011843286299,第5天,2487
False,traffic,True,False,6.9176053390680945,6.023496507163056,第3天,2488
False,both,False,False,10.095937670023172,4.025521268569442,第2天、第5天,2489
False,both,False,False,11.766830366894386,3.5053514276292512,第2天、第3天、第5天,2490
False,queue,False,True,7.426380647857306,4.976754852028442,第5天,2491
False,both,False,False,7.932980457142339,2.7897832673912477,第5天,2492
False,both,False,False,14.107915862230794,3.7199577624567324,第2天、第4天、第5天,2493
False,both,False,False,8.9932053937188,3.9001137101106123,第2天、第4天、第5天,2494
False,both,False,False,10.805739985998795,3.0663673979452213,第3天、第5天,2495
False,both,False,False,5.3832056855400205,4.266140697568847,第3天,2496
False,queue,False,True,7.817614757981808,2.291254801941977,第4天、第5天,2497
False,both,False,False,6.729125788127371,2.9821422405886975,第5天,2498
False,both,False,False,7.72353126541919,3.169524260684857,第5天,2499
False,both,False,False,9.394232803452695,3.4112155180224732,第4天、第5天,2500
False,queue,False,True,5.85137855355709,1.2801339352008019,第5天,2501
False,both,False,False,5.627855684991124,4.500206619930172,第1天、第5天,2502
False,queue,False,True,3.215266997515897,1.7263976355224269,第5天,2503
False,traffic,True,False,3.6155292371358225,5.934972671990061,第5天,2504
False,queue,False,True,6.151072787719955,0.8826114820284809,第5天,2505
True,none,True,True,2.8850843463741795,4.478619861175415,无,2506
False,queue,False,True,1.9188272978572725,7.057014371046776,第5天,2507
False,both,False,False,10.03818300484768,2.5811563139503986,第2天、第5天,2508
False,queue,False,True,6.661786215766994,3.517976760971321,第5天,2509
False,queue,False,True,5.176231826527888,3.998915303314,第5天,2510
False,queue,False,True,9.154613945188103,5.594666823910448,第4天、第5天,2511
False,both,False,False,4.801456706839879,4.062139678142602,第2天、第5天,2512
True,none,True,True,0.329902455865212,1.6064321926399572,无,2513
False,queue,False,True,5.499400175682607,2.4152188644922963,第5天,2514
False,queue,False,True,10.03030953110916,3.4686886643848895,第5天,2515
False,queue,False,True,2.1567711630194055,2.6740406186558605,第5天,2516
False,queue,False,True,4.942021573021069,1.646659150088335,第5天,2517
False,queue,False,True,8.280082202424946,3.673660120075769,第2天、第5天,2518
False,queue,False,True,7.47141137119685,4.7805029218785915,第5天,2519
False,queue,False,True,3.497603460082895,7.2979436899843435,第5天,2520
True,none,True,True,6.820339033676845,5.161240936943139,无,2521
False,both,False,False,13.406747016849756,0.5335579609300708,第2天、第5天,2522
False,both,False,False,14.157355335151951,1.5052612347095753,第2天、第4天、第5天,2523
False,queue,False,True,9.293230959604085,5.131599485044431,第4天,2524
False,both,False,False,9.361399361194245,4.139155071181643,第2天、第5天,2525
False,both,False,False,7.896502968525885,3.2183911906193137,第2天、第5天,2526
False,both,False,False,12.874662323414956,4.503842304437994,第2天、第3天,2527
False,queue,False,True,9.358890016905951,4.146646691808222,第5天,2528
False,both,False,False,4.4767642106628305,1.2932739199554502,第5天,2529
True,none,True,True,3.1586648712252545,6.1634343826788305,无,2530
False,queue,False,True,7.755179824283847,0.6078542613180243,第4天,2531
False,both,False,False,7.066379514579987,1.6570114115573118,第2天,2532
False,both,False,False,9.33417196621759,2.1719145758125142,第5天,2533
False,both,False,False,6.534162417739779,4.643095525181853,第5天,2534
True,none,True,True,0.0,2.892755181324848,无,2535
True,none,True,True,3.9817391561015874,2.664165950198612,无,2536
False,both,False,False,9.63805646927576,3.7504261371847463,第5天,2537
True,none,True,True,5.823339297971362,3.0287352699546584,无,2538
False,both,False,False,13.64201594690316,4.031631174917072,第1天、第4天、第5天,2539
False,both,False,False,8.563274217741506,2.1905451677711993,第5天,2540
False,both,False,False,5.436743736504048,6.580285915603412,第1天、第5天,2541
False,queue,False,True,6.005193139712299,2.712448367008534,第5天,2542
False,both,False,False,3.652162712248848,6.149736148246876,第3天、第5天,2543
False,queue,False,True,5.354559555072877,4.043551863641805,第5天,2544
False,queue,False,True,1.2380456934257842,3.2040904691423187,第5天,2545
False,both,False,False,7.221117232068767,7.857412297062502,第2天、第5天,2546
False,queue,False,True,7.246589486679325,3.88925790379107,第5天,2547
False,queue,False,True,10.954962281740617,0.0,第4天、第5天,2548
False,queue,False,True,12.648677456635102,3.8230881182501317,第3天、第5天,2549
False,both,False,False,7.380813577651748,5.749579783566973,第2天、第3天、第5天,2550
True,none,True,True,2.0981168483058887,0.10221081265547272,无,2551
False,both,False,False,9.217851122741076,4.860221267368061,第2天、第5天,2552
False,both,False,False,3.2425132625023636,2.8063256551662104,第2天、第5天,2553
False,both,False,False,6.772901874031119,2.180983561685106,第1天、第5天,2554
False,both,False,False,9.005395190824167,2.823590195301355,第3天,2555
False,both,False,False,8.371335170595767,1.5239266430195901,第3天,2556
False,both,False,False,7.961420837551715,3.7802622591781625,第2天、第4天、第5天,2557
True,none,True,True,3.4029213564667744,2.068507215299217,无,2558
False,both,False,False,10.586558810351482,4.546759419381175,第5天,2559
False,traffic,True,False,4.55891548223299,5.619948943877461,第1天,2560
True,none,True,True,9.663519902970204,0.9474789672988313,无,2561
False,both,False,False,14.364221293535692,4.838764317023726,第3天、第4天、第5天,2562
True,none,True,True,0.0,2.305935222189783,无,2563
False,both,False,False,13.963959170528838,0.0,第2天、第5天,2564
False,both,False,False,6.898754284308781,3.7402620271499636,第5天,2565
False,queue,False,True,8.596585237793477,4.251572845397613,第3天、第5天,2566
False,both,False,False,9.196258609233249,2.394352866114093,第2天、第5天,2567
False,queue,False,True,4.308293483000009,0.6887963746673318,第5天,2568
False,queue,False,True,2.8298352861228064,7.057337944631556,第4天、第5天,2569
False,queue,False,True,1.7503834519726134,7.516090027591655,第5天,2570
False,queue,False,True,7.694282153186675,0.8912303612056967,第4天,2571
False,queue,False,True,3.1037906834094544,6.845513924352831,第5天,2572
True,none,True,True,2.6174951052995397,0.7667611776224332,无,2573
False,both,False,False,10.220708277193939,5.709326437891763,第2天、第4天、第5天,2574
False,both,False,False,11.043212652526268,1.6198897673167374,第3天、第5天,2575
False,both,False,False,6.032205280500137,6.117644668335952,第3天、第5天,2576
False,both,False,False,8.32869439510575,3.7780516415101677,第2天、第5天,2577
False,both,False,False,10.459449612717934,3.379103094395399,第2天、第5天,2578
False,both,False,False,5.989922769721825,2.803262466358008,第2天,2579
False,traffic,True,False,7.899266956188475,2.5214755423338993,第5天,2580
False,queue,False,True,6.329550862933843,2.3862146258482886,第5天,2581
False,both,False,False,3.7482035239676192,2.328236158179515,第5天,2582
False,queue,False,True,1.2854266108618573,3.8194759268881415,第5天,2583
False,traffic,True,False,6.002205407318401,2.598776319701532,第3天,2584
False,both,False,False,7.7480528593810405,5.932099165103519,第5天,2585
False,queue,False,True,6.950607967693262,2.745938930419262,第5天,2586
False,both,False,False,15.064296035347503,0.0,第3天、第5天,2587
False,queue,False,True,6.322923039292975,6.204967349934454,第5天,2588
False,both,False,False,7.891486656378362,10.06929503348539,第2天、第5天,2589
False,queue,False,True,8.183917427486767,3.6767741206827553,第3天,2590
False,both,False,False,13.574333369192669,0.8268128297600272,第1天、第3天,2591
True,none,True,True,5.560857969088991,3.111091595253945,无,2592
False,queue,False,True,7.954957840877357,0.7878123145213768,第5天,2593
False,both,False,False,13.445416422120104,3.955072053545296,第4天、第5天,2594
False,queue,False,True,7.391358683397964,3.396927049439407,第2天、第5天,2595
False,both,False,False,11.921733446157335,0.0,第3天、第5天,2596
False,both,False,False,12.667865308917982,4.852265326177745,第1天、第4天、第5天,2597
False,both,False,False,5.778605292660764,2.378676410769046,第5天,2598
False,queue,False,True,6.770504280536089,0.5730595044046798,第4天、第5天,2599
False,both,False,False,8.725895878809649,0.35974882245761,第5天,2600
False,both,False,False,15.08127568629027,1.9504270574134015,第5天,2601
False,both,False,False,4.6441411448636565,5.858218174159367,第2天、第5天,2602
False,queue,False,True,8.715753203374465,6.575331625815446,第3天、第5天,2603
False,queue,False,True,11.477697831684484,0.0,第3天,2604
True,none,True,True,6.117118379966719,0.5917555572271468,无,2605
False,both,False,False,5.5469341951584745,7.937900677971653,第3天、第5天,2606
False,queue,False,True,6.737208424865877,5.376232888434002,第5天,2607
False,queue,False,True,4.603509871938156,3.4556009223712665,第5天,2608
False,queue,False,True,5.55911305821811,3.343440987794118,第5天,2609
False,both,False,False,12.667681242406392,4.59049324366147,第3天、第5天,2610
False,both,False,False,12.75839014761729,5.24327290494393,第2天、第5天,2611
False,both,False,False,11.450485556111378,6.617686446111571,第2天、第4天、第5天,2612
False,queue,False,True,4.050924333846359,1.6303565775610591,第5天,2613
False,queue,False,True,3.52072177046542,3.1875415276542842,第5天,2614
False,both,False,False,6.37113386782491,4.6295836242506825,第5天,2615
False,both,False,False,7.005775980193974,1.7439458711601354,第4天、第5天,2616
True,none,True,True,11.666098095798704,0.9880756726651406,无,2617
False,both,False,False,6.233141675796034,5.780689994714484,第2天、第5天,2618
False,both,False,False,20.4258820460983,2.0165894128875905,第2天、第5天,2619
False,both,False,False,7.740057004081694,4.959731065770245,第2天、第5天,2620
False,both,False,False,6.753985736211989,5.856057117825162,第2天、第4天、第5天,2621
False,both,False,False,10.428995056531555,7.11989570888095,第1天、第3天、第5天,2622
False,both,False,False,12.350759207849041,2.134703319651086,第3天、第5天,2623
False,both,False,False,3.6516067543611452,5.687610719637578,第1天、第5天,2624
False,both,False,False,18.127143414765026,2.064391542196531,第2天、第3天、第4天、第5天,2625
False,both,False,False,14.51328047143744,1.5200300737867907,第2天、第4天、第5天,2626
True,none,True,True,9.310192715580323,2.2991353083550656,无,2627
False,both,False,False,10.870408512047208,1.6193790007876634,第2天、第5天,2628
False,both,False,False,9.7154763709839,6.974665483662127,第1天、第2天、第5天,2629
False,queue,False,True,7.273626991200616,4.18728957339647,第4天、第5天,2630
False,queue,False,True,3.506758907551419,3.6736262682102203,第5天,2631
False,both,False,False,11.67554590278775,1.4754287249876072,第1天、第2天、第5天,2632
False,queue,False,True,3.738423115651001,2.6627098310659276,第5天,2633
False,both,False,False,8.756540851424457,4.972566264720621,第3天、第5天,2634
False,both,False,False,12.751924766965985,2.393920129235865,第2天、第5天,2635
False,queue,False,True,6.3898787661886605,0.8570135635552383,第5天,2636
False,both,False,False,12.21345682479036,3.6625058757649276,第2天、第3天,2637
False,both,False,False,15.891454882665222,2.8114094577455164,第2天、第4天、第5天,2638
False,queue,False,True,5.137675900888677,4.803596703934177,第4天、第5天,2639
False,queue,False,True,2.2466329115047396,6.591980388014283,第5天,2640
True,none,True,True,2.641705846711421,5.6491353117262,无,2641
False,queue,False,True,4.322831692869231,4.640315365872034,第5天,2642
False,both,False,False,8.997134728007506,0.0,第5天,2643
False,both,False,False,4.980095363989518,5.672177421480443,第2天、第5天,2644
False,both,False,False,12.735076917124868,3.728629898799263,第2天、第3天、第5天,2645
False,queue,False,True,8.272395701629769,2.3716082351115753,第5天,2646
False,both,False,False,10.506776626882129,4.712411846243656,第2天、第5天,2647
False,both,False,False,9.313891578811361,2.906865434996187,第4天、第5天,2648
False,both,False,False,9.541890329182912,4.413780574871289,第1天、第5天,2649
False,both,False,False,8.146244956535542,8.047765875949368,第2天、第5天,2650
False,queue,False,True,6.818134599215271,6.323262499194541,第5天,2651
False,queue,False,True,9.061192724507613,4.123702617747463,第5天,2652
False,both,False,False,8.708149872345203,3.8363267749375543,第5天,2653
False,both,False,False,1.388573771055439,7.957411369518944,第5天,2654
False,queue,False,True,3.133945429567854,5.492492504509038,第5天,2655
False,queue,False,True,13.848167512712632,2.6082496740327636,第3天、第4天,2656
False,both,False,False,16.952634158076567,4.895688990383402,第1天、第3天、第5天,2657
False,both,False,False,12.343437941738696,7.193199231354469,第3天、第4天、第5天,2658
False,both,False,False,5.917822554201952,5.07918546086448,第1天、第5天,2659
False,both,False,False,12.578901217924663,3.035527398447166,第1天、第5天,2660
False,queue,False,True,7.2295712128080964,2.260663078872366,第5天,2661
False,both,False,False,8.989029766864311,3.426880059624039,第2天、第5天,2662
False,queue,False,True,9.847405527346128,3.204974781400944,第3天、第5天,2663
False,both,False,False,9.66645020834861,2.2760029400994766,第5天,2664
False,both,False,False,7.566615401345007,4.309068841214388,第2天、第5天,2665
False,queue,False,True,1.6349124611366896,3.341531266590187,第5天,2666
False,both,False,False,11.76235415179178,5.15735438475359,第2天、第4天,2667
True,none,True,True,2.19488381580941,2.8659487862085706,无,2668
False,queue,False,True,3.6606449815010795,3.3065356798220322,第5天,2669
False,queue,False,True,7.354332079566971,3.4440384478597315,第4天、第5天,2670
False,both,False,False,14.122086643134644,2.487049789974823,第1天、第3天、第5天,2671
False,traffic,True,False,12.373289025531571,3.2354542127286305,第5天,2672
False,both,False,False,6.4237577001285056,5.7176149705206925,第5天,2673
False,queue,False,True,4.039817239060039,5.88572865063615,第5天,2674
False,queue,False,True,3.8246541718687657,0.7785994932402474,第5天,2675
True,none,True,True,6.167535286944418,4.949852250396264,无,2676
False,both,False,False,6.744063926197645,1.453415729776961,第2天、第5天,2677
False,both,False,False,7.301628984490991,4.724338577342025,第5天,2678
False,both,False,False,5.421792944564412,6.398022656268726,第5天,2679
False,queue,False,True,4.85755745175612,6.189854214325488,第5天,2680
False,both,False,False,6.07737201477225,3.4322102548651294,第2天,2681
False,queue,False,True,3.5513682069786587,0.6903409772078134,第5天,2682
False,queue,False,True,4.457902771211996,8.899953038317237,第5天,2683
False,both,False,False,12.282598400501218,7.640667876103182,第1天、第4天、第5天,2684
False,both,False,False,7.547570998844895,1.8715620203394736,第5天,2685
False,both,False,False,11.353524679815866,7.992684248036606,第1天、第5天,2686
False,queue,False,True,2.3167397750847787,4.738486541187891,第3天,2687
False,traffic,True,False,10.997054601949179,0.815592562912822,第4天,2688
False,both,False,False,7.640011495198154,3.4136280556701903,第5天,2689
False,queue,False,True,2.658344548053547,4.178784283322346,第5天,2690
False,both,False,False,7.61719185817234,1.5843383862149212,第2天、第5天,2691
False,both,False,False,7.070165850491119,8.138063436327124,第2天、第5天,2692
False,queue,False,True,6.008124059386166,5.650278576471486,第5天,2693
False,queue,False,True,6.686237085279732,2.2470703210766323,第5天,2694
False,both,False,False,9.560163686782497,3.0481281204514343,第2天、第5天,2695
False,both,False,False,8.054274532260367,8.773659917295014,第4天、第5天,2696
False,queue,False,True,3.8871033931474313,4.545889714874905,第4天、第5天,2697
False,both,False,False,10.690997109222335,4.8785647628645625,第2天、第5天,2698
False,traffic,True,False,3.7591151670974634,5.243810251287284,第3天,2699
True,none,True,True,4.989740247843303,2.8403315262361715,无,2700
False,both,False,False,11.280834351177393,2.2263287050879272,第5天,2701
False,queue,False,True,5.748699251267146,0.7322415547320134,第5天,2702
False,traffic,True,False,7.226162702349578,1.2468093894775532,第3天,2703
True,none,True,True,1.453724200081097,2.4048974629096977,无,2704
False,both,False,False,13.073129391200617,2.4398767017786005,第2天、第5天,2705
False,traffic,True,False,6.492626123441597,4.633728789161703,第3天,2706
False,queue,False,True,4.28435580945934,7.015392462410178,第5天,2707
False,both,False,False,4.952119710713135,6.774344943905677,第5天,2708
False,queue,False,True,9.386508296030025,1.6932515406063349,第2天、第4天,2709
False,traffic,True,False,6.058166621501883,2.040216702014407,第2天,2710
False,both,False,False,11.575329266753537,2.643789160149194,第1天、第5天,2711
True,none,True,True,4.215176495498673,4.440958719958301,无,2712
False,queue,False,True,10.52838171151145,2.8050472185062016,第5天,2713
True,none,True,True,8.27293417296595,0.0,无,2714
False,both,False,False,6.094629143392084,2.3673923123325107,第2天、第5天,2715
False,both,False,False,5.169382487209049,6.486022549110868,第3天、第5天,2716
False,queue,False,True,9.509957471947649,1.8444777762868556,第5天,2717
False,queue,False,True,11.1860222571716,4.126283989813569,第5天,2718
True,none,True,True,6.042860825991082,2.5034250428060103,无,2719
False,both,False,False,11.526915252622823,7.803133598582106,第2天、第3天、第5天,2720
False,both,False,False,6.664302992474725,2.1821964567269942,第5天,2721
False,traffic,True,False,10.719439382240413,3.5365158533564927,第5天,2722
False,queue,False,True,5.358703054535882,4.864275763068009,第5天,2723
False,both,False,False,15.768328501899,3.5867077559222866,第2天、第3天,2724
True,none,True,True,1.229948187967579,2.9230772258020097,无,2725
True,none,True,True,4.892933224584945,3.649659453329015,无,2726
True,none,True,True,6.9714324638616105,3.342787265280448,无,2727
False,both,False,False,5.148171008476867,4.912620725543152,第3天、第5天,2728
False,both,False,False,6.211013548451628,3.346687188768134,第5天,2729
False,queue,False,True,2.666007639799627,5.5942605571295205,第5天,2730
False,queue,False,True,7.564598773871724,7.844278505247024,第3天、第5天,2731
False,both,False,False,14.595229878234624,0.6347538829421814,第2天、第3天、第5天,2732
False,queue,False,True,0.6371345645420508,4.235947601059678,第5天,2733
False,both,False,False,6.033642517190129,7.565599624312178,第2天、第3天、第5天,2734
True,none,True,True,1.054272144619785,4.225980172498385,无,2735
False,queue,False,True,4.560289312367714,3.9906529084615325,第5天,2736
False,queue,False,True,9.077393152558818,0.0,第4天、第5天,2737
False,both,False,False,11.212591745220447,2.02350803719687,第3天,2738
False,both,False,False,10.318598261277065,6.0002664892047655,第2天、第5天,2739
False,queue,False,True,7.3637511132913165,5.458798545115208,第5天,2740
False,queue,False,True,8.578889148495547,3.401571002068163,第3天、第4天,2741
False,both,False,False,10.999603584324984,0.0,第5天,2742
False,both,False,False,8.518347861627127,2.7651675761630745,第2天、第3天,2743
False,queue,False,True,7.154808673058046,5.778284789947074,第5天,2744
False,both,False,False,3.4172343627622555,5.711763000128931,第5天,2745
False,queue,False,True,3.75990771274334,2.2575128806877753,第5天,2746
False,both,False,False,8.709257358489886,3.2441927259422334,第5天,2747
False,queue,False,True,8.833093384036783,4.873722657016413,第5天,2748
False,queue,False,True,4.400561264641816,1.274239442113045,第5天,2749
False,queue,False,True,2.2115820433279056,5.635561426615276,第5天,2750
False,both,False,False,6.950966488967788,6.568890608561436,第5天,2751
False,both,False,False,7.88601462050427,3.298123688229141,第5天,2752
False,both,False,False,10.128339125914275,4.263558681331805,第2天、第5天,2753
False,both,False,False,8.442481989251167,3.379206871699218,第5天,2754
False,both,False,False,7.357789910271762,3.976141625005288,第5天,2755
False,both,False,False,8.878631341368083,2.135872486120914,第2天、第5天,2756
False,both,False,False,8.430873940613479,0.8987527273499789,第2天,2757
False,queue,False,True,8.94170610989606,3.274593533670421,第5天,2758
False,both,False,False,9.163323719034826,4.530372282804309,第3天、第5天,2759
False,both,False,False,8.592766229971948,5.920430818680984,第2天、第5天,2760
False,both,False,False,8.316144702971904,4.914711486460237,第4天、第5天,2761
False,both,False,False,1.9359916760203404,6.561963238446462,第2天、第5天,2762
False,queue,False,True,7.9325579035792675,0.9109663642121112,第4天、第5天,2763
False,both,False,False,10.89424197023885,4.784598334382313,第5天,2764
False,traffic,True,False,13.796298402282607,2.249983301004985,第4天,2765
False,both,False,False,13.816666147883213,0.7185611511562884,第1天、第4天、第5天,2766
False,both,False,False,9.341004641650734,4.746986107937926,第2天、第5天,2767
False,queue,False,True,7.904240223099504,1.5391785938470912,第3天,2768
False,traffic,True,False,4.7137975074560154,1.1426425033097893,第5天,2769
True,none,True,True,2.841882024485079,2.9734234359173173,无,2770
True,none,True,True,1.3028288469309424,0.5527751453865988,无,2771
False,queue,False,True,9.660079611452234,1.1015838180221271,第5天,2772
False,both,False,False,6.880373429251399,2.1892979238299675,第3天、第5天,2773
False,both,False,False,12.743322721333273,2.870037318173749,第2天、第3天、第5天,2774
True,none,True,True,2.037259463281424,2.4519848293732873,无,2775
False,both,False,False,11.634042316223994,0.0,第4天,2776
False,queue,False,True,5.1454457717959095,4.377968602234106,第5天,2777
True,none,True,True,1.5057226394977206,0.5494038191400331,无,2778
True,none,True,True,0.0,2.1284723125564518,无,2779
True,none,True,True,8.441060851512482,2.900384508904545,无,2780
True,none,True,True,5.088462673136524,0.0,无,2781
True,none,True,True,2.396022889381545,0.0,无,2782
False,queue,False,True,3.205780051031477,2.4187347425777928,第5天,2783
False,both,False,False,10.286883888435213,2.958585853361668,第2天、第5天,2784
False,both,False,False,3.7923310399809322,6.188064079131457,第5天,2785
False,traffic,True,False,6.022425405648685,9.08205482717709,第4天,2786
False,both,False,False,12.324466357033042,2.166704310728739,第3天、第5天,2787
False,queue,False,True,10.878947834974708,3.315177937425886,第3天,2788
False,queue,False,True,10.357398536584459,2.4772731534838455,第4天、第5天,2789
False,both,False,False,8.851124534551678,6.312345288435961,第5天,2790
False,both,False,False,9.816123737067961,2.1954565643659008,第5天,2791
False,queue,False,True,2.1521991294266347,5.296420605792047,第5天,2792
False,both,False,False,12.052443495902526,3.037347383959197,第3天、第4天、第5天,2793
True,none,True,True,0.184123488285872,2.7386349395409786,无,2794
False,both,False,False,10.208963298445886,5.955360618713801,第3天、第5天,2795
False,both,False,False,8.413016187065946,6.423951718482863,第1天、第5天,2796
True,none,True,True,4.206350558085263,3.4108823251827536,无,2797
False,queue,False,True,0.6383831308159287,6.114837465744153,第5天,2798
True,none,True,True,2.3261055698864452,2.491632552090885,无,2799
False,both,False,False,7.613364160579293,2.6976868337632967,第2天,2800
False,queue,False,True,7.193905477258336,4.098842475592312,第3天、第5天,2801
False,both,False,False,9.517635285174016,2.750025455050277,第5天,2802
True,none,True,True,0.44773332423847817,3.6907357062073824,无,2803
False,both,False,False,13.359090858173229,2.7083489633382745,第2天、第3天,2804
False,both,False,False,10.480101618080308,2.5116692681843964,第5天,2805
False,queue,False,True,7.047354592028546,0.8132041547984312,第2天,2806
True,none,True,True,4.479430769877019,2.596351157645466,无,2807
False,queue,False,True,9.681904739382254,3.3270684958245447,第3天、第5天,2808
False,queue,False,True,6.525086659304504,0.6028219491751381,第3天,2809
False,traffic,True,False,13.182569566791212,0.5835547146865282,第5天,2810
False,both,False,False,7.820539860356834,2.8328873721989067,第3天、第5天,2811
True,none,True,True,2.462605925268457,1.6456726683715108,无,2812
False,both,False,False,11.736668375979153,4.172322649696999,第1天,2813
False,both,False,False,6.99454303258974,4.110654849372318,第2天、第5天,2814
True,none,True,True,1.0109839090090553,2.074781890671572,无,2815
True,none,True,True,6.792302454659952,0.2948690882873183,无,2816
False,both,False,False,12.833255579245424,0.9114989866702081,第5天,2817
False,queue,False,True,2.892310246524884,5.110328207407848,第5天,2818
False,both,False,False,8.5037512907215,4.067251793531815,第2天,2819
False,both,False,False,11.468680314613321,3.0002951155315025,第5天,2820
False,queue,False,True,9.330028757299731,0.6893517413151957,第2天,2821
False,both,False,False,12.7909538319248,5.620051506802504,第4天、第5天,2822
False,queue,False,True,6.467235150493795,4.34772001807817,第5天,2823
False,queue,False,True,2.730123343160592,3.381890863228109,第5天,2824
True,none,True,True,5.354285558256318,2.2309445511411545,无,2825
False,queue,False,True,5.37464022615646,3.5966826566420753,第5天,2826
False,both,False,False,15.67491778030731,3.7658290549885205,第1天、第4天、第5天,2827
False,queue,False,True,4.98297135463699,6.531246310012998,第3天、第5天,2828
False,both,False,False,10.003827141397691,3.5314702446085513,第5天,2829
False,both,False,False,6.327918459618985,6.772489986694117,第3天、第5天,2830
False,queue,False,True,5.871217644974675,2.288111791708283,第4天,2831
False,both,False,False,8.511386765091538,5.609918268253005,第5天,2832
False,queue,False,True,9.842661381705508,1.4973305580323302,第5天,2833
False,queue,False,True,3.3785603455407722,2.81601313054177,第5天,2834
False,queue,False,True,7.214274698950507,6.285267383580585,第3天、第4天、第5天,2835
False,both,False,False,9.857142251974228,4.192197341462727,第2天、第3天、第5天,2836
False,both,False,False,12.252140448155924,4.642580721111569,第2天、第3天、第5天,2837
False,both,False,False,8.487139758695523,5.671448587882638,第2天、第5天,2838
False,both,False,False,10.141159271426176,6.394728302975245,第2天、第5天,2839
False,both,False,False,7.817156615859162,5.1769616425740566,第4天、第5天,2840
False,queue,False,True,3.18393638769299,2.4247378795401264,第4天、第5天,2841
True,none,True,True,4.572283922178054,1.0794174342179623,无,2842
False,both,False,False,11.938083657644343,2.5432331337666985,第4天、第5天,2843
False,traffic,True,False,10.948936485676311,2.508931809653521,第5天,2844
False,both,False,False,8.80379709935692,3.1272334055890614,第4天,2845
False,both,False,False,8.44966203661593,4.696400455525822,第2天、第5天,2846
False,both,False,False,4.31741919841234,6.845286364472092,第5天,2847
False,queue,False,True,4.564213686182783,3.2654693569291244,第4天、第5天,2848
False,queue,False,True,6.972501507552154,3.1269112890264057,第5天,2849
False,traffic,True,False,13.813063622072919,1.8017452867418542,第1天、第5天,2850
False,both,False,False,18.314318733346788,4.991299743791794,第1天、第3天、第4天、第5天,2851
True,none,True,True,5.668601061124129,1.3842072086083628,无,2852
False,both,False,False,7.75964918350489,2.4790585962058653,第5天,2853
False,both,False,False,4.767647977206158,2.3899782684363684,第5天,2854
False,both,False,False,7.859009610726114,6.228211641059239,第2天、第5天,2855
True,none,True,True,3.26406799800379,1.1445416719434305,无,2856
False,both,False,False,6.155194164192132,8.503185879516852,第1天、第4天、第5天,2857
False,both,False,False,8.43999725570239,6.7292747265390584,第2天、第5天,2858
False,queue,False,True,3.1434860685996653,4.384147792708939,第5天,2859
False,queue,False,True,4.19019751571118,2.656172249841405,第5天,2860
False,both,False,False,11.820182640364466,4.1138449332251765,第1天、第3天,2861
False,queue,False,True,4.489291825542664,3.4594687909227213,第3天、第5天,2862
False,queue,False,True,1.857504279560322,4.435338724956002,第3天、第5天,2863
False,both,False,False,3.7833993509446717,6.995845969473756,第5天,2864
False,traffic,True,False,18.187233457718637,1.1520386485247764,第2天、第3天、第4天,2865
False,both,False,False,11.212412624770323,2.223900544381093,第3天、第4天,2866
False,queue,False,True,8.28241347884812,2.150233394059304,第3天、第5天,2867
False,both,False,False,5.080946077547664,7.685608235900954,第5天,2868
False,both,False,False,5.3390830836341525,6.835046686265095,第2天、第5天,2869
False,queue,False,True,6.168501157207407,8.115691818339965,第3天、第5天,2870
True,none,True,True,0.0,1.2800556496890414,无,2871
False,both,False,False,8.03013518661267,2.203973041078986,第2天、第5天,2872
False,both,False,False,15.69830719231527,3.19920623556061,第2天、第4天、第5天,2873
False,both,False,False,16.970489748221915,5.308560377522922,第3天、第4天、第5天,2874
False,queue,False,True,5.830471758827436,4.659400952480656,第5天,2875
False,queue,False,True,8.773715879526883,1.7945657148422667,第5天,2876
False,queue,False,True,6.586821163189789,1.8206598597826003,第5天,2877
False,traffic,True,False,17.54401634499449,2.9767858101383546,第1天、第5天,2878
False,traffic,True,False,5.43638589894408,1.9128830790219271,第2天,2879
False,both,False,False,11.933734146579964,6.6600325713570605,第3天、第4天、第5天,2880
False,both,False,False,12.007755849269495,4.133636763627415,第3天、第5天,2881
False,both,False,False,4.7948996327833155,3.525560653549277,第2天,2882
False,both,False,False,4.708148274165293,0.41984313283499497,第5天,2883
False,both,False,False,10.144350001412509,3.11072135133736,第1天、第5天,2884
False,both,False,False,6.360966842594607,3.3649240133209792,第2天、第5天,2885
False,both,False,False,11.205873335998817,1.1350238757898263,第1天,2886
False,both,False,False,18.129133099451007,0.0,第2天、第3天、第5天,2887
False,both,False,False,8.395837418839019,6.326071470741985,第2天、第4天、第5天,2888
False,traffic,True,False,6.745975151681441,2.303814699379454,第5天,2889
False,both,False,False,8.541435837932557,7.213951124012469,第2天、第5天,2890
False,both,False,False,5.90774294256626,3.7023093276443033,第5天,2891
True,none,True,True,4.606834671427288,3.374523361997099,无,2892
False,both,False,False,12.471996603085497,3.041361626611854,第1天、第4天、第5天,2893
False,both,False,False,13.197634777303756,1.8698660389207236,第4天、第5天,2894
True,none,True,True,2.525292746398065,0.6709868423852365,无,2895
False,queue,False,True,7.555295980008436,4.259278501446703,第5天,2896
False,queue,False,True,5.5480836146351455,1.6081497424928584,第5天,2897
False,queue,False,True,0.0,2.163901343744599,第5天,2898
False,both,False,False,12.559241201404564,6.4123995772755285,第1天、第3天、第5天,2899
False,both,False,False,1.1352075787556135,7.359897908236773,第5天,2900
False,both,False,False,2.7012057912957212,6.134280796657315,第5天,2901
False,queue,False,True,0.5870374858329853,5.0127190204743775,第5天,2902
False,queue,False,True,6.610376975499886,1.9266734433495367,第5天,2903
False,both,False,False,6.348771451894876,5.2403769244549,第5天,2904
False,queue,False,True,14.119032749614911,0.7127890554327728,第3天,2905
False,queue,False,True,8.824631046682638,3.472498568480664,第5天,2906
False,queue,False,True,8.053501055218469,0.0,第4天,2907
False,both,False,False,8.658950870249711,2.7303856070165438,第3天、第5天,2908
False,both,False,False,14.32080151652828,2.3164399172497743,第2天、第4天、第5天,2909
True,none,True,True,5.000202682610034,1.0127368661432021,无,2910
False,both,False,False,12.945514689011661,3.662062003742345,第2天、第3天、第5天,2911
False,both,False,False,8.604494122358052,4.416954312583503,第2天、第3天、第5天,2912
False,both,False,False,7.375226882096532,5.200999817363877,第2天,2913
False,queue,False,True,4.5949238016431515,4.79652431723726,第5天,2914
False,both,False,False,6.117972055408753,8.403726216429702,第1天、第5天,2915
False,both,False,False,10.387792396126457,1.8522155484323957,第2天、第5天,2916
False,both,False,False,14.498003476901879,2.345960239079488,第3天、第5天,2917
False,both,False,False,14.241774156011022,2.21557642173706,第5天,2918
False,queue,False,True,8.300812985981503,7.773214553750503,第3天、第5天,2919
True,none,True,True,6.988557449882371,2.019457991623216,无,2920
False,queue,False,True,2.302909410716717,3.6864708940348367,第5天,2921
False,queue,False,True,2.8968485169871014,2.501768548518231,第5天,2922
False,both,False,False,7.551782245498135,5.795547938302072,第5天,2923
False,queue,False,True,11.832375667034428,5.160205523772111,第4天、第5天,2924
False,both,False,False,9.03740865124442,4.133570543492189,第3天、第5天,2925
False,queue,False,True,4.029671402933049,7.610650265985347,第2天、第5天,2926
False,both,False,False,8.32855939421146,4.947123299322695,第3天、第5天,2927
False,both,False,False,8.434039358578419,3.8946132298251,第2天、第5天,2928
False,both,False,False,5.098530275864019,6.319356263590236,第5天,2929
False,queue,False,True,0.0,2.927268482487636,第5天,2930
False,queue,False,True,5.150382574650594,7.354647590538727,第5天,2931
False,traffic,True,False,6.420837724155968,0.905787896592845,第5天,2932
False,both,False,False,9.975819470146181,2.6626616766761657,第3天、第4天、第5天,2933
False,queue,False,True,1.9780702538677497,0.0,第5天,2934
False,both,False,False,11.797473208437037,2.166003295498695,第5天,2935
False,queue,False,True,9.612965341697668,2.111199789716922,第3天,2936
False,both,False,False,8.614881003178198,4.5041315935514366,第2天、第5天,2937
False,queue,False,True,6.831694047938372,0.9849964457619524,第5天,2938
False,traffic,True,False,3.6953174700182085,4.94254837643193,第3天,2939
False,both,False,False,6.335998408727437,5.854244082093988,第5天,2940
False,queue,False,True,6.746623879620275,1.1627888710327108,第5天,2941
False,queue,False,True,7.741242124506188,5.712332338822752,第4天、第5天,2942
False,both,False,False,7.133686952659508,1.8511692354201896,第2天、第4天,2943
False,queue,False,True,3.5474452813493977,2.796316772900399,第5天,2944
False,queue,False,True,0.4068282497792742,5.828415151369596,第5天,2945
False,both,False,False,10.93650635477165,3.059618235239282,第4天、第5天,2946
False,both,False,False,5.711450729309436,2.6089281866904317,第2天,2947
False,queue,False,True,1.1091043276211128,6.695813841899892,第5天,2948
False,traffic,True,False,9.464000776606204,1.222416824384449,第4天,2949
False,traffic,True,False,9.36073992560774,0.0,第3天,2950
False,traffic,True,False,3.9044485854169197,4.3932298111001415,第4天,2951
False,queue,False,True,6.581916739586846,4.31091444850088,第5天,2952
False,both,False,False,9.61523862110667,2.8322708648678625,第4天、第5天,2953
False,both,False,False,13.782817274674057,2.5626905032512224,第2天、第4天、第5天,2954
False,queue,False,True,1.5233073447287588,4.558340711651281,第5天,2955
False,both,False,False,11.584599084501123,3.7851816966386638,第2天、第5天,2956
True,none,True,True,7.466344483189073,2.8718799627759344,无,2957
False,queue,False,True,5.310126564865044,2.529333787617699,第5天,2958
False,both,False,False,5.55905607068575,7.291939211053737,第3天、第5天,2959
False,queue,False,True,4.789860617382313,1.1692809933374113,第5天,2960
False,queue,False,True,4.4888104391940065,8.642725765249995,第5天,2961
True,none,True,True,2.8718335748012556,2.776432376784191,无,2962
False,queue,False,True,3.8254598190079907,6.245824019737791,第5天,2963
False,queue,False,True,9.041279967698252,2.901588753030836,第3天、第5天,2964
False,both,False,False,14.043603816853276,5.6320437673941885,第2天、第3天、第4天、第5天,2965
False,both,False,False,10.498164834330582,4.016894722482864,第2天、第4天、第5天,2966
False,both,False,False,14.777062715355761,3.834422011030605,第1天、第3天、第5天,2967
False,queue,False,True,2.9758540213387437,3.2860355365220117,第4天、第5天,2968
False,both,False,False,12.711010719339535,4.4897306357497335,第2天、第3天、第5天,2969
False,both,False,False,5.915473616435666,5.28432895185153,第3天、第5天,2970
True,none,True,True,2.7070014742575066,5.335753611056218,无,2971
False,both,False,False,7.3222092836960195,2.3410247957284644,第2天、第5天,2972
False,both,False,False,6.962479825180108,3.431748569224,第5天,2973
False,both,False,False,12.227012038842894,6.182206817508603,第2天、第5天,2974
False,both,False,False,10.676487529752173,5.16432194516801,第1天、第4天、第5天,2975
True,none,True,True,2.9170052824647206,4.037234205695101,无,2976
False,queue,False,True,8.68321404340108,3.367459961998663,第5天,2977
False,queue,False,True,7.399407968649529,6.104965440163962,第3天、第5天,2978
False,both,False,False,11.07110821544928,6.532120081283345,第3天、第5天,2979
False,both,False,False,13.186226973386248,6.797692093079052,第1天、第2天、第5天,2980
False,both,False,False,8.811863759294265,4.175445211148682,第3天、第5天,2981
False,queue,False,True,1.7009364302509922,2.1827503930839196,第5天,2982
False,queue,False,True,5.696790471594573,7.778284022268537,第2天,2983
False,both,False,False,16.228360037459023,1.927007572168213,第2天、第3天、第5天,2984
True,none,True,True,7.23879983575151,3.8721816490820267,无,2985
False,queue,False,True,7.463646377397252,3.7502286467455184,第5天,2986
True,none,True,True,7.73614265329464,2.0038206024973935,无,2987
False,queue,False,True,8.467902592546992,0.705289751219203,第3天,2988
False,queue,False,True,9.122616625126975,3.548366640082147,第5天,2989
False,both,False,False,13.801711016890085,2.911818288380363,第2天、第3天、第4天、第5天,2990
False,both,False,False,8.728900832634185,6.710334749594527,第2天、第5天,2991
False,both,False,False,10.384640497052818,3.204943647553672,第2天、第5天,2992
False,queue,False,True,10.338989691418375,1.3332058150065718,第5天,2993
False,both,False,False,13.033737194502255,4.99337099102336,第1天、第4天、第5天,2994
False,both,False,False,9.492853486478035,3.679771638771566,第3天、第5天,2995
False,both,False,False,7.713761282873176,2.9056768467419447,第2天、第4天,2996
False,queue,False,True,8.887803833180012,2.9352835322781323,第5天,2997
False,queue,False,True,6.994181261903431,3.8076312273627924,第2天、第5天,2998
True,none,True,True,5.187686932731278,3.3390701625905455,无,2999
False,both,False,False,8.141219164625221,1.440927325265929,第3天、第5天,3000
False,both,False,False,11.665084953925703,1.8118832546948642,第2天、第4天、第5天,3001
False,queue,False,True,9.682325483052228,2.8718430640116983,第4天、第5天,3002
False,queue,False,True,9.58145014743286,3.8403625556488112,第3天,3003
False,queue,False,True,2.1829276723777467,6.903542041308199,第5天,3004
False,both,False,False,6.538564795159764,7.0735620519404545,第1天、第5天,3005
False,traffic,True,False,12.334086278242502,0.0,第3天,3006
False,queue,False,True,3.934226872488246,5.943213373863773,第5天,3007
False,queue,False,True,5.088529625976241,5.0644850176518,第5天,3008
True,none,True,True,6.256726100940073,3.6807342580763267,无,3009
False,both,False,False,18.669437769441835,1.2743961498226954,第2天、第5天,3010
False,queue,False,True,6.843467237136896,1.971042197937277,第5天,3011
False,both,False,False,17.647758974243168,3.517289025138022,第1天、第4天,3012
True,none,True,True,0.4244269497310653,3.9937307930188553,无,3013
True,none,True,True,0.8843490581622,4.93622507878566,无,3014
True,none,True,True,4.343117481011657,1.5700346417508888,无,3015
False,both,False,False,8.64616211908854,4.329094892954784,第2天、第5天,3016
False,both,False,False,6.864459215846508,1.4136394726488102,第2天,3017
True,none,True,True,4.79209029315493,0.7362188342912206,无,3018
False,both,False,False,14.27654318999501,2.778701140870273,第2天、第4天、第5天,3019
False,traffic,True,False,4.210996406668607,5.139921478586751,第3天,3020
True,none,True,True,4.312954553132256,1.0262348287402854,无,3021
False,both,False,False,7.763785142436127,4.330943779853644,第4天、第5天,3022
False,queue,False,True,6.472503781739562,6.590964578119035,第5天,3023
False,queue,False,True,4.378351653303222,5.862353540746976,第5天,3024
False,both,False,False,10.045201722818154,7.148035033884286,第1天、第4天、第5天,3025
False,both,False,False,10.141353104731504,0.0363003194592163,第2天、第5天,3026
False,both,False,False,11.746169042921359,0.516075570773329,第5天,3027
False,queue,False,True,4.969031112820559,3.4806232234467895,第5天,3028
False,both,False,False,11.412765859147168,3.0862964597291502,第1天、第3天,3029
False,both,False,False,6.539243158658004,4.3001791556314615,第3天、第5天,3030
False,both,False,False,14.032521624452489,3.1335486224290157,第1天、第3天、第5天,3031
False,queue,False,True,10.486334455482321,4.942171634104254,第3天、第5天,3032
False,both,False,False,8.798190908956474,5.373167859668007,第2天、第4天、第5天,3033
False,queue,False,True,3.010961631381751,2.158479786415388,第5天,3034
False,queue,False,True,5.525373662820092,3.1509710711586365,第5天,3035
True,none,True,True,4.013654262899671,1.8184683563811066,无,3036
False,both,False,False,7.4673874684537545,2.8442039587995644,第2天、第5天,3037
False,both,False,False,7.288670693059128,2.425109833473366,第5天,3038
False,both,False,False,9.943731359539672,8.891962259220977,第3天、第5天,3039
False,queue,False,True,4.977982951426744,1.908023749638817,第5天,3040
False,both,False,False,7.833408472589147,5.49400842921089,第2天、第5天,3041
False,both,False,False,9.545675279110888,6.692630421331385,第2天、第3天、第5天,3042
False,both,False,False,11.497229311621993,6.02631458937277,第3天、第4天、第5天,3043
False,queue,False,True,2.8107981500412094,3.2162261837608694,第5天,3044
False,both,False,False,6.468255394703783,2.0751068379782502,第5天,3045
False,queue,False,True,5.6277396439737295,0.8977040816087509,第5天,3046
False,queue,False,True,2.3920247288183543,3.3985186406436947,第5天,3047
True,none,True,True,7.948047143961582,4.048192890048691,无,3048
False,both,False,False,9.166604572451421,3.3365401147927405,第5天,3049
False,queue,False,True,10.605376889246763,0.07641304835109108,第3天、第4天,3050
False,both,False,False,9.049210459580715,7.531688600812484,第2天、第3天、第5天,3051
False,both,False,False,11.257738938572906,1.736509120654431,第5天,3052
False,both,False,False,8.814287600971278,5.439199370999751,第3天、第5天,3053
False,both,False,False,11.089836499868333,5.73984327162218,第2天、第5天,3054
False,queue,False,True,3.7234535404329874,0.9795571160885215,第2天、第5天,3055
False,both,False,False,12.926082813155144,2.9420583478695335,第5天,3056
False,queue,False,True,5.124401588034999,4.574026527052026,第3天,3057
False,traffic,True,False,9.923167853810991,1.760313019102671,第5天,3058
False,queue,False,True,8.779582869214924,3.2286263241269606,第4天,3059
False,both,False,False,8.170740313004899,6.080840768131345,第4天、第5天,3060
False,queue,False,True,1.1854031520933606,4.592032307899375,第5天,3061
False,both,False,False,6.048324725423296,7.1387841147551665,第1天、第5天,3062
False,queue,False,True,5.094355302668763,5.002925690904027,第3天、第5天,3063
False,queue,False,True,6.0299653879147,5.727345896976378,第5天,3064
False,both,False,False,11.150860868552279,3.3045585771570516,第2天、第5天,3065
True,none,True,True,3.679392649395597,7.775890013322653,无,3066
False,both,False,False,12.423556619935935,3.058296800691627,第2天、第3天、第5天,3067
False,both,False,False,9.209011734732243,4.343735971266683,第5天,3068
False,queue,False,True,6.552631486120113,4.921115928012992,第3天、第5天,3069
False,both,False,False,13.9476253805768,1.0441159238742799,第2天、第5天,3070
False,queue,False,True,10.001113240886536,3.019747226897839,第4天、第5天,3071
False,both,False,False,9.093767720667776,3.053757182876345,第4天,3072
True,none,True,True,5.63700607378365,1.8231100026698928,无,3073
False,queue,False,True,4.2855593710316375,2.1282605497897373,第5天,3074
False,queue,False,True,5.4707998571475684,5.498218651173983,第5天,3075
False,queue,False,True,4.851457577312793,0.0,第5天,3076
False,queue,False,True,4.945689484290567,4.026183095154869,第5天,3077
True,none,True,True,3.9473365542676078,2.509282570231978,无,3078
False,both,False,False,14.47116114889565,4.628118522853274,第2天、第3天、第4天、第5天,3079
False,queue,False,True,4.631122820556364,6.908268596422534,第5天,3080
False,both,False,False,9.105850755087989,3.9846191713207344,第2天、第5天,3081
False,queue,False,True,6.982913489183394,3.1441032150387116,第5天,3082
False,queue,False,True,7.9326532465042305,1.6656881384581603,第2天、第5天,3083
False,both,False,False,12.565883901081191,2.064421287577976,第2天,3084
True,none,True,True,6.176439543331741,0.0,无,3085
False,queue,False,True,7.5571563175101195,3.7780509271258307,第5天,3086
True,none,True,True,2.2719629182495065,4.545013817675522,无,3087
False,queue,False,True,3.4131062762012436,7.147588266702028,第5天,3088
False,both,False,False,7.407470280751553,2.576289239102933,第5天,3089
False,queue,False,True,4.267230470288025,2.757439856750726,第5天,3090
False,queue,False,True,6.502058855348622,0.7763534450706434,第5天,3091
False,both,False,False,11.520806817085997,1.1652095734435488,第5天,3092
False,queue,False,True,3.9102354617054083,5.6213696461929725,第5天,3093
False,both,False,False,8.16080412487903,7.53746769985754,第1天、第2天、第5天,3094
False,traffic,True,False,9.154822051314301,5.182397258404011,第4天,3095
False,both,False,False,9.742373987256931,3.4804321702997987,第1天、第5天,3096
False,queue,False,True,12.54429950722868,4.116154877042867,第5天,3097
False,both,False,False,8.080805315646455,9.085342413464497,第5天,3098
False,both,False,False,5.561310233986932,2.918422779309359,第2天,3099
False,queue,False,True,8.342021356199947,2.1532323616498,第4天、第5天,3100
False,queue,False,True,5.829013622975214,6.806734614055622,第5天,3101
False,both,False,False,4.900556724742886,5.806058985584057,第2天,3102
True,none,True,True,3.7756519014794314,2.312283353854908,无,3103
False,both,False,False,3.2403448028631336,3.5367777346214098,第2天,3104
False,traffic,True,False,6.338205129606559,3.8223036012458107,第4天,3105
False,queue,False,True,4.961842369715535,3.6114820290114897,第5天,3106
False,queue,False,True,10.042103776942751,1.0384904151029937,第5天,3107
False,queue,False,True,4.110508633382983,5.210320975886144,第3天、第5天,3108
False,traffic,True,False,9.080042954195864,0.7923672847040051,第3天,3109
False,queue,False,True,2.717299309514456,2.9617043987655274,第3天,3110
False,both,False,False,12.362032704661905,4.565973479930452,第5天,3111
False,traffic,True,False,7.2867824508420105,5.614057626376608,第1天,3112
False,queue,False,True,2.2529328825789148,4.90221772579393,第5天,3113
False,both,False,False,13.384810143686682,1.810939148878719,第2天、第5天,3114
False,both,False,False,12.85314680130573,3.1973775359515173,第1天、第5天,3115
False,both,False,False,3.834524263013433,2.2818167298345498,第2天、第5天,3116
False,queue,False,True,3.2820395872379784,3.127855481472145,第5天,3117
False,queue,False,True,7.9160578169750835,4.3853610769314315,第2天、第5天,3118
False,queue,False,True,4.451802045572466,5.229837928307846,第5天,3119
False,both,False,False,9.177092700718319,0.6314458810658401,第5天,3120
False,both,False,False,6.487332615894264,4.201826922582679,第5天,3121
True,none,True,True,4.229409471447112,0.933490527528829,无,3122
False,queue,False,True,8.336155617845733,5.334938047830665,第5天,3123
True,none,True,True,5.387720358241939,3.147911647800509,无,3124
True,none,True,True,0.18085765066215687,3.3057148855193716,无,3125
False,queue,False,True,4.598780417890837,4.37222421209348,第5天,3126
False,both,False,False,16.490592798820828,1.3578416252513943,第3天、第4天、第5天,3127
False,both,False,False,8.742177736357203,1.676805002805167,第2天、第5天,3128
False,queue,False,True,8.076817863013662,3.3348005846158046,第4天,3129
False,queue,False,True,0.0,5.841096636377415,第5天,3130
False,both,False,False,8.119586110113296,3.472007422905297,第1天、第5天,3131
False,queue,False,True,7.533877727452083,0.305324072405066,第4天,3132
False,queue,False,True,3.431425665317,3.8509780377327547,第5天,3133
False,queue,False,True,4.888537449483289,4.7622538257910145,第5天,3134
False,both,False,False,6.985218637410698,4.439941381764507,第2天,3135
False,both,False,False,8.010764008188822,4.962284796933352,第4天、第5天,3136
False,both,False,False,5.361525151730466,2.672973008913929,第5天,3137
False,both,False,False,10.56526349305925,0.6689968566903952,第3天、第5天,3138
False,queue,False,True,11.337771524247206,2.4949900119319426,第3天、第4天,3139
False,queue,False,True,3.818549210595241,4.607670884154333,第5天,3140
True,none,True,True,2.963087757175921,2.76014162159504,无,3141
False,both,False,False,12.916003704924664,3.973648907137104,第5天,3142
False,queue,False,True,3.2440496734061446,4.922308901151599,第5天,3143
False,queue,False,True,4.016998656611351,4.06331473361476,第5天,3144
False,both,False,False,6.439559166239323,7.2441449631004,第2天、第4天、第5天,3145
False,both,False,False,8.174036131188576,1.436847479091481,第3天、第5天,3146
False,both,False,False,8.606121704211084,5.895367443561919,第4天、第5天,3147
False,queue,False,True,0.7494857978711814,5.25704859501908,第5天,3148
False,both,False,False,8.19717126989579,3.433230145244732,第2天、第5天,3149
False,queue,False,True,1.7480805612678374,4.838228626125813,第5天,3150
False,both,False,False,10.677656446088463,6.173519479274244,第4天、第5天,3151
False,queue,False,True,8.049023856019225,3.159462111059569,第4天、第5天,3152
False,both,False,False,12.831803058024803,3.8145416936064995,第5天,3153
False,queue,False,True,2.927539887967888,4.027383390475136,第5天,3154
False,queue,False,True,0.8247173998127744,3.415814439884664,第5天,3155
False,both,False,False,4.73687830508743,5.8978635210770864,第5天,3156
True,none,True,True,2.7429514602937557,4.9652235823742785,无,3157
False,queue,False,True,7.689316360705624,2.4144240722597434,第5天,3158
False,both,False,False,6.7523079795607766,5.206658298097704,第1天、第5天,3159
False,both,False,False,17.182104756747023,2.5585821290878545,第3天、第5天,3160
False,both,False,False,8.814412069995134,5.917664572263396,第1天、第5天,3161
False,both,False,False,13.491241046690506,6.230716339711236,第1天、第3天、第5天,3162
True,none,True,True,7.727070443226216,4.265996427769236,无,3163
False,both,False,False,13.039020555981388,4.421830522079988,第4天、第5天,3164
False,queue,False,True,4.79592480355071,3.5654810112634197,第5天,3165
False,queue,False,True,16.572112080586912,1.8253341591185772,第3天、第4天、第5天,3166
False,both,False,False,6.2926162865787285,5.895658473504248,第5天,3167
True,none,True,True,5.477865661894283,2.5082108512861128,无,3168
False,queue,False,True,7.197285388442236,2.6933129460452134,第5天,3169
False,queue,False,True,6.710627554938069,0.3795926705647449,第4天,3170
False,both,False,False,10.415889632538192,2.5456525255628564,第5天,3171
False,both,False,False,11.130978166872108,2.734866955108435,第1天、第5天,3172
False,queue,False,True,4.244685051634939,2.4393498009003416,第5天,3173
False,queue,False,True,3.3270903384459825,0.6446839641539321,第5天,3174
False,both,False,False,13.354897500813092,3.637535539488482,第1天、第4天、第5天,3175
True,none,True,True,2.8074641757299874,3.2722392416701798,无,3176
False,both,False,False,10.147397210959504,7.012523304435512,第2天、第5天,3177
False,both,False,False,14.920310645766747,1.977339384317317,第4天、第5天,3178
False,both,False,False,5.40473197547015,6.723757301173784,第1天、第5天,3179
False,both,False,False,5.560721869724373,2.328355571366883,第2天、第5天,3180
False,queue,False,True,3.4839767079370882,7.592646267684971,第5天,3181
False,both,False,False,3.687613575962276,6.034411039652543,第5天,3182
False,both,False,False,6.810538042417467,3.1510585554837394,第3天、第5天,3183
False,both,False,False,7.870472975924862,5.0729372779197925,第1天、第5天,3184
True,none,True,True,6.483177967975649,1.9271500690008274,无,3185
False,both,False,False,10.84268008183989,4.109493543156971,第3天、第4天、第5天,3186
False,both,False,False,8.298288972820549,3.400072116449896,第5天,3187
False,both,False,False,11.322610377609529,3.8646495354712007,第2天、第3天、第5天,3188
False,both,False,False,13.904975261233083,4.4672560552830785,第1天、第5天,3189
False,queue,False,True,2.6441647850359455,6.290835078476817,第5天,3190
False,queue,False,True,3.8614936262888704,1.6846446190584732,第5天,3191
False,both,False,False,14.19997060554098,2.9633860178608824,第1天、第2天、第5天,3192
False,both,False,False,17.112607043835226,4.489236284897938,第3天、第4天、第5天,3193
False,both,False,False,13.027113411086507,5.846447100295439,第2天、第5天,3194
False,queue,False,True,2.6699509589734536,5.6589091036111,第5天,3195
True,none,True,True,1.9113527177852017,9.040568179036564,无,3196
False,queue,False,True,5.008320570158702,2.706943542273676,第5天,3197
False,queue,False,True,6.172072992909893,4.4727122205985825,第5天,3198
True,none,True,True,6.193888307923581,1.2229639225664948,无,3199
False,both,False,False,8.275589742167949,1.0886916923136274,第5天,3200
False,queue,False,True,11.576451501036122,0.27124623362190126,第2天、第5天,3201
False,both,False,False,7.105975803065293,6.806945725533268,第2天,3202
False,both,False,False,10.860983785228882,3.746324828590346,第2天、第5天,3203
False,queue,False,True,1.9389762290390893,4.868016333664984,第5天,3204
False,queue,False,True,8.511302591600073,3.5678768243509467,第5天,3205
False,both,False,False,8.977578880779056,4.622728463176023,第2天,3206
False,traffic,True,False,5.454711665506309,4.004129447313857,第1天,3207
True,none,True,True,13.491571597227072,1.0388181152283278,无,3208
False,queue,False,True,7.390925559821111,2.287600674912494,第3天、第5天,3209
False,both,False,False,10.849258972919893,0.0,第5天,3210
False,queue,False,True,6.672295682045812,5.648537104757187,第5天,3211
False,both,False,False,8.560214543713052,2.515988361624768,第5天,3212
False,both,False,False,7.820494275719946,2.376017796084442,第2天、第5天,3213
False,both,False,False,9.200668098423233,4.017694688506445,第4天、第5天,3214
False,both,False,False,10.951536258062147,2.654281137540552,第2天,3215
False,both,False,False,11.66406298390535,3.6276130587108373,第4天、第5天,3216
False,queue,False,True,3.4697265927498426,4.618555140033059,第5天,3217
False,both,False,False,8.136697321693244,5.455270231490948,第5天,3218
False,both,False,False,8.466183772508433,4.123170146853434,第2天、第4天、第5天,3219
False,queue,False,True,5.296442586700296,2.8244574786567296,第2天、第4天、第5天,3220
True,none,True,True,1.2461930845765368,2.720999807622938,无,3221
False,queue,False,True,14.853382240218943,0.16028856705601036,第4天,3222
False,queue,False,True,2.493379193084624,4.528465571859204,第5天,3223
False,both,False,False,13.495550676656237,5.478341284715293,第2天、第3天、第5天,3224
False,queue,False,True,3.353426742327936,0.8395323094075955,第5天,3225
False,queue,False,True,10.990013747511016,2.059822307880449,第5天,3226
False,both,False,False,8.808074447123772,1.8279238145576606,第2天,3227
False,both,False,False,5.45228956648992,1.1365260728781277,第3天、第5天,3228
False,queue,False,True,8.11236014096964,2.8696639080147253,第5天,3229
False,traffic,True,False,5.816508892466723,2.346594252407578,第3天,3230
False,queue,False,True,10.70458617387153,1.4302986225626526,第2天、第3天、第5天,3231
False,queue,False,True,7.252972884161739,2.309477595455311,第5天,3232
False,both,False,False,4.959530581017193,3.6810655833930563,第3天、第5天,3233
True,none,True,True,1.778895784553308,4.792439921482343,无,3234
False,queue,False,True,5.050109520807495,3.786574614835497,第5天,3235
False,traffic,True,False,4.633662928883727,1.4382400586973245,第5天,3236
False,both,False,False,13.553559936703445,3.430111014489835,第4天、第5天,3237
False,queue,False,True,5.74228108993041,4.626501396530498,第5天,3238
True,none,True,True,5.773604298558093,2.8810327687890713,无,3239
False,queue,False,True,5.297248542121254,2.8393758278777605,第5天,3240
False,queue,False,True,4.865244860377712,2.481527835316534,第5天,3241
False,traffic,True,False,10.028809628595829,0.641774080885208,第4天,3242
True,none,True,True,6.878207160271503,3.078650083305441,无,3243
False,both,False,False,10.618101238828377,8.344885639091496,第2天、第5天,3244
True,none,True,True,7.440961919095747,1.482232063662821,无,3245
True,none,True,True,2.8659536717889718,1.4227548368895677,无,3246
False,queue,False,True,3.400419427721598,4.855718316274619,第5天,3247
False,traffic,True,False,12.699812092818636,3.3176898506525525,第3天,3248
False,both,False,False,19.04235749183718,0.8618130357748459,第3天、第4天、第5天,3249
False,both,False,False,6.46615307865472,10.90133721325624,第2天、第5天,3250
False,both,False,False,6.643477638819192,3.6566537667972394,第4天、第5天,3251
False,queue,False,True,2.3893198244996556,8.268049332448527,第5天,3252
False,both,False,False,9.625889208756277,3.733028116608624,第2天,3253
False,both,False,False,13.442882635672394,2.571638366437459,第1天、第3天、第5天,3254
False,both,False,False,17.134174602564993,0.7445770256104296,第3天、第5天,3255
False,both,False,False,19.340831089958147,0.6551498403298541,第2天、第4天、第5天,3256
False,both,False,False,8.340515700156038,3.295111076078304,第2天、第5天,3257
False,both,False,False,7.353472992000791,1.8422050682631326,第5天,3258
False,queue,False,True,5.684065911823282,0.03856778107485881,第5天,3259
False,queue,False,True,4.721543543142313,1.8526350761623653,第5天,3260
False,queue,False,True,4.332930890912108,3.8430744707118314,第5天,3261
False,both,False,False,8.4847350106319,5.039519106397641,第5天,3262
False,queue,False,True,6.861349788668291,3.1299405982866015,第5天,3263
False,both,False,False,8.439009195499981,4.195897713396083,第2天、第5天,3264
True,none,True,True,0.0,1.3272736522439552,无,3265
False,queue,False,True,8.63998810559054,2.664821980101566,第2天、第5天,3266
False,queue,False,True,3.2507964302654444,3.710762379197316,第4天、第5天,3267
False,queue,False,True,9.217539069707609,3.6257468350814075,第2天、第5天,3268
False,both,False,False,12.234525822188356,2.7387016357593934,第1天、第3天,3269
False,queue,False,True,7.355511107358995,2.0933475504801216,第5天,3270
False,both,False,False,15.877979213908532,3.934894908215871,第2天、第5天,3271
False,queue,False,True,12.721355011054895,3.09293604077979,第2天、第4天、第5天,3272
False,queue,False,True,1.3026465028303156,3.4808663475360717,第5天,3273
False,both,False,False,12.954062494128623,5.867314578640158,第1天、第5天,3274
False,queue,False,True,1.1557018802917365,5.591165834821236,第5天,3275
False,both,False,False,6.083360084680293,4.711448400406001,第3天、第5天,3276
False,queue,False,True,8.26764745253875,3.811460863229206,第2天、第5天,3277
False,both,False,False,14.651207098905981,4.250604441765939,第3天、第4天、第5天,3278
False,queue,False,True,5.7321160951766075,1.0185487628259777,第2天,3279
False,both,False,False,15.058435780499876,1.347853473355797,第2天、第3天,3280
False,both,False,False,14.070726524042234,0.8141393560770205,第2天、第3天、第4天,3281
False,both,False,False,9.846363182045705,4.033619135030603,第2天、第3天,3282
False,queue,False,True,4.012999893908297,2.7408763410893937,第5天,3283
True,none,True,True,7.295620062850581,0.1073469997146127,无,3284
False,traffic,True,False,7.340333814685563,0.31218243573814675,第3天,3285
True,none,True,True,7.52447561468828,0.019591529730630053,无,3286
False,both,False,False,7.450173959609744,5.0025404042190456,第2天、第4天、第5天,3287
False,both,False,False,13.03187656209666,2.645848097877656,第2天、第5天,3288
False,both,False,False,3.9451143307112484,0.7805925941253973,第5天,3289
True,none,True,True,9.72222436175857,2.030870264920668,无,3290
False,both,False,False,13.768216948916091,1.4235735257554711,第2天、第4天、第5天,3291
False,both,False,False,5.401552516724406,2.501482282883779,第3天、第5天,3292
False,queue,False,True,2.0943662700701564,6.613198189565503,第5天,3293
False,queue,False,True,1.554512707996865,3.3211445000577413,第5天,3294
True,none,True,True,3.6923985063269384,5.756811787211561,无,3295
False,both,False,False,8.26627538446709,7.898899657548852,第2天、第5天,3296
False,queue,False,True,3.714576109536446,7.190553084194872,第4天、第5天,3297
False,both,False,False,11.522186994105589,1.0646571798693576,第5天,3298
False,queue,False,True,14.699749261881957,0.07901974720974358,第2天、第5天,3299
False,both,False,False,9.897370233358606,3.369000825035565,第1天、第3天、第5天,3300
False,both,False,False,6.417396597674368,4.809055590083334,第5天,3301
False,both,False,False,6.645426739164808,7.780195012676144,第5天,3302
False,both,False,False,11.11099366095007,2.4929364333497945,第3天、第5天,3303
False,traffic,True,False,7.841259951215596,2.0570080240743156,第1天,3304
False,queue,False,True,9.238650643796971,4.005057701553792,第2天、第5天,3305
True,none,True,True,2.3029004045309898,1.5092948103674428,无,3306
False,queue,False,True,1.9940746402107645,2.236389541616804,第5天,3307
False,traffic,True,False,4.457625204871011,2.6326536737269235,第1天,3308
True,none,True,True,6.860979961089971,2.604224453477889,无,3309
True,none,True,True,5.772946170203894,1.7619041091238108,无,3310
False,both,False,False,12.399670076371061,4.801224742779377,第2天、第5天,3311
False,both,False,False,8.6267807696046,2.070340318971732,第5天,3312
False,both,False,False,15.321928399666028,2.8051595640440916,第1天、第2天、第5天,3313
False,queue,False,True,0.0,6.257118478637741,第5天,3314
False,queue,False,True,1.956327341367372,6.796763169205145,第5天,3315
False,both,False,False,14.145994639219541,0.0,第5天,3316
False,queue,False,True,6.0588010948385005,2.973356119197547,第2天、第5天,3317
False,queue,False,True,8.669387189686908,3.3332282341990154,第5天,3318
True,none,True,True,0.0,3.3359800230551526,无,3319
False,queue,False,True,5.248771761054278,2.169486877203714,第5天,3320
False,both,False,False,7.711680065245091,4.698274781427972,第4天、第5天,3321
False,queue,False,True,5.465658127356486,7.603571026150573,第5天,3322
False,both,False,False,9.088291308473387,3.0874915375527263,第4天、第5天,3323
True,none,True,True,6.506759013917968,0.0,无,3324
False,both,False,False,10.387481099403852,3.539574963153818,第5天,3325
False,queue,False,True,3.8703235912160725,2.7275649880831856,第5天,3326
False,traffic,True,False,8.92394744330511,1.7120522735682953,第2天,3327
False,both,False,False,9.969716427029475,1.8052382120435488,第4天、第5天,3328
False,both,False,False,3.52285254205683,5.160209615584292,第5天,3329
False,queue,False,True,7.609568303308189,4.697923626042469,第5天,3330
False,queue,False,True,10.499975352255163,0.021139950604296187,第3天,3331
False,both,False,False,6.927476033895915,8.054214374289534,第1天、第5天,3332
False,both,False,False,18.738401467598553,2.763128893952837,第2天、第3天、第4天、第5天,3333
False,queue,False,True,10.025859232536193,1.0772802592217032,第5天,3334
True,none,True,True,5.2219473152324944,4.121249524570498,无,3335
False,queue,False,True,2.996026347004253,2.711097551835417,第5天,3336
True,none,True,True,4.585604784371571,3.990244254681701,无,3337
False,queue,False,True,6.900019355514901,4.253854113430441,第5天,3338
False,queue,False,True,2.3364351745833747,6.057339455035436,第5天,3339
False,queue,False,True,4.265332651830849,0.31157136187261336,第5天,3340
False,both,False,False,6.181826325392565,3.6523721086153866,第5天,3341
False,queue,False,True,1.4263070642110165,3.085092557796632,第5天,3342
False,queue,False,True,2.2240062688583544,4.869086859880037,第5天,3343
False,queue,False,True,5.681900919764132,2.4269122873839652,第2天,3344
False,queue,False,True,4.069732493378034,2.522845523518349,第5天,3345
False,both,False,False,13.358539489541089,0.5166943277817126,第3天、第5天,3346
False,both,False,False,11.65392620975976,2.396485375940713,第3天、第5天,3347
False,both,False,False,8.42029456475271,2.963438826891524,第5天,3348
False,queue,False,True,5.069869382815363,3.919752979881113,第5天,3349
False,queue,False,True,3.4541816322344703,0.9013074030476096,第5天,3350
True,none,True,True,5.343545614352134,4.887632250331694,无,3351
False,both,False,False,8.83257960646136,5.857462896135338,第5天,3352
False,both,False,False,5.066080428083026,7.318946436005031,第2天、第4天、第5天,3353
False,queue,False,True,5.791497895836567,1.6093241698633935,第5天,3354
True,none,True,True,8.945415112489245,2.3972613649171906,无,3355
False,queue,False,True,9.013637125476526,4.08720618856567,第2天、第5天,3356
False,both,False,False,9.089653253729454,3.059068437380224,第5天,3357
False,both,False,False,7.956220152501405,5.067409210247863,第3天、第5天,3358
False,both,False,False,7.400959952649863,3.3871222640541,第3天、第5天,3359
False,traffic,True,False,11.9246959807098,1.4613858559799924,第3天,3360
False,queue,False,True,8.962092335129544,1.4232564628158255,第3天、第5天,3361
False,queue,False,True,4.500921385914325,7.526615649441692,第5天,3362
True,none,True,True,3.860504023577247,3.1826193061791486,无,3363
False,both,False,False,6.589878237540995,4.686360877242179,第2天、第5天,3364
False,both,False,False,4.383030705184403,4.521910819038086,第2天、第5天,3365
False,both,False,False,6.254949290893487,4.4335192906349725,第5天,3366
True,none,True,True,4.982191908039426,4.363726190383945,无,3367
False,both,False,False,16.354553990613717,5.031208628149599,第1天、第2天、第3天、第4天,3368
False,both,False,False,13.311213187483999,1.521469306531866,第5天,3369
True,none,True,True,4.683644745553076,3.462990245518975,无,3370
False,both,False,False,6.719774541891127,4.592988117957489,第4天、第5天,3371
False,queue,False,True,3.5640539350633818,1.248654888284593,第5天,3372
False,queue,False,True,7.972778090563441,5.61826036437264,第4天,3373
False,both,False,False,12.472272055736314,1.5046274773232247,第4天、第5天,3374
False,traffic,True,False,13.537280194688233,0.1637360641272293,第5天,3375
False,both,False,False,4.752454248943389,3.7171038839916433,第2天、第5天,3376
False,traffic,True,False,10.399757945860777,1.29149449868911,第3天,3377
False,both,False,False,5.976721602726265,5.228070845215306,第5天,3378
True,none,True,True,6.071722813149653,0.0,无,3379
False,both,False,False,4.680779295009161,4.418204972043666,第5天,3380
False,queue,False,True,9.542696528317796,5.788599743339056,第4天、第5天,3381
False,traffic,True,False,4.9859258595034035,4.945988815323508,第3天,3382
False,both,False,False,11.702781949997792,5.354222973570523,第2天、第5天,3383
False,both,False,False,4.485964781354196,3.6396621562355804,第2天、第5天,3384
False,both,False,False,15.842303400188287,0.0,第3天、第5天,3385
False,both,False,False,7.683004061519348,3.7411789308622936,第5天,3386
False,queue,False,True,11.131992910365387,4.31622905183988,第5天,3387
False,both,False,False,18.9271308247892,6.075566746560194,第2天、第3天、第4天、第5天,3388
False,both,False,False,9.615073848774543,3.3404610407180853,第3天、第5天,3389
False,both,False,False,8.089630199156758,1.1914292645845532,第5天,3390
False,both,False,False,4.664242521329173,3.511503966455986,第5天,3391
True,none,True,True,2.8923575310810383,4.500282438694656,无,3392
False,both,False,False,15.489132288700699,6.8728770696618415,第3天、第4天、第5天,3393
True,none,True,True,4.726234552628187,2.9480818215951783,无,3394
True,none,True,True,7.366857413938222,3.4835244287376828,无,3395
False,queue,False,True,6.839157275357835,1.473872208539142,第5天,3396
False,queue,False,True,8.65093944769993,2.542509285776618,第5天,3397
False,both,False,False,9.576057677201174,0.8160488284333063,第4天,3398
False,both,False,False,5.278367431331483,2.8683962492380344,第4天,3399
False,both,False,False,9.937301853236258,1.709527950421418,第2天、第4天、第5天,3400
False,both,False,False,6.756337747981817,1.3900008870459404,第2天、第5天,3401
False,queue,False,True,8.406511947290348,3.792133415483845,第4天、第5天,3402
False,both,False,False,10.392355341715831,6.960506852575179,第3天、第5天,3403
False,both,False,False,7.848558273862038,10.301243739261412,第3天、第5天,3404
False,queue,False,True,1.1826347911232271,4.190332472392008,第5天,3405
False,both,False,False,14.603746861550114,5.404918752105889,第2天、第4天、第5天,3406
False,queue,False,True,7.178971233959835,3.0274428067788444,第5天,3407
False,queue,False,True,5.751115175561569,1.8642999882101328,第5天,3408
False,queue,False,True,1.5302950871477266,1.8686042384485673,第5天,3409
False,both,False,False,6.220192854092936,5.925720655695193,第2天,3410
False,queue,False,True,5.575605915824938,5.272173305285435,第5天,3411
False,both,False,False,15.400160420786307,1.6331111673504661,第2天、第4天、第5天,3412
True,none,True,True,2.419271139117626,3.372345409876484,无,3413
True,none,True,True,0.0,3.2433902063752145,无,3414
False,both,False,False,11.507575837791324,0.8504640699451357,第2天、第5天,3415
False,queue,False,True,2.8033343481399013,3.636886559666892,第5天,3416
False,queue,False,True,0.22152350623872274,5.010778627448467,第5天,3417
False,both,False,False,16.94561151756883,0.7827776389210386,第2天、第3天、第5天,3418
True,none,True,True,4.829333999501421,1.922354560835844,无,3419
False,both,False,False,9.403213961897404,3.2372540337712965,第5天,3420
False,both,False,False,6.117229577808635,5.473741565416693,第3天、第5天,3421
True,none,True,True,0.33639047798327015,1.2447471489175697,无,3422
False,queue,False,True,6.572617254157459,3.9632327749548755,第5天,3423
False,both,False,False,11.890532610722586,5.1896476057640255,第2天、第5天,3424
False,both,False,False,10.634039734539165,6.916498444346172,第2天、第3天、第5天,3425
False,queue,False,True,9.058285564889935,0.0,第5天,3426
True,none,True,True,10.052096091377155,0.8093759265017106,无,3427
False,queue,False,True,8.0902797250203,4.546580168598648,第5天,3428
False,queue,False,True,3.1243888059151823,3.799046736788404,第5天,3429
False,both,False,False,6.157657955823361,2.0483995480436623,第2天,3430
False,both,False,False,13.234772209350316,3.8641237136917574,第4天、第5天,3431
False,both,False,False,3.995120022684161,4.624218356729454,第5天,3432
False,queue,False,True,10.486446508088278,2.9795701212397834,第3天、第5天,3433
False,queue,False,True,6.847417972961421,0.9092242477071397,第5天,3434
False,both,False,False,9.459708249670843,1.2689830163015183,第4天,3435
False,queue,False,True,0.1731635019520097,2.583046148202263,第5天,3436
False,both,False,False,7.98798243113484,7.9061682254484005,第2天、第5天,3437
True,none,True,True,4.6867730456251,4.165109479562219,无,3438
False,both,False,False,6.971937746834765,3.0123226845385425,第2天、第5天,3439
False,both,False,False,8.109790577104615,8.69297688580308,第1天、第3天、第5天,3440
False,queue,False,True,7.768085847007484,5.060672363036248,第2天、第3天,3441
False,both,False,False,8.475326044316123,6.972245024191834,第2天、第5天,3442
False,both,False,False,9.2056380820943,1.8811357588479178,第2天,3443
False,queue,False,True,6.311272342013724,0.0,第5天,3444
False,queue,False,True,5.62839748711678,3.094517491300528,第5天,3445
False,queue,False,True,6.749724796153904,2.6717124683257447,第5天,3446
False,both,False,False,8.257629278792944,0.6314611128622138,第5天,3447
False,queue,False,True,5.114257627011915,4.246757930354745,第5天,3448
False,both,False,False,3.3080879777309153,6.791051407517911,第5天,3449
False,both,False,False,5.092966089478439,5.420436493132226,第2天、第4天,3450
False,both,False,False,14.484633858461752,1.370817502937678,第5天,3451
False,both,False,False,7.209032509661199,4.01922588134054,第5天,3452
False,both,False,False,9.200386250984184,2.3759357271956376,第2天、第5天,3453
False,queue,False,True,8.048130092315107,0.8651880455101444,第3天,3454
True,none,True,True,6.076471147476058,3.3121815020281256,无,3455
False,queue,False,True,2.2083823169723473,6.172816856564156,第5天,3456
False,traffic,True,False,12.018583827202054,2.586711748307752,第2天,3457
False,both,False,False,10.114192847168248,2.6022588225039502,第1天、第3天、第5天,3458
False,both,False,False,13.221432399011276,6.37283799934122,第2天、第3天、第4天,3459
False,both,False,False,13.134734445494699,3.551869981184978,第4天、第5天,3460
False,queue,False,True,5.000298802662152,5.853729781105514,第5天,3461
False,both,False,False,18.652119382020953,1.3426501779850815,第4天、第5天,3462
False,both,False,False,6.164746560886532,7.307018927761517,第2天、第5天,3463
False,queue,False,True,7.582576805334087,3.1225183144275688,第3天,3464
False,both,False,False,15.530771383367696,4.644166354338918,第1天、第4天、第5天,3465
False,queue,False,True,7.031324690194365,2.0870045875466277,第2天、第5天,3466
False,queue,False,True,5.110624246385052,5.329273877500327,第3天、第5天,3467
False,both,False,False,18.309802266685818,4.556289045284263,第1天、第2天、第5天,3468
False,queue,False,True,3.9091778026260413,1.6165251546590178,第5天,3469
False,both,False,False,10.66792094542797,2.422982361876315,第3天、第5天,3470
False,queue,False,True,5.316824158865091,3.4876822380217876,第4天、第5天,3471
False,both,False,False,20.863787699867444,7.411362290481935,第2天、第3天、第4天、第5天,3472
False,traffic,True,False,12.374585748947744,2.672049583736483,第4天,3473
False,queue,False,True,3.16646353106629,2.8470003558571317,第5天,3474
True,none,True,True,2.6680171357528537,5.197212337573678,无,3475
False,both,False,False,10.455878374938196,4.290465012121941,第3天、第5天,3476
False,both,False,False,9.239044192352043,4.512033217326802,第2天、第5天,3477
False,both,False,False,5.515215807379113,4.858682511843916,第3天,3478
False,queue,False,True,7.075333406140711,2.149443367632958,第5天,3479
False,queue,False,True,5.073828408427845,6.201641713928118,第5天,3480
False,both,False,False,6.829407219083075,1.758159946355073,第5天,3481
False,queue,False,True,6.462644736148096,5.224371127840941,第5天,3482
False,both,False,False,12.014375118773902,3.949348451894303,第2天、第5天,3483
False,queue,False,True,6.6683383889191905,2.4762294936301523,第5天,3484
True,none,True,True,3.7005988969984647,3.269203470582635,无,3485
False,queue,False,True,6.567919672509126,0.8609790586152787,第5天,3486
False,both,False,False,5.6477066722386144,4.861539406296966,第5天,3487
False,queue,False,True,0.6795971325188237,5.482632773986746,第5天,3488
False,both,False,False,7.047123841931057,5.85356639840482,第1天、第5天,3489
False,queue,False,True,0.9455254575301035,4.051269502042357,第2天、第5天,3490
False,queue,False,True,2.505988149988058,2.6556608910904917,第5天,3491
False,both,False,False,10.940671284276279,1.9256477292053709,第2天,3492
False,both,False,False,6.006973645300622,6.246110558044972,第2天、第5天,3493
True,none,True,True,6.716473540367982,8.218447638857027,无,3494
False,both,False,False,9.744866781144625,2.0657199556256622,第3天、第5天,3495
False,both,False,False,7.382268033482288,6.774266119439639,第5天,3496
False,queue,False,True,4.2561672515957945,2.972025166447764,第5天,3497
False,queue,False,True,7.728545746423633,3.557580969430046,第5天,3498
False,queue,False,True,9.170726994457862,1.0994137105407027,第5天,3499
False,queue,False,True,4.320865064187766,5.012406948539406,第5天,3500
False,queue,False,True,10.668967474777812,3.5885028710181577,第4天、第5天,3501
True,none,True,True,0.0,1.6023437429411826,无,3502
False,queue,False,True,3.875951334848823,5.345880805590671,第5天,3503
False,both,False,False,5.761715931191142,5.467059582396016,第5天,3504
False,queue,False,True,5.198288775906388,2.6547430449833938,第5天,3505
True,none,True,True,5.176179271779641,2.568998878502714,无,3506
False,traffic,True,False,7.29338857835207,4.132024833580206,第2天、第4天,3507
False,queue,False,True,7.045328138442714,2.763131926521284,第5天,3508
True,none,True,True,1.7275872494669633,5.796515479141959,无,3509
False,both,False,False,10.51339372496967,5.046177683790666,第4天、第5天,3510
False,both,False,False,11.469433384556517,1.5421595545614646,第3天、第5天,3511
False,both,False,False,8.116697118060287,3.942993402252226,第3天、第5天,3512
False,both,False,False,7.210520394874532,2.2439811262777862,第5天,3513
True,none,True,True,7.740461176514763,2.800957516751102,无,3514
False,queue,False,True,2.912475523650898,2.5307905334382887,第5天,3515
False,both,False,False,15.397041187166518,2.9832690585623975,第3天、第5天,3516
False,both,False,False,9.132106933047549,3.0387805254254734,第3天、第5天,3517
False,both,False,False,14.679307733619021,1.534845675221733,第4天、第5天,3518
False,both,False,False,16.161365709163892,0.9305846244929044,第2天、第3天,3519
False,queue,False,True,11.37393628942616,2.937982196828532,第2天、第4天、第5天,3520
True,none,True,True,3.269402699667004,0.28417821637030294,无,3521
False,queue,False,True,7.817935783427501,2.77540577819361,第5天,3522
True,none,True,True,2.0991036940432166,2.265592205412887,无,3523
False,queue,False,True,7.331448227884483,2.914870299067379,第5天,3524
False,both,False,False,6.7929696872679415,4.26771996142051,第5天,3525
False,queue,False,True,0.0,2.0567200489654818,第5天,3526
False,both,False,False,8.887830079269444,1.0280288300660139,第5天,3527
False,both,False,False,13.924528492699052,4.001571137544072,第2天、第4天,3528
True,none,True,True,3.107384534053329,1.8264252613819787,无,3529
False,queue,False,True,7.134089549552928,6.243203744197101,第5天,3530
True,none,True,True,4.851179960646739,0.0,无,3531
False,queue,False,True,4.567506668900269,10.914801517022816,第5天,3532
True,none,True,True,3.9229082758331364,1.781513123521683,无,3533
False,queue,False,True,5.3479899453502995,1.8742277725915084,第5天,3534
False,both,False,False,9.812665724759025,6.120472423230345,第2天、第5天,3535
False,queue,False,True,2.7356849686195113,1.388343851701919,第5天,3536
False,both,False,False,12.121577597182098,1.7162008854163198,第2天、第5天,3537
False,queue,False,True,5.126109277527828,2.8657047795860526,第5天,3538
False,queue,False,True,2.655912020816442,1.8890554724255666,第2天、第5天,3539
False,traffic,True,False,8.875614523855848,6.266068512261487,第4天,3540
False,both,False,False,12.683513891065177,5.5110022107036185,第2天、第4天、第5天,3541
False,queue,False,True,7.435294824611139,2.741855950471929,第5天,3542
False,queue,False,True,12.589311239558443,2.7505775054307646,第4天、第5天,3543
False,both,False,False,11.323223124559664,6.153727208964047,第2天、第5天,3544
False,queue,False,True,9.233543226555893,2.6385049272201377,第2天,3545
False,both,False,False,13.437323181790788,3.5278988588612608,第5天,3546
False,both,False,False,15.553855374154761,0.5860640140162996,第4天、第5天,3547
False,queue,False,True,5.074206702171119,1.3533881361481281,第5天,3548
False,queue,False,True,10.65268922682123,0.705712598657462,第2天、第5天,3549
False,both,False,False,6.719673273847098,3.160231366084546,第5天,3550
False,both,False,False,9.74787903312244,4.937425800940067,第1天、第5天,3551
True,none,True,True,4.668716379171985,0.03240202199230302,无,3552
False,both,False,False,8.231863408061319,6.314284416962023,第2天、第5天,3553
False,both,False,False,13.288760877425872,5.074605156706662,第2天、第5天,3554
False,queue,False,True,5.562498362385705,3.9912756339609192,第5天,3555
False,queue,False,True,2.9363454920411955,2.4800624114588268,第5天,3556
False,both,False,False,5.933746360232577,3.9668403611403864,第1天,3557
False,both,False,False,9.612881675974144,5.519970840241568,第5天,3558
False,both,False,False,9.688311554177677,3.5831924322969857,第2天、第4天、第5天,3559
False,both,False,False,13.054309173991639,5.083542000751941,第2天、第5天,3560
False,queue,False,True,8.800412414810776,0.27244109501804437,第4天、第5天,3561
False,queue,False,True,1.6831748771490394,2.4483680127746887,第5天,3562
False,both,False,False,8.430975203252215,7.088295932714534,第5天,3563
True,none,True,True,7.9520837029027405,0.5928702118846327,无,3564
False,both,False,False,11.090342755042299,3.393164625621527,第4天、第5天,3565
False,traffic,True,False,7.3381349858486615,1.6064719417241733,第5天,3566
False,both,False,False,15.218560240989635,0.7829658834325605,第2天、第5天,3567
True,none,True,True,6.83206583190401,0.0,无,3568
True,none,True,True,9.21488672906856,2.5934785069688044,无,3569
False,both,False,False,12.35046624193638,1.8599165317821529,第2天、第5天,3570
False,both,False,False,8.632333588657389,3.8718743221815677,第2天、第5天,3571
False,both,False,False,9.482789382031356,6.876031521728458,第3天、第5天,3572
False,queue,False,True,5.393712213809776,6.759958079854283,第5天,3573
False,queue,False,True,8.484728907079573,4.652497427995373,第3天、第4天、第5天,3574
False,both,False,False,8.911647934373901,5.917202971242483,第3天、第5天,3575
True,none,True,True,8.164172632995696,5.272140508066886,无,3576
False,queue,False,True,5.170056814032122,4.1052301744062625,第5天,3577
False,both,False,False,13.128268650099045,2.975486907427786,第2天、第5天,3578
True,none,True,True,7.106460774041311,1.7715020773828403,无,3579
False,queue,False,True,8.810435739657187,1.738126725096099,第3天,3580
False,both,False,False,10.91246308439764,3.6217849206162605,第1天、第5天,3581
False,both,False,False,5.623832517361649,5.9045317992500195,第2天、第5天,3582
False,queue,False,True,8.814945204748039,5.757087058318173,第2天、第3天、第5天,3583
False,queue,False,True,4.738999271976722,5.779903273881194,第5天,3584
False,both,False,False,10.536641244718927,3.794191539921141,第2天、第5天,3585
False,both,False,False,9.349237763029292,3.355586853881514,第5天,3586
False,queue,False,True,3.048035249580144,3.8876768874088574,第5天,3587
True,none,True,True,6.698219394676837,2.486828609261308,无,3588
False,queue,False,True,3.827586973366448,2.679498361323267,第5天,3589
True,none,True,True,1.0846914976040072,1.7907676743019998,无,3590
False,queue,False,True,0.0,7.704243285801683,第2天、第5天,3591
True,none,True,True,1.1631945185642758,2.41970802376222,无,3592
False,both,False,False,8.105527716774917,3.036994099287373,第2天,3593
True,none,True,True,11.544711687541742,2.093607650897237,无,3594
True,none,True,True,2.230530142449068,0.0,无,3595
False,both,False,False,16.758273973355326,3.7914128183105977,第3天、第4天、第5天,3596
False,queue,False,True,7.077124248625876,2.1206373031246457,第5天,3597
False,queue,False,True,8.403597505483692,2.5466681140986633,第5天,3598
True,none,True,True,4.0365120963169,5.742062738478186,无,3599
False,queue,False,True,3.5944220200135453,8.048867083783458,第5天,3600
False,traffic,True,False,7.7626552831252855,2.7715062614477453,第3天,3601
False,queue,False,True,5.175933533399965,4.079925070262544,第3天、第5天,3602
False,both,False,False,17.147317434794147,0.8461240679511898,第2天、第3天、第4天、第5天,3603
False,queue,False,True,1.3619698782246963,4.714653937883643,第5天,3604
False,traffic,True,False,5.348582305899534,3.52239661022794,第4天,3605
True,none,True,True,1.1692213296315037,2.740245388781923,无,3606
False,both,False,False,12.047562152432656,2.790496790496995,第2天,3607
False,both,False,False,9.050922644263338,4.446786679088074,第2天、第5天,3608
True,none,True,True,5.351416154523427,0.0,无,3609
False,both,False,False,9.353125056184446,3.97883466812159,第2天、第5天,3610
False,queue,False,True,4.919820738564845,5.990943185110341,第5天,3611
False,queue,False,True,4.900890449934691,3.7721173303472284,第5天,3612
True,none,True,True,0.0,4.262910860560581,无,3613
False,queue,False,True,0.8916293330106213,5.854257900485999,第5天,3614
False,queue,False,True,0.0,5.822133022318034,第5天,3615
False,queue,False,True,9.695562292453609,1.6192529570534082,第3天、第5天,3616
False,queue,False,True,3.867335035135889,5.172831477151217,第5天,3617
True,none,True,True,5.500897426474397,3.690943305744045,无,3618
False,both,False,False,14.978977379575744,2.777118467918063,第3天、第4天、第5天,3619
False,both,False,False,13.926614460319595,7.700851934966584,第2天、第3天、第4天、第5天,3620
False,both,False,False,14.195196325259033,4.0858879420096486,第5天,3621
False,both,False,False,8.757268399571487,6.888453798974524,第2天、第5天,3622
False,both,False,False,8.582852416711455,6.645100150458934,第2天、第4天、第5天,3623
True,none,True,True,4.061581892183399,4.96479836546359,无,3624
False,both,False,False,6.369907139032842,4.224103169341243,第5天,3625
False,traffic,True,False,6.395983740723121,3.063589467287591,第3天,3626
False,both,False,False,12.493865482034025,2.686376102719341,第1天、第4天、第5天,3627
True,none,True,True,4.597408586880109,0.8868268305139207,无,3628
False,both,False,False,14.361435556407336,2.1187787094724606,第3天、第4天、第5天,3629
True,none,True,True,1.2960576489177027,2.962001977000684,无,3630
False,both,False,False,3.2254765933326555,2.8287387967655278,第2天、第5天,3631
True,none,True,True,3.1174021629409787,1.610980720362634,无,3632
False,both,False,False,8.833070933918703,5.945262604790375,第4天,3633
False,queue,False,True,9.964996020889991,2.463325095536846,第5天,3634
False,both,False,False,6.534724115803476,5.753803819663437,第2天、第5天,3635
False,traffic,True,False,10.4617093430024,1.4487337946860308,第2天,3636
False,queue,False,True,10.727916332028549,1.5052550856047229,第2天、第3天、第5天,3637
False,both,False,False,13.071708670405297,4.560723192717898,第4天、第5天,3638
False,both,False,False,5.988825494407127,5.256526358337365,第2天、第5天,3639
False,queue,False,True,6.319609463580353,3.0491744445051507,第5天,3640
False,both,False,False,11.856289646356093,0.0,第2天、第5天,3641
False,queue,False,True,8.958381546938321,3.3381334977609725,第5天,3642
False,queue,False,True,5.810451854846357,3.540094966539632,第5天,3643
False,both,False,False,4.287885865741033,7.036942021871382,第5天,3644
False,queue,False,True,1.9746806199636746,3.1845817413569337,第5天,3645
False,queue,False,True,5.34109943899422,1.7818227062537009,第5天,3646
True,none,True,True,8.627653127609525,2.3830498383217327,无,3647
True,none,True,True,0.0,3.7670352987106703,无,3648
False,queue,False,True,0.0,5.506993178834684,第5天,3649
False,both,False,False,8.785365791966603,1.6249978800772473,第4天、第5天,3650
False,both,False,False,7.27163474670887,5.195567471522847,第5天,3651
False,both,False,False,12.82990328804751,2.7165579746411073,第1天、第2天、第5天,3652
False,both,False,False,18.615934801779318,1.331016995006812,第2天、第3天、第5天,3653
True,none,True,True,1.2540384856570514,0.0,无,3654
False,queue,False,True,8.813826094701952,1.4199057900129792,第5天,3655
True,none,True,True,3.4814760501526694,2.7459732605490608,无,3656
True,none,True,True,0.0,1.405436060209627,无,3657
False,both,False,False,9.169567358173824,3.510635419748059,第2天、第5天,3658
True,none,True,True,5.775254270478325,2.057954017027821,无,3659
False,both,False,False,4.411415806062759,7.729657206596963,第5天,3660
False,queue,False,True,5.264501618719548,0.604436746280494,第5天,3661
False,both,False,False,5.790065296316243,2.5307891781311387,第5天,3662
True,none,True,True,6.55676936556827,2.884996035385434,无,3663
False,queue,False,True,4.911161992593193,5.737956669540175,第5天,3664
False,queue,False,True,7.5362798398678645,4.315966923769526,第2天、第3天、第5天,3665
False,both,False,False,12.40867397605765,1.1193619843382572,第1天,3666
False,queue,False,True,4.024346666345474,6.100518488161592,第5天,3667
True,none,True,True,2.568606578589101,0.8182675443319261,无,3668
False,queue,False,True,10.229306941678571,3.597824740404282,第4天、第5天,3669
False,queue,False,True,5.894877344787138,5.87850959089914,第5天,3670
False,both,False,False,16.272301049977962,3.486426822527156,第2天、第3天、第4天、第5天,3671
False,both,False,False,12.053860024060391,3.1192931836667324,第4天、第5天,3672
False,queue,False,True,3.66953784505956,9.09636308655733,第5天,3673
False,queue,False,True,3.3444371828073267,7.000261563325109,第5天,3674
False,both,False,False,8.657446281459393,0.9774621489352509,第5天,3675
False,both,False,False,14.863487303760929,1.219876903939201,第2天、第3天、第5天,3676
False,both,False,False,15.55424758585702,0.5940599457464042,第1天、第2天、第4天,3677
False,queue,False,True,5.294410240614415,2.4002386092189387,第2天、第5天,3678
False,both,False,False,7.984470181103726,2.646455714870004,第3天、第5天,3679
True,none,True,True,3.209369489807544,2.422781530599117,无,3680
False,both,False,False,5.501727023845406,2.414364675236929,第5天,3681
False,queue,False,True,3.5034928991895926,3.7754650143194324,第5天,3682
False,both,False,False,5.358655107583267,4.548726296516308,第3天、第5天,3683
False,both,False,False,9.745493516109933,4.353299129496505,第3天、第4天、第5天,3684
False,both,False,False,7.275153708257859,1.7951802034053808,第2天,3685
False,both,False,False,6.6809721825284845,9.58114551749096,第2天、第5天,3686
False,both,False,False,17.049711400248725,1.0651593044003667,第3天、第4天、第5天,3687
False,both,False,False,5.11502023698912,5.33512520486601,第3天、第5天,3688
False,queue,False,True,7.710455433094429,2.8817031295989297,第5天,3689
False,both,False,False,18.864537443625665,2.148249221040893,第2天、第3天、第5天,3690
False,both,False,False,6.018289729964966,5.494456674813852,第2天,3691
False,both,False,False,7.224188129695053,2.7466690065896606,第1天、第5天,3692
False,both,False,False,9.260796582974386,3.7267901232018716,第2天、第4天,3693
True,none,True,True,3.911527537308589,3.170370833169833,无,3694
False,both,False,False,3.7815789790604666,5.752419516944604,第4天、第5天,3695
False,queue,False,True,2.707962129309311,6.804773834536548,第5天,3696
False,both,False,False,16.448638631246062,3.035524758867326,第3天、第5天,3697
True,none,True,True,0.0,2.9527267219328777,无,3698
False,both,False,False,5.209932416151873,4.750883140598785,第2天、第5天,3699
False,queue,False,True,1.6349115000538563,9.652289350366912,第2天、第5天,3700
False,both,False,False,11.762465136553065,0.6686050080470373,第5天,3701
False,queue,False,True,0.0,2.331345801312059,第5天,3702
False,both,False,False,8.70055005744311,5.285464024472974,第5天,3703
True,none,True,True,4.3996362530415976,2.962604693774531,无,3704
False,both,False,False,8.020793450074079,5.579197189960325,第5天,3705
False,queue,False,True,9.605220994500764,2.094373485585525,第5天,3706
False,queue,False,True,4.429677075652702,1.3444595115209366,第5天,3707
False,both,False,False,5.098080026611611,4.960631698112797,第2天、第5天,3708
False,queue,False,True,7.894898693553648,1.3696615335213764,第4天、第5天,3709
False,queue,False,True,11.164317038971019,1.0905704429678464,第3天、第5天,3710
False,both,False,False,5.662377963261885,5.4214915828643,第2天、第5天,3711
False,both,False,False,14.826190905489806,1.5316153047382204,第2天、第5天,3712
False,queue,False,True,8.136528243001267,4.860311202136046,第5天,3713
False,queue,False,True,8.36975669439547,0.5735336471099295,第3天、第4天、第5天,3714
False,queue,False,True,4.67833205891227,4.111488619674547,第5天,3715
False,both,False,False,13.518454458267954,1.6219627745598975,第2天、第5天,3716
False,both,False,False,12.776036567717238,3.773797151052844,第2天、第4天,3717
False,queue,False,True,0.0,6.186360502932455,第5天,3718
False,queue,False,True,5.311742409919585,1.5209043737136867,第5天,3719
False,both,False,False,11.485795232455613,3.6502854091852055,第3天、第5天,3720
False,queue,False,True,2.360413331853999,2.8045564296392547,第5天,3721
False,queue,False,True,7.12822359406065,0.5227563879188852,第5天,3722
False,both,False,False,7.25673962329672,8.890275451603616,第2天、第4天、第5天,3723
False,both,False,False,5.976367957686883,5.544115352428453,第1天、第5天,3724
False,both,False,False,9.6437768857229,6.440840020197696,第3天、第5天,3725
False,both,False,False,8.209247043605433,0.8299366948614726,第2天、第5天,3726
False,queue,False,True,10.042405726866857,3.1411931710412335,第3天、第5天,3727
True,none,True,True,6.282863969956885,4.272738521622714,无,3728
False,both,False,False,6.204099989197426,3.0784339727967924,第3天、第5天,3729
False,both,False,False,9.764663017984313,2.695676582797746,第2天,3730
False,queue,False,True,5.806800001455805,6.031497227751632,第3天、第5天,3731
False,both,False,False,4.790276054505878,5.389312653545206,第2天、第3天、第5天,3732
False,queue,False,True,5.595081054446409,0.13414878978760436,第5天,3733
False,both,False,False,14.474624962123379,3.442091035340958,第3天、第5天,3734
False,queue,False,True,2.331582276189566,2.6533689469311827,第5天,3735
True,none,True,True,6.7511172365356495,0.8330834545757217,无,3736
False,queue,False,True,3.7416845820242015,3.8877514498330825,第5天,3737
False,queue,False,True,4.8849668717402785,3.7476689639704444,第5天,3738
False,queue,False,True,8.038862375004346,2.807502405766474,第5天,3739
False,both,False,False,14.607118063950711,0.5328694833626836,第3天、第4天,3740
False,traffic,True,False,13.731308095208798,1.1649995620234082,第3天,3741
False,both,False,False,7.785577540817947,6.877804901505108,第1天、第5天,3742
True,none,True,True,4.761743631676525,3.609048021259107,无,3743
False,queue,False,True,8.662158265881297,4.29542165063083,第2天、第5天,3744
False,both,False,False,8.00213532708633,3.9806607168343042,第2天、第5天,3745
False,both,False,False,8.663897378745956,2.7783022572254295,第2天、第4天、第5天,3746
False,both,False,False,8.813752744955725,4.4215009391045985,第4天、第5天,3747
False,both,False,False,13.51208318347341,3.951411734501166,第4天、第5天,3748
False,queue,False,True,6.275980244756483,0.7060020687546749,第5天,3749
False,both,False,False,5.084109826819123,5.0999727783662125,第1天、第5天,3750
False,both,False,False,6.450012669287316,0.9790111002854602,第5天,3751
False,queue,False,True,1.8035589945262198,3.8779126770050363,第5天,3752
False,both,False,False,12.090653824328477,3.7515067727512506,第1天、第5天,3753
False,both,False,False,8.732513368932382,2.5187280223904946,第2天、第5天,3754
True,none,True,True,4.40867650032081,1.318235387962742,无,3755
False,both,False,False,9.16436313922601,7.2524378700598415,第1天、第5天,3756
False,both,False,False,13.827256290055821,4.768054843064151,第3天、第5天,3757
False,queue,False,True,0.5312566572521207,3.3839129845480462,第5天,3758
False,traffic,True,False,6.99131384793921,1.8218206144072528,第3天,3759
False,both,False,False,4.101206063789022,9.741935206598342,第3天、第5天,3760
False,queue,False,True,0.20375414133856895,6.77451084454853,第5天,3761
False,queue,False,True,8.42668326404006,2.969988052021196,第5天,3762
False,queue,False,True,5.743945848654398,1.673434564992462,第4天、第5天,3763
False,both,False,False,12.802243164050667,11.096736549277502,第1天、第2天、第4天、第5天,3764
False,both,False,False,12.432146184323152,0.0,第5天,3765
False,traffic,True,False,4.935505150260802,1.3984144411909771,第4天,3766
False,both,False,False,11.17076236189809,5.00544104486358,第2天、第5天,3767
False,queue,False,True,7.496977482404252,3.2911276279128767,第3天、第5天,3768
False,queue,False,True,6.7139210400608755,5.227337755448767,第5天,3769
False,queue,False,True,6.158969807888555,5.1298801497040385,第5天,3770
False,both,False,False,11.401296716082953,2.7633105466394468,第2天、第3天、第5天,3771
False,queue,False,True,4.41183064287959,7.108181192613193,第5天,3772
False,queue,False,True,5.768491776084256,5.33191758660873,第5天,3773
False,queue,False,True,7.986737365359747,2.335989625617944,第3天、第4天、第5天,3774
False,both,False,False,8.434955425197497,3.8332868613767657,第5天,3775
False,both,False,False,9.097975393480167,0.057900827817952916,第2天、第5天,3776
True,none,True,True,5.851069034101458,3.7233790776167064,无,3777
False,queue,False,True,7.294108864711406,2.3848968702945976,第5天,3778
False,queue,False,True,5.392590940428749,3.9783167580024443,第5天,3779
False,queue,False,True,3.793817676934786,0.7112806495232398,第5天,3780
False,both,False,False,10.215666764829539,5.822712229515395,第5天,3781
False,both,False,False,14.23986144303256,4.048351058153942,第2天、第5天,3782
False,queue,False,True,3.759607727681538,4.072109997225571,第5天,3783
False,queue,False,True,6.803506948115075,1.503813010900859,第2天,3784
False,both,False,False,7.021128454066081,4.004557292777552,第3天、第5天,3785
False,queue,False,True,3.3187040208717318,4.791980755858102,第5天,3786
False,both,False,False,6.6289029743618055,2.5820085188149493,第3天,3787
False,both,False,False,8.088365144047593,4.85770295102822,第5天,3788
False,both,False,False,10.55426934824557,4.457058680339499,第4天、第5天,3789
False,both,False,False,4.627816327268441,1.948971961081063,第2天、第5天,3790
False,both,False,False,5.368156679766225,6.471291169446282,第1天、第5天,3791
False,queue,False,True,3.1964786565430856,3.563936843436635,第5天,3792
False,queue,False,True,11.021576633368307,1.1115327795414118,第4天、第5天,3793
False,queue,False,True,6.25509001216764,0.1120462506732427,第3天、第5天,3794
True,none,True,True,6.35768658847452,0.9188568749416046,无,3795
False,queue,False,True,11.479331601022459,3.175715312556026,第2天、第5天,3796
False,both,False,False,7.403145898215152,4.030806799688895,第2天、第5天,3797
False,both,False,False,15.393084087128326,2.1225498144343486,第2天、第4天,3798
False,both,False,False,4.345412174551602,4.033922866425688,第5天,3799
False,both,False,False,8.079706880223098,2.8139743163826436,第5天,3800
False,both,False,False,7.526652314340957,3.1360847189978336,第5天,3801
False,both,False,False,3.946988335100751,5.48758575009089,第1天、第5天,3802
False,both,False,False,14.944334488111902,3.8535064724771004,第4天、第5天,3803
False,traffic,True,False,13.336295005503514,0.0,第4天,3804
False,queue,False,True,5.254762450567422,5.296368734284233,第3天、第5天,3805
False,queue,False,True,1.3671119688908053,4.1353916551387915,第5天,3806
False,queue,False,True,3.9850243644249943,5.6510577251780525,第5天,3807
True,none,True,True,0.0,3.239657569586719,无,3808
False,both,False,False,12.538413264614093,1.9910889063060346,第3天、第5天,3809
False,both,False,False,9.251619686918351,2.038716135440572,第3天、第5天,3810
False,queue,False,True,1.719467600031113,3.185386404926881,第5天,3811
False,queue,False,True,5.085163353865545,3.9317781766127924,第5天,3812
False,queue,False,True,6.289535802527443,6.0733572629115375,第5天,3813
False,both,False,False,13.4549383368227,2.790066837625413,第3天、第4天、第5天,3814
True,none,True,True,6.478547033359094,2.6013250485070905,无,3815
False,queue,False,True,4.791021088138397,2.7786876342602445,第5天,3816
False,both,False,False,17.214982541459243,4.4566544338729255,第2天、第3天、第4天、第5天,3817
False,queue,False,True,2.908057220880722,3.005059276137497,第5天,3818
True,none,True,True,0.0,1.3732613028405085,无,3819
False,queue,False,True,6.414211159194519,5.230034403964302,第4天、第5天,3820
False,queue,False,True,8.99578677624392,4.791323751208828,第5天,3821
False,queue,False,True,5.837279846551908,8.579140752577015,第2天、第5天,3822
False,queue,False,True,11.371371021715985,3.9218230057372514,第2天、第4天、第5天,3823
False,both,False,False,7.9073738167526635,3.408770905590098,第5天,3824
True,none,True,True,6.541996765669401,8.678902234722342,无,3825
False,both,False,False,12.087313511073964,3.2954272065826133,第5天,3826
False,both,False,False,11.883789013966238,6.135961297982298,第2天、第5天,3827
False,queue,False,True,4.54983738912955,3.175349346203682,第5天,3828
False,both,False,False,7.245554508263449,1.5543179436247843,第5天,3829
False,queue,False,True,3.839054960672121,5.711251413038055,第5天,3830
False,both,False,False,13.40269577342768,4.050771274412184,第2天、第3天,3831
False,queue,False,True,3.5648205505549146,3.2128128278128543,第5天,3832
False,both,False,False,13.044483822747603,0.864610669163221,第3天、第5天,3833
False,queue,False,True,0.0,2.62982004107213,第5天,3834
False,queue,False,True,3.488042185894147,7.331276390057989,第5天,3835
False,both,False,False,1.7081180486684542,5.1300914249242355,第2天、第5天,3836
False,both,False,False,9.817904897965995,3.413882483841474,第1天、第5天,3837
False,both,False,False,10.962582627755738,0.0,第4天,3838
False,both,False,False,14.732784096214983,2.853341774337461,第4天、第5天,3839
False,both,False,False,7.197384921079606,9.574715034191252,第4天、第5天,3840
False,queue,False,True,4.175972035167715,7.392636558059805,第5天,3841
False,queue,False,True,6.988006394707268,3.2663183995689105,第5天,3842
False,queue,False,True,10.766281045704623,4.717091694203042,第4天、第5天,3843
False,both,False,False,17.31472108176066,0.4790865529354401,第4天,3844
False,traffic,True,False,8.866828185099275,5.216822358490999,第4天,3845
False,queue,False,True,13.172447326882057,1.9719450241947405,第3天、第4天、第5天,3846
False,traffic,True,False,6.251624930964658,3.4957555439251884,第4天,3847
False,queue,False,True,0.6519503550431835,3.142911389192652,第5天,3848
False,both,False,False,10.495747743583557,4.20194689092966,第3天、第5天,3849
False,traffic,True,False,13.134227130525087,0.5248607296786122,第4天,3850
False,both,False,False,3.7636166286687396,3.9850743772080346,第5天,3851
False,both,False,False,13.517640477921276,7.323419607158531,第3天、第5天,3852
False,traffic,True,False,5.767732556933222,0.0,第5天,3853
False,both,False,False,9.081136996540042,0.5374550876000302,第1天、第4天,3854
False,queue,False,True,3.880367771702038,6.084064392290751,第5天,3855
False,both,False,False,14.488037490096712,3.906084393776895,第1天、第2天、第3天、第5天,3856
False,both,False,False,14.625494181884207,5.5974039889339995,第1天、第3天、第5天,3857
False,traffic,True,False,7.86351286010481,4.842565314176291,第3天、第5天,3858
False,queue,False,True,4.551228412040514,7.755141101170233,第5天,3859
False,queue,False,True,4.721463869314366,3.7073228344230937,第5天,3860
False,queue,False,True,11.736764520154129,3.91671429877417,第4天、第5天,3861
False,queue,False,True,3.481699649059075,2.2931766415995387,第5天,3862
True,none,True,True,2.072480443934756,6.916268582384526,无,3863
False,queue,False,True,7.716011188848458,0.0,第5天,3864
True,none,True,True,6.685059342370994,2.780078873488468,无,3865
False,both,False,False,3.769496305772857,4.9111938255740295,第2天、第5天,3866
False,queue,False,True,5.558208884543211,4.450625362395277,第5天,3867
False,both,False,False,8.296998511581222,2.9230631145566233,第5天,3868
False,both,False,False,11.280766630922995,5.769093449296422,第3天、第4天、第5天,3869
False,queue,False,True,10.430486794659886,4.838422174935278,第2天、第4天,3870
False,queue,False,True,6.040544209513571,3.1504033275767958,第5天,3871
False,queue,False,True,7.9750842714427,1.9448471904546603,第5天,3872
False,both,False,False,8.914013681873545,2.903461521856771,第4天、第5天,3873
False,both,False,False,14.287756027287147,0.0,第2天、第5天,3874
False,both,False,False,6.403433570567261,1.4879353474070913,第5天,3875
False,queue,False,True,8.310526461821132,1.773045416108876,第5天,3876
False,queue,False,True,6.21866546794359,1.7231282549357068,第5天,3877
False,both,False,False,13.821362244769372,4.907695298792881,第1天、第3天,3878
True,none,True,True,5.609616739775622,2.3604876884046817,无,3879
False,both,False,False,12.080848798374051,2.896156404096357,第5天,3880
False,both,False,False,6.316972392535877,0.6535379947216082,第5天,3881
False,both,False,False,12.767904844938144,1.802926365719722,第1天、第5天,3882
False,queue,False,True,4.033025886531323,3.819737298527862,第5天,3883
False,queue,False,True,6.862489417320623,3.973295932189328,第5天,3884
True,none,True,True,3.7957975337049286,3.806898798896375,无,3885
False,queue,False,True,3.800356217084415,7.517611838664708,第5天,3886
False,traffic,True,False,5.765863451986654,1.8469808056141155,第2天,3887
False,traffic,True,False,4.363856264000451,2.4796952951898357,第4天,3888
False,both,False,False,6.226014256998367,7.376914910837643,第5天,3889
False,both,False,False,7.268287368929226,1.8212822356744245,第4天,3890
False,queue,False,True,4.634021024264552,3.2085348421276882,第5天,3891
False,both,False,False,10.657082851902569,6.386692174474035,第2天、第3天、第5天,3892
False,queue,False,True,10.146923464313623,2.2184122375868656,第5天,3893
False,queue,False,True,7.665522653245606,0.7519355782148257,第5天,3894
False,both,False,False,6.165341829208826,3.1084235072636073,第5天,3895
False,queue,False,True,3.6401825001319064,1.2019852784576688,第5天,3896
False,queue,False,True,9.673733728295385,4.053862358019302,第5天,3897
False,queue,False,True,4.346707872200858,7.1781592681729816,第5天,3898
False,queue,False,True,5.382961917880803,4.959374872131804,第4天、第5天,3899
False,queue,False,True,7.672747247893112,4.00094519321793,第4天、第5天,3900
True,none,True,True,2.684072105731606,1.7070313275239886,无,3901
False,both,False,False,17.307002414310915,2.112556095451788,第2天、第3天、第4天、第5天,3902
False,both,False,False,8.62489075668725,3.8951142747282734,第3天、第5天,3903
False,both,False,False,9.516257452821957,1.5936748487867045,第1天、第2天、第5天,3904
False,queue,False,True,10.338202834142955,3.3971519439237547,第3天,3905
False,queue,False,True,4.686944227011695,0.0,第5天,3906
False,traffic,True,False,5.553210470366709,7.472901177389401,第1天、第4天,3907
False,traffic,True,False,7.763644782642267,5.354045354920194,第3天,3908
False,both,False,False,14.362068993373828,0.0,第4天、第5天,3909
False,queue,False,True,7.073292466027022,5.970575918774063,第5天,3910
False,both,False,False,12.392005368256825,1.7290956648629452,第5天,3911
False,queue,False,True,7.4931106613209115,5.538272899522097,第4天、第5天,3912
False,queue,False,True,5.202657771878237,4.075817871573148,第5天,3913
False,queue,False,True,10.056267619924746,0.5561331896917255,第4天,3914
False,queue,False,True,2.750479133394978,3.290160101689584,第5天,3915
False,queue,False,True,3.781180774696574,2.5302122030359886,第5天,3916
False,both,False,False,7.483989703781555,1.63392026990702,第3天、第5天,3917
False,both,False,False,7.147930581815132,5.032649314009304,第2天、第5天,3918
False,both,False,False,5.7418622138118165,4.88441120982095,第2天、第5天,3919
False,both,False,False,16.92417181140184,3.2422262793519643,第3天、第4天、第5天,3920
False,both,False,False,6.397551138927364,6.457675413765477,第5天,3921
True,none,True,True,1.9922256916029624,5.013837407725023,无,3922
False,queue,False,True,7.813850629578958,1.4709336285880998,第5天,3923
False,queue,False,True,4.265002847948287,3.9614119371780383,第5天,3924
False,queue,False,True,7.850470749692909,1.9440968983478937,第5天,3925
False,traffic,True,False,9.344684582595042,0.0,第5天,3926
False,both,False,False,14.864018227697207,4.35775618920479,第2天、第4天、第5天,3927
False,queue,False,True,5.1892886515861605,5.652158143023289,第5天,3928
False,both,False,False,15.353497835597839,2.1150919369265333,第4天、第5天,3929
False,both,False,False,9.374891994663054,1.6231752957189416,第2天,3930
False,queue,False,True,9.012379799822238,3.5586182657556837,第5天,3931
False,queue,False,True,6.8238080739635425,4.328321731301236,第3天,3932
False,queue,False,True,4.5073294827799,5.816971489910351,第3天,3933
False,both,False,False,14.037605127102749,5.0009942101845875,第3天、第5天,3934
False,queue,False,True,3.2577383283676244,4.156770712690238,第5天,3935
False,queue,False,True,7.344060296805661,7.5009022580095746,第5天,3936
False,both,False,False,7.752177075242402,1.1998608398894222,第4天、第5天,3937
False,both,False,False,9.133239841704922,1.3034911043300907,第3天、第5天,3938
False,queue,False,True,7.076565655788695,4.07034014709847,第5天,3939
True,none,True,True,3.8084394755421678,0.9672555693392766,无,3940
False,both,False,False,14.70891631200455,5.689760593716144,第2天、第3天、第5天,3941
False,traffic,True,False,10.06801908326728,3.052319194076127,第4天,3942
False,queue,False,True,9.230348680999551,1.255788646106657,第5天,3943
False,queue,False,True,5.005142233278452,6.186788406859808,第5天,3944
False,queue,False,True,0.0,7.561425522944789,第5天,3945
True,none,True,True,5.8170076172577225,1.6759752017258371,无,3946
False,queue,False,True,3.110272428662415,1.7485999091164541,第5天,3947
False,both,False,False,6.0148782805809216,5.602865401141226,第5天,3948
False,queue,False,True,13.298319719076261,1.307510509557578,第5天,3949
False,both,False,False,8.871788626294475,2.662923556690145,第4天、第5天,3950
False,traffic,True,False,11.121629991906092,0.6710700307975704,第4天,3951
False,both,False,False,5.025921427836778,5.377612020751583,第2天、第5天,3952
False,queue,False,True,3.07334356457904,2.5011512006714374,第5天,3953
False,queue,False,True,2.8891203758193273,6.638824710825412,第5天,3954
False,queue,False,True,4.064671635549011,5.514776258987009,第2天,3955
False,both,False,False,12.012764632638536,1.4407001299164477,第5天,3956
False,both,False,False,19.29106708748333,5.876559657252816,第1天、第2天、第3天、第4天、第5天,3957
False,queue,False,True,4.322973936541785,5.678849815826801,第5天,3958
False,both,False,False,10.551413767864625,4.402528591527091,第1天、第2天、第5天,3959
False,both,False,False,10.554492658554965,6.906391940524913,第2天、第3天、第5天,3960
False,queue,False,True,1.927789274624194,3.0843885810292098,第5天,3961
False,both,False,False,8.268385154125902,3.606350192835609,第2天、第5天,3962
False,both,False,False,15.260937112994533,2.2877492487586215,第2天、第3天、第5天,3963
False,both,False,False,9.264265589192132,3.5619346054654843,第5天,3964
False,both,False,False,8.562901603792909,5.617968046491091,第4天、第5天,3965
False,both,False,False,9.71623903333768,6.902347641938803,第2天、第5天,3966
False,both,False,False,4.962050721821072,5.6391014961837325,第2天、第5天,3967
False,both,False,False,9.195107016492717,3.1029275662310876,第4天、第5天,3968
False,queue,False,True,6.4012860017181135,4.717656675508087,第5天,3969
False,both,False,False,9.13036595492574,4.200004416231274,第5天,3970
False,both,False,False,9.172678809390227,1.5609431248310288,第2天、第5天,3971
False,both,False,False,8.172617391742058,4.728932335843598,第2天、第5天,3972
False,both,False,False,4.194973768647765,4.8013506838812035,第4天、第5天,3973
False,both,False,False,10.388880203074347,0.7768342074951456,第2天、第5天,3974
False,both,False,False,4.528629282004539,7.491916953154661,第1天、第5天,3975
False,both,False,False,10.191147083677745,3.811822783853034,第4天、第5天,3976
False,queue,False,True,2.291468543390097,2.615855251239396,第5天,3977
False,both,False,False,4.973809525481208,2.3827194652846644,第2天、第5天,3978
False,both,False,False,7.247242050939613,6.847509910584747,第2天、第5天,3979
True,none,True,True,1.7926094923834432,5.410776253279689,无,3980
False,traffic,True,False,5.647906226896035,3.610075513470008,第2天,3981
False,queue,False,True,11.114202182559392,0.42709198231489975,第2天、第4天、第5天,3982
False,traffic,True,False,6.2018065172660855,0.0,第3天,3983
False,both,False,False,2.9822283853250466,8.15871813224332,第2天、第5天,3984
False,queue,False,True,2.3920498416832583,5.355979918268665,第5天,3985
False,traffic,True,False,6.502527067226963,0.7417118486570611,第3天,3986
False,both,False,False,15.547904416944371,3.4214056601000467,第1天、第2天、第5天,3987
False,both,False,False,14.08408992630174,4.531787764548446,第2天、第3天、第5天,3988
False,both,False,False,8.076342842034824,7.302358280043796,第5天,3989
False,queue,False,True,6.642011320601078,2.9209750189211365,第2天、第5天,3990
False,queue,False,True,10.87671602166998,2.1007341220248508,第5天,3991
False,both,False,False,6.5346840572464036,7.332633170489707,第1天、第5天,3992
False,both,False,False,12.588640937335878,2.970999864782052,第4天、第5天,3993
False,queue,False,True,6.195591166366841,0.28755474495288214,第5天,3994
True,none,True,True,5.9189256363603775,2.221701414868318,无,3995
False,queue,False,True,1.3057836147823858,4.996045622532227,第4天、第5天,3996
False,queue,False,True,7.087441742218235,1.835814620875425,第4天、第5天,3997
True,none,True,True,5.287245478460254,1.1565285817085709,无,3998
False,both,False,False,6.9601854606574936,4.547893247766103,第5天,3999
False,both,False,False,17.754404385613732,6.15751236688946,第1天、第4天、第5天,4000
False,both,False,False,7.873883582219163,7.664710429454848,第3天、第5天,4001
False,both,False,False,10.081808875190909,4.074085989539996,第5天,4002
False,both,False,False,3.43282164601776,2.3972906201028605,第5天,4003
False,both,False,False,11.939782194436567,4.433343535352073,第2天、第4天、第5天,4004
False,queue,False,True,2.4985971688477893,4.243643738699109,第5天,4005
False,both,False,False,12.54188300562524,2.662300407053478,第2天,4006
False,both,False,False,9.310641960525118,1.3424632191035504,第2天、第5天,4007
True,none,True,True,8.470518470953715,1.5326052263199288,无,4008
False,queue,False,True,4.426502498613325,5.720885410552686,第5天,4009
False,queue,False,True,2.070506552755917,4.680157584763965,第5天,4010
True,none,True,True,5.597728856238611,0.5539407325417696,无,4011
True,none,True,True,2.587728340226225,0.37033473173159526,无,4012
False,both,False,False,8.638533022366538,6.6963983864975525,第3天、第4天、第5天,4013
False,queue,False,True,10.421266861455024,0.0,第5天,4014
False,both,False,False,3.1621818473686716,3.9485381384865317,第3天、第5天,4015
False,both,False,False,7.135055924132055,0.3418917201400852,第5天,4016
True,none,True,True,10.408677175635518,0.7895067450114847,无,4017
True,none,True,True,6.3145266494240655,1.9976139705810407,无,4018
False,both,False,False,10.208513899243416,10.09039948717059,第3天、第4天、第5天,4019
False,queue,False,True,3.5831612441507383,2.5748202550327295,第4天,4020
False,both,False,False,13.063571171546002,0.0,第2天、第5天,4021
False,queue,False,True,2.5024165744416305,1.1578696982149508,第5天,4022
False,both,False,False,16.818946034688047,2.418919916841751,第3天、第5天,4023
False,both,False,False,14.03584021648564,0.49071633422593963,第3天、第5天,4024
False,both,False,False,9.805536737267595,1.3341175573252155,第2天、第5天,4025
False,both,False,False,4.436563909236847,5.744306923950001,第5天,4026
False,both,False,False,14.255290025914071,4.77899452523606,第1天、第2天、第5天,4027
False,queue,False,True,11.422205132137998,3.3603514514168604,第5天,4028
False,queue,False,True,4.887193094296958,2.8567917095414397,第2天,4029
False,queue,False,True,3.159328031657876,4.533752033448334,第4天、第5天,4030
False,queue,False,True,7.471508306899844,1.1505672605240373,第5天,4031
True,none,True,True,4.14710877708084,1.515841553936775,无,4032
False,queue,False,True,4.315690371146438,4.056104003946988,第5天,4033
False,both,False,False,8.770328158077907,4.681863164830698,第1天、第5天,4034
False,both,False,False,11.430311783942232,2.7253144790516526,第3天、第4天、第5天,4035
False,both,False,False,5.206474010639943,5.47572695345673,第5天,4036
False,both,False,False,8.015693695906828,4.123557476350693,第1天,4037
False,both,False,False,10.071167839364708,6.188297322868046,第4天、第5天,4038
False,both,False,False,13.618066457866544,2.7030971102939088,第2天、第5天,4039
False,both,False,False,5.008887080438573,4.764203951391448,第5天,4040
False,both,False,False,12.447271741224345,6.76731905825839,第2天、第4天、第5天,4041
False,queue,False,True,5.96328632305358,0.5831267099790565,第5天,4042
False,queue,False,True,10.761919491927236,0.0,第2天,4043
False,both,False,False,10.810154612882554,4.438512471678827,第2天、第5天,4044
False,queue,False,True,3.8762812149127406,1.7387750086235787,第5天,4045
False,queue,False,True,2.6937532339919428,5.522880491625209,第5天,4046
True,none,True,True,4.452808947524231,2.747536325668934,无,4047
False,queue,False,True,1.3739331402334796,3.5636446488750364,第5天,4048
False,both,False,False,8.470965444111664,5.872452293068523,第1天、第3天、第5天,4049
False,traffic,True,False,10.755649977696251,3.0662337760643634,第3天,4050
False,both,False,False,2.4261003160495758,6.494485599519946,第5天,4051
False,both,False,False,11.243063460680837,3.493795718422924,第1天、第5天,4052
False,queue,False,True,4.365712004844493,3.621381325962746,第5天,4053
False,both,False,False,13.809505898959122,3.5459152785821977,第3天、第4天、第5天,4054
False,queue,False,True,1.1726064584004958,3.9196882530605786,第5天,4055
True,none,True,True,2.8761774552608683,5.7326391192428625,无,4056
False,queue,False,True,8.063499385836742,1.6394666542322311,第5天,4057
False,queue,False,True,7.708033564333589,1.3985611429135263,第5天,4058
False,both,False,False,8.367945250817334,8.61724774137163,第2天、第5天,4059
True,none,True,True,4.258587669173217,2.0401802309396846,无,4060
False,both,False,False,4.599799494786787,4.514829098399536,第1天、第5天,4061
False,both,False,False,4.312173412496659,6.115021087006016,第1天、第5天,4062
False,traffic,True,False,8.544475060637478,3.2748824509102112,第5天,4063
True,none,True,True,2.352784885258425,3.2012323485190755,无,4064
False,both,False,False,12.31354307403709,3.908721295585332,第3天、第4天、第5天,4065
False,queue,False,True,2.759923555681171,2.1590836487373632,第5天,4066
False,queue,False,True,10.949300644602928,1.9504192660190653,第4天,4067
False,both,False,False,3.6354976444237845,5.029926295490255,第5天,4068
False,both,False,False,9.525448142790397,3.6991750564290093,第5天,4069
False,queue,False,True,10.865817367555834,4.567041521751641,第2天、第3天、第5天,4070
False,both,False,False,8.149312470925508,7.232554853284038,第3天、第5天,4071
False,queue,False,True,11.968335953709229,4.972575912444937,第3天、第4天,4072
False,both,False,False,10.394611494059912,2.30613722407488,第2天、第4天、第5天,4073
False,queue,False,True,8.290986285133116,0.7328569836103431,第5天,4074
False,queue,False,True,10.079869238666241,4.153668944886161,第3天、第4天、第5天,4075
False,queue,False,True,10.0263804727172,3.040846428081596,第5天,4076
False,both,False,False,7.0217019445367015,4.165202609460133,第1天、第5天,4077
False,queue,False,True,5.951074120701639,1.8843252792627045,第5天,4078
False,both,False,False,6.772799012956334,3.647503579921084,第2天、第4天,4079
False,both,False,False,10.585529785566848,0.0,第3天、第5天,4080
True,none,True,True,7.182327253379178,0.6788670863556784,无,4081
False,both,False,False,9.346268115474139,5.433297434355623,第2天、第3天、第5天,4082
True,none,True,True,3.2960811072321823,1.2444877844322015,无,4083
False,both,False,False,6.104977286988285,5.3617746425831045,第2天,4084
False,queue,False,True,4.105569225104733,3.565818726285854,第5天,4085
True,none,True,True,4.214892868993389,2.187304109566669,无,4086
True,none,True,True,3.0079909393221977,4.137145935766433,无,4087
False,both,False,False,9.046695206037665,4.282692418906507,第5天,4088
False,queue,False,True,1.3035862629662975,2.469492007423284,第5天,4089
False,queue,False,True,6.08746914331145,1.7414817580108573,第5天,4090
False,queue,False,True,5.458642170364645,4.345291669942268,第5天,4091
False,both,False,False,8.023758384757429,5.6149698746044585,第5天,4092
False,queue,False,True,9.065672775895242,6.413974199865436,第3天、第4天、第5天,4093
False,both,False,False,8.072244908161858,8.974291940883507,第5天,4094
False,queue,False,True,3.0845647704933388,3.5846966411963397,第5天,4095
False,both,False,False,6.005808166439713,3.767002627108083,第2天、第5天,4096
False,queue,False,True,9.835500825474107,1.6852440663526171,第5天,4097
False,queue,False,True,6.248653972545742,3.312656785191936,第5天,4098
False,both,False,False,7.526098696520629,3.213240607361102,第5天,4099
False,both,False,False,10.166100263900455,2.358288146583878,第5天,4100
False,queue,False,True,1.931637456918565,4.619257387965052,第5天,4101
False,both,False,False,3.5754019135721524,1.4442781537052864,第5天,4102
False,both,False,False,12.481194929723422,5.825974595934531,第3天、第5天,4103
False,queue,False,True,5.736395098584031,4.0652318331738355,第5天,4104
True,none,True,True,2.0296847763799466,3.493963279147203,无,4105
False,queue,False,True,5.110210801614008,5.35513395532457,第3天、第5天,4106
False,both,False,False,10.331421534757276,2.774836913682156,第4天、第5天,4107
False,queue,False,True,10.005805066046834,3.446542059549472,第2天、第3天,4108
True,none,True,True,5.19531513832031,2.4341727261141064,无,4109
False,both,False,False,5.7691759159003215,2.5010216027103414,第5天,4110
False,both,False,False,12.03774635792192,5.402516833433472,第2天、第5天,4111
True,none,True,True,3.8228989269709963,0.0,无,4112
True,none,True,True,5.175209914050943,2.7036991942000617,无,4113
False,queue,False,True,5.7766639057366245,4.460586056404399,第4天、第5天,4114
True,none,True,True,6.788020142067455,2.633511378984666,无,4115
False,queue,False,True,6.345876535811082,0.2536931207298436,第5天,4116
False,both,False,False,13.908310068705527,0.0,第2天、第3天、第4天,4117
False,queue,False,True,5.6743029413188255,7.00158472868098,第2天、第5天,4118
False,traffic,True,False,7.096635715520025,1.3638621820237242,第4天,4119
True,none,True,True,6.830155810715196,0.0,无,4120
False,both,False,False,15.245444199416047,3.3824689685487512,第1天、第2天、第5天,4121
False,both,False,False,8.222181270487525,4.475008287690354,第2天、第5天,4122
False,queue,False,True,2.851766137993459,2.655758421205262,第5天,4123
False,queue,False,True,2.33121273521436,5.9740563953906785,第5天,4124
False,both,False,False,13.09897234950725,2.9698951119333223,第2天、第5天,4125
True,none,True,True,4.675653896422174,0.0,无,4126
True,none,True,True,3.890669613821051,0.19802017842593767,无,4127
False,both,False,False,9.150948672133588,3.3565993224467303,第5天,4128
False,both,False,False,18.5504346291396,1.4179987000950953,第1天、第3天、第4天、第5天,4129
False,both,False,False,11.634424460058215,4.596835946453053,第3天、第4天、第5天,4130
False,both,False,False,5.374526847830811,3.957168898246582,第2天,4131
True,none,True,True,7.025975106175078,0.0,无,4132
False,queue,False,True,2.621099327096333,7.275045789440297,第5天,4133
False,queue,False,True,7.094803825812722,3.7118601293992355,第2天、第5天,4134
False,queue,False,True,6.228617059140029,4.401293589014036,第5天,4135
False,both,False,False,14.356422904825745,0.6920420593689776,第2天、第4天、第5天,4136
False,both,False,False,6.949077882942546,9.159104470809787,第1天、第5天,4137
False,queue,False,True,0.0,7.561941026916294,第5天,4138
False,both,False,False,6.533744831851166,3.59706187339635,第2天,4139
False,queue,False,True,0.0,2.7940304136712983,第5天,4140
True,none,True,True,0.0,0.09110338467078394,无,4141
False,queue,False,True,1.2040933063548849,4.8943258535434335,第5天,4142
False,queue,False,True,4.537748513803765,3.4934516743918644,第5天,4143
False,both,False,False,12.056421516985084,5.146717144905577,第2天、第5天,4144
False,queue,False,True,1.1895434250701322,6.547184345899316,第5天,4145
False,queue,False,True,12.856586343451184,4.437367052246131,第4天、第5天,4146
False,queue,False,True,9.219411963738683,4.37930777686527,第3天、第4天、第5天,4147
True,none,True,True,6.31769717913277,2.8567292236364157,无,4148
False,both,False,False,5.580247362839348,5.931254199955081,第4天,4149
False,queue,False,True,7.045104010134297,2.54783905711275,第5天,4150
False,queue,False,True,5.802290515824147,6.140666233961301,第4天、第5天,4151
False,queue,False,True,6.765069681152473,5.333182143493459,第5天,4152
False,traffic,True,False,11.704252016696275,2.6863296653912014,第5天,4153
False,queue,False,True,3.56378258768943,1.217953100808213,第5天,4154
False,queue,False,True,7.300414636783125,6.499946937499893,第2天、第5天,4155
False,both,False,False,5.92079485465096,6.9776168216672225,第1天、第5天,4156
False,queue,False,True,12.020339126343405,2.1714989816320687,第5天,4157
False,both,False,False,7.071135521229537,2.713286529129724,第2天、第5天,4158
False,both,False,False,13.864812153737716,1.659253657152641,第4天、第5天,4159
False,queue,False,True,8.086053486980463,1.7833815529387378,第5天,4160
False,both,False,False,12.076503336815566,2.4115054788687025,第1天、第4天、第5天,4161
False,both,False,False,16.500515394062276,3.183001285147828,第2天、第3天、第5天,4162
False,both,False,False,11.21849749164072,4.162838476896845,第5天,4163
False,queue,False,True,6.745431453104758,5.74140068689838,第2天、第5天,4164
False,queue,False,True,1.3869882768665451,5.8716796243537,第5天,4165
False,both,False,False,11.192160207049302,4.811992380478237,第3天、第5天,4166
True,none,True,True,5.477661703928958,0.6178303054790042,无,4167
False,queue,False,True,6.624804823656428,2.0837284965747074,第5天,4168
False,both,False,False,12.906162375482095,4.429051935592131,第3天、第5天,4169
False,queue,False,True,4.994706967743791,5.04330523257086,第3天,4170
False,queue,False,True,8.746354582204114,2.641999150804633,第4天、第5天,4171
False,queue,False,True,6.416404110696796,2.3766794592943583,第5天,4172
False,queue,False,True,8.859981502228829,4.635766620509116,第5天,4173
False,queue,False,True,3.6585119229736636,5.2599291084834805,第4天、第5天,4174
False,queue,False,True,8.66305432650442,3.6636515439148596,第3天、第5天,4175
False,queue,False,True,5.519367116816982,4.665620096023041,第5天,4176
False,both,False,False,2.2700585435233465,6.305269373971095,第5天,4177
False,both,False,False,11.53728009853284,2.125421717498025,第2天、第4天,4178
False,both,False,False,8.388106869898971,5.542473675210506,第3天、第4天、第5天,4179
False,queue,False,True,4.825368296402353,3.7646691475767744,第5天,4180
True,none,True,True,2.424021420179934,5.295962447667501,无,4181
False,both,False,False,9.893520377955564,2.136158646796524,第5天,4182
False,both,False,False,12.720213686511105,2.0297971974329627,第4天,4183
False,both,False,False,12.329786073463918,0.8395821271316244,第3天、第5天,4184
False,queue,False,True,11.035913625489716,4.0101594583140745,第5天,4185
False,both,False,False,15.698985415248519,4.346901744141147,第1天、第4天、第5天,4186
False,traffic,True,False,10.826979573594333,3.9935580088644898,第1天,4187
False,queue,False,True,7.237740002510769,4.452858389369042,第4天,4188
False,queue,False,True,1.7065286289756352,5.798165624634738,第5天,4189
False,both,False,False,12.862811543976935,3.1078884796903345,第4天、第5天,4190
False,queue,False,True,9.052261731065956,2.2818932385177755,第5天,4191
False,queue,False,True,3.3329722415981284,6.515767853659081,第5天,4192
False,both,False,False,8.521077893468162,5.262824131704392,第5天,4193
False,both,False,False,8.382898891772129,3.290850456385298,第5天,4194
False,queue,False,True,4.145309339499342,4.71077563343346,第5天,4195
True,none,True,True,5.316821141121884,1.5049094644687888,无,4196
False,queue,False,True,9.858132729865522,2.7943389959130247,第5天,4197
False,queue,False,True,11.19242749754098,2.6114600264457035,第3天、第5天,4198
False,both,False,False,4.30798132794323,7.3430337601461115,第2天、第5天,4199
True,none,True,True,5.81884909115246,6.2033922939453685,无,4200
False,both,False,False,2.1034576817564354,6.329247208132022,第5天,4201
False,both,False,False,10.600491598419643,1.9333359384080482,第4天、第5天,4202
False,both,False,False,7.930639070481536,5.581865233039464,第2天、第3天、第5天,4203
True,none,True,True,4.568106852619879,3.34186991633877,无,4204
False,both,False,False,7.351804131139694,4.191014936967569,第5天,4205
False,queue,False,True,3.594619714016718,2.025559204831805,第2天,4206
False,queue,False,True,2.7353080948437607,7.992440770591297,第5天,4207
False,both,False,False,11.611651436990396,4.239140149815119,第2天、第5天,4208
False,both,False,False,10.927228414592866,1.6172946147945846,第2天、第5天,4209
False,both,False,False,12.50498504004359,3.4170629193199087,第3天、第5天,4210
False,both,False,False,16.196296174185203,0.3550618340195538,第4天、第5天,4211
False,both,False,False,8.505630184458564,4.6201669945873505,第5天,4212
True,none,True,True,3.190862852612465,1.5210727876602546,无,4213
False,queue,False,True,7.263383271700676,3.774034950748538,第5天,4214
True,none,True,True,2.742383323940209,3.213415789978619,无,4215
True,none,True,True,1.6335074003327499,1.7719473245072195,无,4216
False,both,False,False,9.295909475108004,3.355142545246808,第1天、第5天,4217
False,both,False,False,10.705760117941661,0.6096875750705059,第2天、第5天,4218
False,queue,False,True,6.808550304006089,4.03331607306252,第5天,4219
False,both,False,False,5.597290890099504,6.183095299241213,第3天、第5天,4220
False,queue,False,True,3.4302585662005143,4.319468588179827,第5天,4221
False,both,False,False,12.598240827632269,3.7773434869503335,第2天、第5天,4222
False,both,False,False,9.247402707993691,5.205831603678288,第2天、第5天,4223
False,queue,False,True,9.14425672372914,0.0,第5天,4224
False,both,False,False,3.769407785063347,5.900494841315455,第5天,4225
False,both,False,False,9.652658759758058,3.9751804286942902,第2天、第5天,4226
False,both,False,False,11.302789214975718,1.1766803489031368,第5天,4227
False,both,False,False,5.929960818137121,3.8657253738106765,第5天,4228
False,both,False,False,11.432038205824586,3.7627033474414464,第4天、第5天,4229
False,both,False,False,6.046625440137923,3.9133179061726295,第2天、第4天、第5天,4230
False,both,False,False,8.347356779129683,2.532201768535384,第5天,4231
False,queue,False,True,6.5242851608112415,3.0379120164453446,第2天、第5天,4232
False,queue,False,True,6.964399407326107,3.32956639763932,第3天,4233
False,both,False,False,13.398715697027901,5.4037835317174565,第1天、第4天、第5天,4234
False,both,False,False,14.50133852800361,1.6981088131927207,第3天、第4天、第5天,4235
False,both,False,False,7.0120600134375515,3.5751606524117285,第3天、第5天,4236
False,queue,False,True,5.916977115297507,3.7519547762353174,第5天,4237
False,queue,False,True,7.579089598329874,5.27960887168016,第5天,4238
False,both,False,False,9.331561431810655,2.364253300758521,第5天,4239
False,queue,False,True,8.25355762495266,3.7509363619864358,第4天,4240
True,none,True,True,1.6461952017816692,1.877059536578618,无,4241
False,queue,False,True,7.855146267445761,5.067720535313439,第5天,4242
False,queue,False,True,1.792646089679891,6.24868514805101,第5天,4243
False,both,False,False,6.413618521154444,5.242420083684568,第1天、第5天,4244
False,queue,False,True,10.305427512570349,4.316572221883036,第3天、第4天、第5天,4245
False,queue,False,True,2.8017084152841627,4.9368759680519245,第5天,4246
False,both,False,False,10.742139958102735,6.425347420588111,第2天、第4天、第5天,4247
False,queue,False,True,8.232197421222114,3.090053936377765,第5天,4248
False,traffic,True,False,6.329816230629939,6.126662481313243,第3天,4249
False,both,False,False,11.228973773987686,1.2668822931587944,第3天、第5天,4250
True,none,True,True,0.0,2.5973672343349565,无,4251
False,traffic,True,False,9.169034313281383,1.3416741146991389,第3天,4252
False,both,False,False,17.313136303633172,4.003293671375911,第4天、第5天,4253
False,both,False,False,6.371853596437724,1.1863706799340599,第2天,4254
False,both,False,False,12.655800752029414,1.304689086074643,第2天、第5天,4255
False,both,False,False,3.8986622289420625,0.9330538321206356,第5天,4256
False,queue,False,True,10.326748379014417,1.8408695745574972,第4天、第5天,4257
False,both,False,False,6.0004436631577525,8.370507815577255,第5天,4258
False,both,False,False,7.1996003141437,1.9569132157181341,第5天,4259
False,queue,False,True,4.211875375176934,3.773527656872454,第5天,4260
False,both,False,False,14.291577425902073,3.776352632756444,第1天、第2天、第5天,4261
False,queue,False,True,7.97578044262725,1.2572464865805992,第5天,4262
False,queue,False,True,6.452519584083985,3.6515010407309347,第5天,4263
False,both,False,False,2.4700136892838036,5.24483349597592,第3天,4264
False,both,False,False,5.261325399757943,8.998219021550362,第1天、第5天,4265
False,queue,False,True,5.657626830745269,4.762154000465669,第5天,4266
False,queue,False,True,2.4404558516927746,5.670249383432646,第3天、第5天,4267
False,queue,False,True,4.1121670793823615,4.692699782750931,第4天、第5天,4268
False,queue,False,True,7.518766885386192,6.183950186393563,第3天、第5天,4269
False,both,False,False,8.092619826281334,1.21401340444022,第5天,4270
False,queue,False,True,8.852071482030107,1.874033849659792,第2天、第5天,4271
True,none,True,True,5.915080050431724,4.606600577795105,无,4272
False,queue,False,True,8.919234692122215,8.019429137450992,第3天、第5天,4273
False,queue,False,True,8.379920786032798,4.077139754352755,第2天,4274
False,both,False,False,6.530738975044988,0.5332587125003121,第2天,4275
False,queue,False,True,4.87139771323848,2.189099409899028,第5天,4276
True,none,True,True,3.2588459890625376,3.7915372036014077,无,4277
False,both,False,False,18.830363798332456,3.210383019129709,第1天、第2天、第3天、第5天,4278
False,queue,False,True,8.545370135517098,7.858289595008047,第5天,4279
False,queue,False,True,13.748536861973827,1.5341825061369945,第3天、第5天,4280
False,both,False,False,13.668779306090135,5.2915177574216,第1天、第2天、第5天,4281
False,both,False,False,9.353196451240704,2.40780096870744,第5天,4282
False,both,False,False,14.1632569277031,5.486363385504908,第3天、第4天、第5天,4283
False,both,False,False,9.083843013497058,3.406729085898571,第1天、第5天,4284
False,queue,False,True,7.523658219071039,6.122623654081403,第5天,4285
False,queue,False,True,10.480029269012125,5.277148376904098,第5天,4286
False,both,False,False,8.38049016237544,5.196905605629896,第2天、第5天,4287
False,both,False,False,6.266379741713162,7.8057585784569845,第4天、第5天,4288
True,none,True,True,1.7429811103285444,0.0,无,4289
False,queue,False,True,1.7918617776670476,0.0,第5天,4290
True,none,True,True,0.0,4.998993968287274,无,4291
False,queue,False,True,1.3606269391000985,8.397563675371195,第5天,4292
False,both,False,False,13.954284125692581,6.512628656564941,第1天、第4天、第5天,4293
False,both,False,False,3.418729371278736,5.922959330961163,第5天,4294
True,none,True,True,1.5595407930317093,6.463474850921356,无,4295
False,both,False,False,9.62708660529732,4.377666616788446,第1天、第4天、第5天,4296
True,none,True,True,3.4792846225320986,1.5729462282192652,无,4297
True,none,True,True,5.366389426290237,2.15968742071457,无,4298
False,both,False,False,15.332970546270493,2.1998866431660717,第2天、第5天,4299
False,queue,False,True,8.270584448462913,4.961799130568225,第5天,4300
True,none,True,True,8.156940903004894,2.42720521166426,无,4301
False,queue,False,True,6.689198331510358,4.115311899136756,第3天,4302
False,queue,False,True,7.736815492450328,2.9248400977342217,第5天,4303
False,both,False,False,10.66286371561298,6.1603866455411005,第1天、第5天,4304
False,queue,False,True,6.226401291169951,5.288244612847119,第5天,4305
False,both,False,False,9.559302366455364,8.38732821206765,第1天、第2天、第5天,4306
True,none,True,True,3.1909650891142523,3.144839633961646,无,4307
False,both,False,False,9.280940907643787,4.101811592585489,第2天、第5天,4308
False,queue,False,True,9.539601284388748,2.926461802964667,第5天,4309
False,queue,False,True,9.17079187032758,1.9593212247725391,第2天、第3天,4310
False,queue,False,True,9.380068156591783,3.097289641181762,第4天、第5天,4311
True,none,True,True,4.609685965211682,4.695001041794523,无,4312
False,queue,False,True,1.090462731669338,5.529678520689144,第5天,4313
False,both,False,False,3.9521848564400246,4.787282090165653,第2天、第5天,4314
False,queue,False,True,5.875673800600744,2.5958376774813665,第4天、第5天,4315
True,none,True,True,1.5574121296580015,1.7850220532121712,无,4316
False,both,False,False,10.115512512207271,3.811580281052118,第4天、第5天,4317
False,queue,False,True,3.995524633503763,4.17052217166585,第5天,4318
False,both,False,False,7.948911628801552,4.596817305862566,第2天、第5天,4319
False,queue,False,True,4.555528224734743,0.7668086733180902,第5天,4320
False,both,False,False,11.652685108380659,0.9626596138607261,第2天,4321
False,queue,False,True,1.6320251009687963,4.36228368275297,第5天,4322
True,none,True,True,1.6665957084663023,4.261494081849322,无,4323
False,both,False,False,12.861329362053223,7.0644467350094775,第1天、第3天、第5天,4324
False,queue,False,True,3.510811739940025,5.823616129503317,第5天,4325
False,queue,False,True,8.085247772234009,1.66245203360499,第5天,4326
False,queue,False,True,5.461733610811886,1.5537505225848796,第5天,4327
False,queue,False,True,2.670110226746345,7.432333452972129,第4天、第5天,4328
False,both,False,False,9.372045105068457,4.097356302338609,第3天、第5天,4329
False,queue,False,True,4.942914096056066,7.106967104202737,第5天,4330
False,both,False,False,7.904145971019919,5.118317476701691,第5天,4331
False,both,False,False,9.797599162121672,5.446607906308289,第2天、第5天,4332
False,both,False,False,10.208708419792904,2.626539933579477,第4天、第5天,4333
False,both,False,False,7.206354073872055,2.600184081151401,第5天,4334
False,queue,False,True,7.864019419831054,2.2681555467125407,第5天,4335
False,both,False,False,17.07181284436512,2.8539045570777093,第2天、第3天,4336
True,none,True,True,3.846221191388784,4.845089342636238,无,4337
False,queue,False,True,1.9261979986337918,5.457455712700741,第5天,4338
False,queue,False,True,4.956476462490507,3.574378239075502,第2天,4339
False,both,False,False,20.904591138878466,0.00941813161088323,第3天、第4天、第5天,4340
False,both,False,False,12.21453016839925,5.0446822238215425,第3天、第5天,4341
False,queue,False,True,4.784689851120817,6.195326519088514,第5天,4342
False,both,False,False,13.94243168444567,1.4611004532160532,第1天、第4天、第5天,4343
False,queue,False,True,5.336821991527916,4.9336992447494,第5天,4344
True,none,True,True,4.528096548706668,0.0,无,4345
False,queue,False,True,1.0472343934499841,6.025186987905041,第5天,4346
True,none,True,True,7.719524678818111,4.710815868490119,无,4347
False,both,False,False,16.74054157931762,3.916741781710944,第1天、第2天、第4天、第5天,4348
True,none,True,True,7.332499602431021,0.9538427237622,无,4349
False,queue,False,True,9.691135649253859,2.402004341678671,第5天,4350
True,none,True,True,8.870629529495295,3.412021156210732,无,4351
False,both,False,False,12.066654095598606,1.4710572484124431,第5天,4352
False,both,False,False,11.965157001582076,3.6672568862391524,第2天、第5天,4353
False,queue,False,True,7.305184297846548,2.1027568197560322,第2天、第4天、第5天,4354
False,both,False,False,8.516607776272807,4.677463401345436,第3天、第4天、第5天,4355
False,queue,False,True,0.9403388872191202,3.5187567923824634,第5天,4356
True,none,True,True,6.401599504127027,1.4409377085345692,无,4357
False,queue,False,True,6.128680458896844,1.5193542525380055,第5天,4358
False,both,False,False,2.9217818830878555,1.0053397174680487,第5天,4359
False,both,False,False,4.653583838526256,4.405864706091563,第2天、第5天,4360
False,queue,False,True,2.6878921793513237,2.4344039790639362,第5天,4361
False,both,False,False,9.01067598257934,0.9782313543538693,第5天,4362
False,queue,False,True,5.304685688802614,1.9958251586169995,第5天,4363
False,both,False,False,9.13973586601673,8.138894756157418,第2天、第4天,4364
False,both,False,False,11.122108893030484,3.3834686559034655,第2天、第5天,4365
False,traffic,True,False,9.377341514016884,5.3463931293151905,第3天,4366
False,both,False,False,5.810418307743664,0.029756250250208338,第5天,4367
False,queue,False,True,8.877387414318742,4.565200169665365,第2天、第5天,4368
False,queue,False,True,2.370550941851115,1.590198022331459,第5天,4369
False,queue,False,True,11.650219177916815,3.0417970559060956,第5天,4370
False,traffic,True,False,4.273049246238094,4.976730780054476,第3天,4371
False,both,False,False,9.629809741770178,2.9305670547889062,第1天,4372
False,queue,False,True,10.54036221002178,0.0,第5天,4373
False,both,False,False,6.977382406870017,7.112687848719418,第2天,4374
False,queue,False,True,5.874157441484717,4.2098108621730805,第5天,4375
False,queue,False,True,4.349322534991962,5.112564868344229,第5天,4376
True,none,True,True,2.4266261703547354,1.366954478942436,无,4377
False,queue,False,True,5.910571108084467,5.384041779299763,第3天,4378
False,queue,False,True,13.976468783547167,3.971734880821585,第4天,4379
False,both,False,False,9.298668967192793,2.071812744999604,第5天,4380
False,queue,False,True,4.19951942405901,5.398642423951035,第3天,4381
False,queue,False,True,4.316654697313325,6.762433575525313,第5天,4382
False,both,False,False,7.254966973801965,1.8695447441338906,第5天,4383
False,queue,False,True,0.6575410974256661,4.905265127805853,第5天,4384
False,queue,False,True,7.251981349384262,1.188144489931636,第3天、第4天、第5天,4385
False,both,False,False,8.07218142649978,3.702221670371153,第4天、第5天,4386
False,both,False,False,4.165229056395931,6.5278003711109855,第5天,4387
True,none,True,True,2.0015129742943447,5.646450971151101,无,4388
False,both,False,False,18.731257267495806,1.0533412122531867,第3天、第4天、第5天,4389
False,both,False,False,8.39147320107265,5.246624059983638,第2天、第3天、第5天,4390
False,both,False,False,3.2505244170062046,3.925566249865947,第2天、第5天,4391
False,queue,False,True,9.202428223820828,0.0,第4天,4392
True,none,True,True,8.056203407403483,1.237601526851831,无,4393
False,both,False,False,13.159590014861156,5.188423421832305,第2天、第4天、第5天,4394
False,both,False,False,8.6695538897342,2.9706528388061666,第5天,4395
False,both,False,False,4.258950806578909,5.1698388414654115,第5天,4396
False,both,False,False,8.225630094705185,5.289031556870732,第5天,4397
False,queue,False,True,6.9263756838813695,2.7367913615918678,第5天,4398
False,both,False,False,4.2847699367617675,5.667399714051707,第4天、第5天,4399
True,none,True,True,4.950390848554795,2.805821296854523,无,4400
False,queue,False,True,8.086039826587704,2.1215261502145313,第3天,4401
False,queue,False,True,8.42637828922019,2.535769562334786,第5天,4402
True,none,True,True,6.303217257934137,1.4266469098830195,无,4403
False,both,False,False,9.052121968494927,3.8851977178363253,第2天、第5天,4404
True,none,True,True,3.8621644561267034,5.080939403239879,无,4405
False,queue,False,True,6.033022011762553,1.788511615925211,第5天,4406
False,queue,False,True,4.70038911026166,4.212345321975828,第5天,4407
False,queue,False,True,2.5941439632639467,6.3554321205778415,第2天、第5天,4408
False,both,False,False,14.35439820567388,2.9376822192948855,第3天、第5天,4409
False,both,False,False,14.675378112153062,3.9211842413901064,第3天、第5天,4410
False,both,False,False,9.98849344044928,2.5567140374794617,第2天、第5天,4411
True,none,True,True,3.967456627708488,0.4585207403580456,无,4412
False,queue,False,True,12.028344404339581,1.9681646650809101,第5天,4413
True,none,True,True,1.8912381131302844,0.5449970913310227,无,4414
False,queue,False,True,0.6189064846870442,4.760498850586654,第5天,4415
False,both,False,False,13.227921523662669,5.779074225865368,第4天、第5天,4416
False,both,False,False,11.926092677880339,2.155718428535807,第2天、第3天、第5天,4417
False,queue,False,True,9.089487587712757,4.924461557855298,第4天、第5天,4418
False,both,False,False,7.428631051071622,2.629450935844047,第4天、第5天,4419
False,both,False,False,9.912293685256923,2.684509100053712,第2天,4420
False,both,False,False,12.986543211758459,0.0,第5天,4421
False,queue,False,True,6.702248272705324,2.7391497510567495,第5天,4422
True,none,True,True,4.777754305270411,2.8580404756761686,无,4423
False,both,False,False,10.117169145773907,3.064858648437527,第2天、第5天,4424
False,both,False,False,8.264730650487818,4.3410597268383935,第2天、第4天、第5天,4425
False,queue,False,True,1.4402507880881446,4.671770513215554,第5天,4426
False,both,False,False,14.008491378180604,2.5130117301994934,第4天,4427
False,both,False,False,9.391408714262168,4.879888975680361,第5天,4428
False,queue,False,True,3.064286373016818,4.4484949663728575,第5天,4429
False,both,False,False,8.643796554033006,3.3005479814206065,第3天、第5天,4430
False,queue,False,True,4.884235449826701,3.385334448717471,第5天,4431
True,none,True,True,2.9989479260156906,0.0,无,4432
False,both,False,False,12.901377088830841,5.659008497454398,第3天、第5天,4433
False,queue,False,True,7.158284597986974,0.0,第5天,4434
False,both,False,False,10.216006720695306,3.7067621772922585,第5天,4435
False,both,False,False,8.967230641260786,5.803061342340166,第3天、第5天,4436
False,queue,False,True,5.708329293711293,6.719054902562758,第4天、第5天,4437
False,both,False,False,8.909370614642615,2.7527341117360917,第4天、第5天,4438
False,queue,False,True,2.6156545504380677,6.651107491184481,第5天,4439
True,none,True,True,6.231312832237906,3.549248555269272,无,4440
False,queue,False,True,6.095374221270441,5.077371019666787,第5天,4441
False,queue,False,True,2.641147095932311,2.187314210762781,第5天,4442
False,queue,False,True,9.205296360686567,4.79038263100177,第2天、第3天、第5天,4443
False,both,False,False,12.764228183328909,2.233502821458387,第3天、第5天,4444
False,queue,False,True,13.327756578285635,3.0810884984707165,第2天、第5天,4445
False,both,False,False,8.857808209648603,6.534456240604197,第5天,4446
False,queue,False,True,6.809794451350318,2.055438337696642,第5天,4447
False,queue,False,True,3.9286093557697765,1.2742945314164493,第5天,4448
False,both,False,False,10.880786889228787,1.205055960582552,第4天、第5天,4449
False,both,False,False,4.468155843777364,9.848933655192152,第5天,4450
False,both,False,False,6.692693018351928,2.121059857532528,第5天,4451
False,both,False,False,9.526354010647236,6.580420803141538,第2天、第4天、第5天,4452
True,none,True,True,3.833988354092376,2.1758729469345743,无,4453
True,none,True,True,4.615410920607671,2.2653727931703322,无,4454
False,queue,False,True,6.41644469566523,5.300060869577237,第2天、第5天,4455
False,both,False,False,8.119765199368858,5.228560341915216,第2天、第5天,4456
False,queue,False,True,3.299690400197427,4.351155480858287,第5天,4457
False,both,False,False,4.213748537573614,3.993166000941372,第2天、第5天,4458
False,both,False,False,11.961585367245002,5.499489188881963,第3天、第5天,4459
False,queue,False,True,2.694568413334985,6.862715223801777,第5天,4460
False,queue,False,True,12.380670212775716,1.890668540312157,第5天,4461
False,queue,False,True,11.941840777789691,1.4425959701584967,第3天、第5天,4462
False,queue,False,True,5.5623275970912065,1.893068882768615,第5天,4463
False,both,False,False,13.41986778599429,2.5198692829709426,第3天、第5天,4464
False,both,False,False,13.180513224176412,3.7409395300014583,第1天、第3天,4465
True,none,True,True,2.0123172821439717,1.8697963465481453,无,4466
False,queue,False,True,6.754651894643951,2.4958033322563136,第2天、第5天,4467
True,none,True,True,12.890326547987064,0.0,无,4468
False,both,False,False,13.093628396659142,4.983898907874752,第2天、第5天,4469
False,both,False,False,6.5754893732617665,2.4401290166825267,第3天,4470
False,both,False,False,6.555518214553819,2.8720538304272742,第5天,4471
False,queue,False,True,8.150921956702994,5.0930929090158585,第4天、第5天,4472
False,both,False,False,14.7264249487043,1.2288714634031996,第3天、第5天,4473
False,both,False,False,9.370710822083995,3.7854517192413177,第5天,4474
True,none,True,True,6.188836818037468,2.8217108932399055,无,4475
False,queue,False,True,7.997041969680406,2.4874529058946395,第5天,4476
False,both,False,False,9.973170791418426,0.0,第5天,4477
False,queue,False,True,7.270787147112046,2.4703479948941154,第3天、第5天,4478
False,both,False,False,13.850789589150459,1.7232077526832632,第2天、第3天、第4天、第5天,4479
False,both,False,False,11.924916138428838,4.138697789265002,第2天、第5天,4480
False,both,False,False,10.977808875591558,1.392457263837152,第2天、第5天,4481
False,both,False,False,16.68942065215521,3.3897905250093547,第2天、第3天、第5天,4482
False,both,False,False,13.979137838592607,4.051132419220206,第1天、第4天、第5天,4483
False,both,False,False,10.561058372331585,1.2776787172652673,第4天、第5天,4484
True,none,True,True,6.414619517071177,4.437417585187966,无,4485
False,both,False,False,13.817666458949404,3.2896584410326897,第2天、第4天、第5天,4486
False,queue,False,True,10.772285921399783,0.8440435367276047,第5天,4487
False,queue,False,True,5.533361305749641,1.9016407791617171,第4天、第5天,4488
False,both,False,False,12.543153371119447,1.9504647053050923,第1天、第4天,4489
False,both,False,False,10.472430061028527,6.873765823024313,第2天、第4天、第5天,4490
False,both,False,False,9.68089658992444,5.202287845622303,第1天、第5天,4491
False,both,False,False,11.43845037695326,2.7464077545009484,第3天、第4天、第5天,4492
True,none,True,True,7.236437194418098,4.2618772762081525,无,4493
False,both,False,False,7.5439026886709195,2.74270049975027,第3天、第4天,4494
True,none,True,True,7.9620216690176155,2.0918890102965064,无,4495
False,both,False,False,8.537532913995127,2.096755015702859,第2天、第5天,4496
False,queue,False,True,6.384597586710866,1.7856325004719285,第3天,4497
False,both,False,False,10.880329493301025,5.357845278051855,第1天、第5天,4498
False,queue,False,True,4.597414018721304,4.941026099091486,第4天、第5天,4499
False,queue,False,True,9.083612375762577,3.749910163974358,第5天,4500
False,queue,False,True,2.5687556927424806,3.035147888403973,第5天,4501
False,both,False,False,9.626254969322945,1.367721811386227,第5天,4502
False,both,False,False,7.689822312042512,0.0,第3天、第5天,4503
False,both,False,False,5.198185075275617,6.574365389664175,第5天,4504
False,both,False,False,17.53270427516963,4.164909700965367,第2天、第3天、第4天、第5天,4505
False,both,False,False,5.532949630629195,10.594809640074562,第2天、第5天,4506
False,queue,False,True,4.36402399344664,4.098300226264158,第5天,4507
False,queue,False,True,3.4157951966871734,4.127389525246707,第5天,4508
False,both,False,False,4.196988598803261,4.5504255184835625,第5天,4509
False,both,False,False,11.519549578268373,6.775411596184285,第1天、第4天、第5天,4510
False,both,False,False,7.875007583633884,3.6534529246699927,第2天、第5天,4511
False,both,False,False,16.034630226302163,2.821241180699682,第4天、第5天,4512
False,queue,False,True,5.928978045923597,2.1375147939344186,第4天,4513
False,both,False,False,5.409096336121897,5.011760544712813,第5天,4514
False,both,False,False,10.88980442714055,2.9556219344730295,第5天,4515
True,none,True,True,2.915065714226742,2.821023152157541,无,4516
False,both,False,False,12.417017658191174,3.1167134995510457,第4天、第5天,4517
True,none,True,True,4.238376078515353,0.0,无,4518
True,none,True,True,0.0,3.5441734337347137,无,4519
False,queue,False,True,5.783682100200537,1.81748923734755,第5天,4520
False,both,False,False,6.979695722608024,5.777352194034163,第5天,4521
False,both,False,False,5.0929568714325475,2.9723208178815383,第2天、第5天,4522
False,both,False,False,11.144659951865366,1.0483081177915032,第2天、第4天,4523
False,queue,False,True,4.923113678817929,0.6939946775996946,第2天,4524
True,none,True,True,11.679204865943555,1.6262846252720902,无,4525
False,queue,False,True,11.927435064815175,3.0611835466482202,第4天,4526
False,queue,False,True,0.0,3.5096815141823656,第5天,4527
False,both,False,False,11.414210179889906,3.66944038526678,第4天、第5天,4528
True,none,True,True,2.422300411818279,3.5403780241169356,无,4529
False,queue,False,True,5.26561539263686,5.089657048218303,第5天,4530
False,both,False,False,8.963104791897681,2.2158119659409437,第3天、第5天,4531
False,traffic,True,False,7.229731402636423,3.6109331699959335,第3天,4532
False,both,False,False,9.340984095456932,0.24858488769766396,第4天、第5天,4533
False,both,False,False,12.242623893675376,0.6282964320115415,第2天,4534
False,both,False,False,9.982556528380462,7.008977591848558,第1天、第2天、第5天,4535
True,none,True,True,0.949801965154925,2.555449390251815,无,4536
False,queue,False,True,4.21576985813647,6.378671423826576,第5天,4537
False,queue,False,True,9.697352082358103,4.857761083682849,第4天、第5天,4538
False,queue,False,True,5.701729218504645,7.33227197762799,第5天,4539
False,both,False,False,3.666501190885823,3.068513840849863,第5天,4540
False,both,False,False,8.096403967423651,3.8047146757078636,第5天,4541
False,both,False,False,9.827256925069259,0.6199650216065706,第5天,4542
False,queue,False,True,3.459246256925308,3.4147972203850956,第5天,4543
False,traffic,True,False,3.858473750445693,5.376995670329577,第5天,4544
False,queue,False,True,5.421299036906511,1.9966744531146499,第3天、第5天,4545
False,queue,False,True,4.5660109432690685,2.51864162683883,第5天,4546
False,queue,False,True,5.709307015549704,2.1686327230339533,第5天,4547
False,both,False,False,15.407098294338294,6.126967843732029,第1天、第2天、第3天、第4天、第5天,4548
False,queue,False,True,5.1407351513189425,5.306146915946215,第5天,4549
True,none,True,True,6.378089454173542,2.5858213041894476,无,4550
True,none,True,True,6.413861570112241,2.563843125666037,无,4551
False,both,False,False,7.604957371692727,7.145211953501654,第3天、第5天,4552
False,both,False,False,7.296280286913738,2.168173885478806,第4天、第5天,4553
False,queue,False,True,2.4173698107829216,5.8850851589135775,第3天,4554
False,queue,False,True,5.3398571293961075,4.921476205219975,第5天,4555
False,queue,False,True,7.925764335310972,6.223375373355861,第4天、第5天,4556
True,none,True,True,4.718474641340189,2.6420559215667563,无,4557
False,queue,False,True,6.577470206737324,4.576811427771392,第5天,4558
False,queue,False,True,4.139255794806968,4.2627479734761184,第5天,4559
False,both,False,False,13.469546250440109,0.0,第5天,4560
False,both,False,False,10.601290097222952,6.437585187463046,第1天、第5天,4561
False,queue,False,True,3.574928942810858,6.4755535517224665,第5天,4562
False,both,False,False,10.810726206346446,2.2284098734465543,第3天、第5天,4563
False,queue,False,True,3.397216258628701,3.5737768638284777,第3天,4564
False,both,False,False,11.912404407060523,0.0,第2天、第5天,4565
False,queue,False,True,7.056582491071653,2.175083721808414,第4天、第5天,4566
False,both,False,False,2.3074563024276222,3.2052648278841938,第2天,4567
False,both,False,False,16.48222248716474,2.868799715604111,第2天、第4天、第5天,4568
False,queue,False,True,7.532646484243203,6.338403917736008,第5天,4569
False,traffic,True,False,6.900954979228187,2.969760745343084,第2天,4570
True,none,True,True,7.236793335249692,0.2953422831044915,无,4571
False,both,False,False,11.578156139791162,3.3299335742516707,第5天,4572
False,queue,False,True,7.58893760959739,4.842817456284264,第3天,4573
False,queue,False,True,2.7904903926708853,1.6313013831133159,第5天,4574
False,queue,False,True,3.8678452578826956,3.319619410170017,第5天,4575
True,none,True,True,8.653058586082572,0.6688614302017685,无,4576
False,queue,False,True,3.685343067648546,4.830065537763864,第5天,4577
False,both,False,False,4.9900085746289236,6.4160197382918005,第3天,4578
False,both,False,False,8.475949841644406,4.54988759331782,第2天,4579
False,queue,False,True,6.913509513531542,8.14967308945346,第3天、第4天、第5天,4580
False,queue,False,True,7.805914911494522,4.513038363367862,第5天,4581
False,both,False,False,10.873424175509285,3.987977536803397,第2天、第5天,4582
False,both,False,False,6.43861595208325,4.097924808275375,第2天,4583
False,traffic,True,False,12.09129649883501,2.3055755759695047,第3天,4584
False,queue,False,True,9.822817933465409,3.8668020781297425,第3天、第5天,4585
False,queue,False,True,10.934125568397405,1.9291132980641628,第5天,4586
True,none,True,True,4.372951477767806,1.6999623458975703,无,4587
False,queue,False,True,7.849723206023157,0.8712068899098828,第5天,4588
False,queue,False,True,5.291967833426847,0.7262247463041711,第5天,4589
True,none,True,True,5.063164246505757,1.921715000825508,无,4590
False,both,False,False,13.182415806461,3.406471705114612,第4天、第5天,4591
False,queue,False,True,5.924253520600387,5.430995713254999,第5天,4592
False,queue,False,True,9.839940887310702,3.517546081782357,第5天,4593
False,both,False,False,9.430520769855388,1.9891805470233104,第2天、第3天、第5天,4594
False,both,False,False,8.98611674205822,3.2700511874170015,第5天,4595
False,queue,False,True,8.44537160862594,3.3616560589974718,第5天,4596
True,none,True,True,12.607194904773163,0.4657487884799827,无,4597
False,both,False,False,14.555199311272059,7.762873673674503,第2天、第5天,4598
False,both,False,False,14.692936707536258,3.692099776514687,第3天、第4天、第5天,4599
False,both,False,False,9.947483953539187,2.035346169945457,第4天、第5天,4600
False,both,False,False,14.835169162581062,5.706644283914475,第1天、第3天、第5天,4601
False,both,False,False,6.445165982780987,5.785640423898839,第3天、第5天,4602
False,queue,False,True,12.730421230682184,0.0,第3天、第5天,4603
False,both,False,False,12.891874043038772,5.1590900896626675,第3天、第5天,4604
False,both,False,False,7.118865169110149,3.187342685038049,第4天、第5天,4605
False,queue,False,True,6.260577164653474,5.829100289964232,第3天、第4天、第5天,4606
False,both,False,False,4.262526093975845,4.911771590754062,第2天、第5天,4607
False,queue,False,True,0.0,7.512008010748536,第5天,4608
False,queue,False,True,3.1419537088049196,3.832305703368532,第5天,4609
True,none,True,True,8.864516239037126,4.286855160297257,无,4610
False,queue,False,True,2.35734386563331,5.398267431255256,第5天,4611
True,none,True,True,3.7805620016515142,2.671135325978564,无,4612
False,both,False,False,5.788850496499642,8.628345985420317,第2天、第5天,4613
False,both,False,False,10.219792863066314,3.7298762925112148,第1天、第2天、第5天,4614
False,queue,False,True,2.2098376732197793,2.767845067603904,第5天,4615
False,queue,False,True,12.151523483578371,0.6438391800123849,第2天、第5天,4616
False,traffic,True,False,10.256072778497716,1.2902940437252544,第1天,4617
False,queue,False,True,5.480667787061363,4.990147544174124,第5天,4618
False,queue,False,True,10.269398225775026,4.482297410765292,第2天、第5天,4619
False,both,False,False,8.670239027679099,7.369348389878457,第1天、第4天、第5天,4620
False,both,False,False,11.27358030194436,2.987542293933465,第5天,4621
True,none,True,True,1.5680049262459093,3.0558204407079312,无,4622
False,queue,False,True,4.578262822134388,1.6713914874330436,第5天,4623
False,queue,False,True,10.116245814146366,0.0,第4天,4624
False,queue,False,True,7.69519125677732,5.64233432268245,第5天,4625
False,both,False,False,11.667953433673357,1.7898615763169143,第3天、第5天,4626
False,both,False,False,12.221511505362637,5.050988391814366,第2天、第5天,4627
False,queue,False,True,10.034499801823674,0.8317306130225492,第2天、第4天、第5天,4628
False,both,False,False,4.7651214910237405,7.10519176324682,第5天,4629
False,both,False,False,8.665242388343591,4.875381275944797,第5天,4630
False,both,False,False,7.075554676287295,4.315416271612061,第5天,4631
False,both,False,False,8.982167105533666,4.217591453768911,第3天、第5天,4632
False,queue,False,True,7.615789927518623,4.515856862744435,第4天、第5天,4633
False,both,False,False,7.384450889600796,3.606790775376073,第4天、第5天,4634
False,queue,False,True,3.6721895565502374,5.579785586782476,第5天,4635
False,both,False,False,9.9723776675452,8.504027547061867,第2天、第3天、第5天,4636
False,queue,False,True,4.594775411368829,5.694014994396565,第5天,4637
False,queue,False,True,6.260267783280794,3.3034083080472847,第5天,4638
False,queue,False,True,9.156049788489367,0.7821969195084398,第2天、第5天,4639
False,both,False,False,11.392714020430855,4.281262175892413,第2天、第4天、第5天,4640
True,none,True,True,4.97674762553291,5.755265683468773,无,4641
False,both,False,False,8.069688289156629,2.786596433566505,第5天,4642
False,both,False,False,11.44367922320633,2.69349949768643,第2天、第3天,4643
False,queue,False,True,4.7922695340006625,5.5186970040847,第5天,4644
False,both,False,False,10.749546911926926,3.216810902722893,第2天、第5天,4645
False,queue,False,True,6.610831059886675,3.5489469295128324,第3天、第5天,4646
False,both,False,False,8.602540809721166,4.508416644051557,第5天,4647
False,both,False,False,7.932065406049195,3.9291449730502137,第5天,4648
False,both,False,False,17.895780109930186,2.853042905137996,第3天、第5天,4649
False,queue,False,True,1.8427633355969832,6.3882387280255415,第5天,4650
False,both,False,False,3.2191254387967785,5.713726701190579,第3天、第5天,4651
False,queue,False,True,6.275866049581623,4.680076937899249,第5天,4652
False,both,False,False,15.32937790128129,4.811471892421088,第1天、第2天、第4天、第5天,4653
False,both,False,False,8.876700654758963,4.3231795848268755,第2天、第5天,4654
False,both,False,False,9.312175885715881,4.043558935419956,第5天,4655
False,both,False,False,8.82313386698016,5.033218584223402,第1天、第5天,4656
False,queue,False,True,5.498679791817974,4.598712968741625,第5天,4657
False,both,False,False,12.76373904879409,3.259289593872274,第2天、第4天、第5天,4658
True,none,True,True,7.005607249073698,1.0131329719577562,无,4659
False,both,False,False,7.885266024310196,6.37147998023992,第2天、第5天,4660
False,both,False,False,9.76028151333811,8.096868658624679,第2天、第5天,4661
True,none,True,True,12.683957962501648,0.971413156675383,无,4662
False,queue,False,True,8.596707857283658,1.6348257195247835,第2天、第4天、第5天,4663
False,both,False,False,13.027885673310976,1.2081941000996435,第3天、第5天,4664
False,queue,False,True,3.4596182090893066,4.045372079654434,第5天,4665
True,none,True,True,9.811834906679636,2.2349074063246386,无,4666
False,both,False,False,13.550100909147854,0.6178445054284419,第2天、第3天、第5天,4667
False,queue,False,True,4.602208194822836,2.924705628736875,第5天,4668
False,both,False,False,13.631842331843893,5.722728167587967,第1天、第5天,4669
False,traffic,True,False,6.103396134510366,1.599553584725261,第1天,4670
False,both,False,False,14.54379160895322,4.162585669283281,第3天、第4天、第5天,4671
True,none,True,True,5.7745840404668805,0.8627423772866036,无,4672
False,queue,False,True,3.1237388104857327,3.263202059987125,第5天,4673
True,none,True,True,1.6818869939221315,2.8360420167992264,无,4674
False,queue,False,True,7.161574546175908,5.198294610590876,第3天,4675
False,both,False,False,12.173367211425552,0.6552138763601483,第4天、第5天,4676
False,both,False,False,9.331011250401659,4.215547643244109,第5天,4677
False,both,False,False,8.76662927420824,2.0534772523253415,第2天、第5天,4678
False,both,False,False,6.39882995226577,1.7872048883559808,第2天,4679
True,none,True,True,5.857239647332499,2.6449208214424025,无,4680
False,both,False,False,11.952812680868394,0.1542630933937451,第5天,4681
False,queue,False,True,3.3443702006468032,4.302197685658125,第5天,4682
False,queue,False,True,4.194070849177734,5.612676417265545,第5天,4683
False,queue,False,True,1.6457335717293042,1.760124199970619,第5天,4684
False,both,False,False,8.255757037274918,3.3016629248539067,第2天、第5天,4685
True,none,True,True,5.297960933478277,3.445409854723212,无,4686
False,both,False,False,6.787840396536573,4.572354944465249,第2天、第5天,4687
True,none,True,True,4.808139593399057,6.317807415883866,无,4688
False,queue,False,True,6.497415363399465,3.6578361944441853,第5天,4689
True,none,True,True,4.800444323235771,4.583408939605885,无,4690
False,queue,False,True,4.472082284832361,8.384293212778719,第5天,4691
False,both,False,False,6.798982802380941,3.0085098658573166,第5天,4692
False,queue,False,True,0.0,4.7916931232573665,第5天,4693
False,both,False,False,10.691528389209445,1.2522771171281657,第3天、第5天,4694
True,none,True,True,7.475034153515642,1.6951931392268758,无,4695
False,both,False,False,8.975785466246213,6.941768172017886,第5天,4696
False,queue,False,True,7.05662327930401,2.0147211504140823,第5天,4697
False,both,False,False,14.372127382938116,2.2483646174631384,第2天、第5天,4698
False,both,False,False,13.48297517840332,1.239718970105363,第2天、第3天、第5天,4699
False,both,False,False,18.61614068072324,3.2297870973442846,第2天、第4天、第5天,4700
True,none,True,True,3.5828593199175245,3.205397104840128,无,4701
False,queue,False,True,5.873900523048484,5.639012057395313,第5天,4702
False,queue,False,True,5.775098922953041,3.52153635906224,第5天,4703
False,both,False,False,10.476616625867182,4.056729660536786,第4天,4704
False,queue,False,True,4.610693404611508,5.634487915308654,第5天,4705
False,queue,False,True,8.841765985674476,1.3065093902303537,第3天、第5天,4706
False,queue,False,True,7.391669066918405,4.573268345084938,第5天,4707
False,both,False,False,3.8749428156412318,4.513761935092246,第2天、第5天,4708
False,queue,False,True,1.269963153820389,5.400818323360151,第5天,4709
False,both,False,False,7.883644628332997,3.746972415613642,第2天、第5天,4710
False,queue,False,True,5.499336023922321,3.954006749126762,第5天,4711
False,both,False,False,9.189133990355707,3.7586926871302775,第5天,4712
False,both,False,False,7.431779815244235,6.2807091053180155,第2天、第5天,4713
False,both,False,False,10.19657495300078,2.3128958643510167,第2天、第4天、第5天,4714
False,both,False,False,13.400622414631162,5.489561418512775,第2天,4715
False,both,False,False,9.554579235692902,4.608790440746728,第5天,4716
False,queue,False,True,3.130392422784777,5.954000997339032,第5天,4717
False,queue,False,True,10.438225862831196,3.699895764154461,第3天、第5天,4718
True,none,True,True,6.880037553632856,2.698889683729401,无,4719
False,both,False,False,10.079268023893675,3.1392028097570277,第2天、第3天、第5天,4720
False,both,False,False,16.976300565097553,4.449368859776588,第1天、第4天、第5天,4721
False,both,False,False,8.56261686188791,2.011417020726329,第5天,4722
False,queue,False,True,7.553225085194268,3.768979514356615,第5天,4723
False,queue,False,True,0.0,4.293081421434586,第5天,4724
False,both,False,False,11.856045671428113,5.89279551679466,第2天、第3天、第5天,4725
False,both,False,False,10.111462830177008,2.6202841041368057,第5天,4726
False,queue,False,True,7.146234532431692,6.686843639318955,第2天、第5天,4727
False,both,False,False,11.180478460082622,2.04756911463987,第5天,4728
False,queue,False,True,8.812744486851104,0.8404527046625675,第5天,4729
False,both,False,False,12.217962503132966,2.358890518266721,第2天、第5天,4730
False,queue,False,True,4.243604472685321,6.384915776807548,第5天,4731
False,both,False,False,13.366573627233137,4.353667772679053,第2天、第5天,4732
False,queue,False,True,1.5886687326994928,1.921318633478348,第5天,4733
False,both,False,False,9.913078646875531,4.0803097440126255,第1天、第5天,4734
False,both,False,False,10.732226285631292,4.345788668883184,第2天、第5天,4735
False,both,False,False,2.5790717146402145,2.7767040693112954,第5天,4736
False,traffic,True,False,7.15843158182272,1.776101417586452,第2天,4737
False,queue,False,True,4.768864899347046,1.2768568472286712,第5天,4738
False,both,False,False,3.3573593517345612,4.475193399603131,第2天、第5天,4739
False,both,False,False,10.443638186826258,0.7977975157987796,第1天、第5天,4740
False,traffic,True,False,6.280627581691086,6.970167093371666,第1天、第3天,4741
False,queue,False,True,7.849946321401505,5.152052000826428,第2天、第5天,4742
False,queue,False,True,11.15327925650892,1.8814376262816659,第5天,4743
False,queue,False,True,5.380143821440473,0.5674444478760239,第5天,4744
True,none,True,True,11.261044580189296,0.0,无,4745
True,none,True,True,3.924626574459962,0.6982923330616676,无,4746
False,both,False,False,12.690581043902245,5.714069584898386,第1天、第5天,4747
False,both,False,False,11.248537226913138,1.5699877705971472,第5天,4748
False,queue,False,True,3.9823770766252884,2.1406548356823865,第3天,4749
False,both,False,False,11.417552969292704,3.4526880630456227,第2天、第5天,4750
False,queue,False,True,6.053077625746644,1.175460181619127,第4天,4751
False,both,False,False,13.451329052549932,3.7364872814856236,第3天、第5天,4752
False,both,False,False,10.096880021158128,5.090428044887271,第3天、第5天,4753
False,queue,False,True,6.852931087603645,4.381223306202043,第3天、第5天,4754
True,none,True,True,5.839191754634191,1.8129272943562502,无,4755
True,none,True,True,8.85764340644723,3.0856048838566243,无,4756
False,queue,False,True,6.43943281064962,6.247867558915738,第2天、第5天,4757
False,both,False,False,19.04387418946303,3.812773259575244,第2天、第4天、第5天,4758
False,both,False,False,10.232116820770491,4.023279573716489,第2天、第5天,4759
False,queue,False,True,0.0,3.6724051286314006,第5天,4760
False,both,False,False,10.701665564008284,2.67487718399725,第2天、第5天,4761
False,both,False,False,11.311726878141094,1.5976183502007233,第4天、第5天,4762
False,queue,False,True,6.4972834468946825,3.624417921514423,第5天,4763
False,queue,False,True,6.318153632701646,6.677148915106081,第5天,4764
False,queue,False,True,3.345540067343459,4.59540041404196,第5天,4765
False,queue,False,True,6.1324938900085835,3.4703702563354537,第5天,4766
False,both,False,False,16.864025500492932,1.3137067098790451,第2天、第4天、第5天,4767
False,both,False,False,11.78348281854977,6.561380280925572,第1天、第5天,4768
False,queue,False,True,3.447887895360565,5.070808649601685,第5天,4769
False,both,False,False,13.011689398211484,3.4372852566744134,第4天、第5天,4770
False,queue,False,True,6.8217444198248955,5.914442373639751,第3天,4771
False,both,False,False,8.278934118082645,2.4455613698680114,第5天,4772
False,both,False,False,10.034326054627439,5.77512457171594,第5天,4773
False,queue,False,True,7.230126619338297,0.40250403954443237,第3天、第5天,4774
False,queue,False,True,2.302886667474602,6.096403115177629,第5天,4775
False,queue,False,True,10.046893454392517,4.0878062043013985,第3天、第5天,4776
False,traffic,True,False,10.85478241707825,0.5487719378006888,第5天,4777
False,both,False,False,7.900797470018148,4.445066108484579,第1天、第3天、第5天,4778
False,queue,False,True,4.196387338119452,6.7702398836685855,第5天,4779
False,both,False,False,6.276001254908511,5.765884336195616,第2天、第5天,4780
False,both,False,False,9.438265281313491,3.469196978967246,第2天、第3天,4781
False,both,False,False,6.126639742292424,5.931325315889886,第4天,4782
False,both,False,False,13.982454156715729,4.019482426460245,第5天,4783
False,queue,False,True,3.1539513290879087,5.250919476146277,第5天,4784
False,both,False,False,8.909476777801018,2.5151345912376435,第5天,4785
False,both,False,False,9.245139825432057,3.6137302007876984,第5天,4786
True,none,True,True,0.0,2.646356480203348,无,4787
False,both,False,False,11.094074569676819,3.790807838945948,第2天、第3天、第5天,4788
False,both,False,False,7.063762654752901,5.680017969786481,第2天,4789
False,both,False,False,6.565592950129217,4.805438282241808,第1天、第5天,4790
False,both,False,False,9.79799699734294,6.030844167992466,第4天、第5天,4791
False,queue,False,True,4.208150450672787,1.5000205851202275,第5天,4792
False,both,False,False,7.634310603638048,3.8850735004390824,第2天、第5天,4793
False,both,False,False,5.338479168024877,2.2969994573878747,第1天、第5天,4794
False,both,False,False,3.8090629712962016,3.5213461267349015,第2天、第5天,4795
False,both,False,False,14.381800684328,1.7646430882979192,第2天、第3天、第5天,4796
True,none,True,True,6.531218912384038,4.515492018060394,无,4797
False,queue,False,True,6.340502856263087,2.8767006323304516,第5天,4798
False,both,False,False,16.76371767734261,3.0030059031006227,第1天、第2天,4799
True,none,True,True,0.0,4.157968482908434,无,4800
True,none,True,True,3.1299860000872983,3.5421282182199,无,4801
False,queue,False,True,3.289861249565971,2.2413134600644993,第5天,4802
False,queue,False,True,5.566057173784069,3.7195896033891716,第5天,4803
False,queue,False,True,5.361355374633063,0.9765243397344154,第5天,4804
True,none,True,True,4.503573348067839,3.1516093340602724,无,4805
True,none,True,True,5.986632463214357,4.891018894730783,无,4806
False,both,False,False,12.80786114305575,2.698534772117495,第3天、第4天、第5天,4807
False,queue,False,True,6.5199437817055195,5.388612814664048,第5天,4808
False,queue,False,True,2.3361324747611674,1.2402434380083842,第5天,4809
False,queue,False,True,9.962602750242093,4.3930310399150905,第5天,4810
False,queue,False,True,12.232668830798133,3.0298587796737504,第5天,4811
False,both,False,False,13.761619276073068,3.290712222310944,第2天、第5天,4812
False,both,False,False,7.242873895682729,5.2825340650819514,第5天,4813
False,both,False,False,10.427778320957458,5.439789084581905,第1天、第2天、第5天,4814
False,both,False,False,5.586201417601755,3.6686050822988845,第3天、第5天,4815
True,none,True,True,7.5021711579357575,3.9439699914890944,无,4816
False,both,False,False,8.390282002011446,4.812178510010169,第5天,4817
False,queue,False,True,8.10406846744893,2.7876892995981204,第3天,4818
False,queue,False,True,3.829200796980547,1.8236442795039909,第5天,4819
True,none,True,True,11.096219422036805,0.5431646830166138,无,4820
False,queue,False,True,11.09414799532718,2.0959690999162524,第4天,4821
False,both,False,False,13.816770296670846,1.8119013611600472,第4天,4822
False,both,False,False,10.809240299746367,3.4024088650486957,第5天,4823
False,queue,False,True,7.067566815316431,3.1029357229259644,第5天,4824
False,both,False,False,2.7262911212101844,6.752850127303946,第3天,4825
False,queue,False,True,8.724718949969509,0.0,第5天,4826
False,both,False,False,9.116158327442438,3.3913736439929187,第2天、第4天、第5天,4827
False,both,False,False,6.399213044575784,6.133974109840574,第5天,4828
False,queue,False,True,6.828444061745726,4.235634728613538,第5天,4829
False,both,False,False,7.692688984905793,4.8984207902780454,第2天、第5天,4830
False,queue,False,True,15.561454091317536,2.0514509245325447,第5天,4831
False,both,False,False,9.541468976528643,5.324685829214372,第3天、第5天,4832
False,both,False,False,8.07518712994592,3.6468216595835727,第4天、第5天,4833
False,queue,False,True,7.7589869328951915,5.248667101964477,第3天,4834
False,traffic,True,False,9.471203479498833,0.6970797258421533,第3天,4835
False,both,False,False,1.5357108834408586,8.467069986812412,第2天、第5天,4836
False,queue,False,True,6.087376623989489,3.2240655387200463,第5天,4837
False,queue,False,True,2.510309453467702,3.2190853826475174,第5天,4838
False,queue,False,True,6.719583425883786,2.4832776277108075,第5天,4839
True,none,True,True,4.608283408955782,1.222295319002379,无,4840
True,none,True,True,2.292972647415656,3.518212944723984,无,4841
False,both,False,False,15.352517690468416,2.91185250512696,第3天、第4天、第5天,4842
True,none,True,True,0.32048325912176784,3.3566807797888267,无,4843
False,queue,False,True,5.881206348468414,1.7512021079838098,第2天,4844
False,queue,False,True,7.568251405313314,3.201786331134926,第5天,4845
False,both,False,False,6.965908008771871,2.234522670412917,第5天,4846
False,queue,False,True,6.91187452203757,2.4621374262868936,第2天,4847
False,queue,False,True,13.960129478331313,2.343255021541001,第5天,4848
False,traffic,True,False,7.711270555360915,1.4332722146285155,第5天,4849
False,both,False,False,4.087836553379788,3.822232885390671,第5天,4850
True,none,True,True,4.343648557701412,0.7428902158548149,无,4851
False,both,False,False,11.343376605887137,0.833478960903869,第2天、第5天,4852
False,queue,False,True,6.84542794191222,0.48452239427481925,第4天,4853
True,none,True,True,2.98142208447266,0.8423009942540831,无,4854
False,queue,False,True,6.013731867385086,2.270272552253369,第3天、第5天,4855
True,none,True,True,5.49036625517773,0.9650036376979936,无,4856
False,queue,False,True,8.510010370219396,3.0335455140092455,第5天,4857
True,none,True,True,2.7079729693631585,0.8416160151779241,无,4858
True,none,True,True,4.6185685014023825,2.7844794044875423,无,4859
True,none,True,True,12.533092873520987,2.4835663004895236,无,4860
False,both,False,False,9.771299380269793,4.330380202448374,第4天、第5天,4861
False,queue,False,True,3.9801037257056624,0.9459067339772722,第5天,4862
False,queue,False,True,4.837323830417429,2.006832396708641,第3天,4863
False,queue,False,True,8.670465262601846,3.2571955396947017,第2天、第5天,4864
False,both,False,False,6.923536450904894,6.10865165806266,第3天、第5天,4865
False,both,False,False,13.750711906691322,3.3045438387839456,第4天、第5天,4866
False,queue,False,True,4.374207548856007,2.4228108248116884,第2天、第5天,4867
False,both,False,False,10.829107023432245,5.485453574910313,第1天、第5天,4868
False,queue,False,True,2.211867849094608,6.68318375851786,第4天、第5天,4869
False,queue,False,True,7.478374837386964,0.0,第3天、第5天,4870
False,both,False,False,7.821372994096222,6.280685233280361,第2天、第3天、第5天,4871
False,traffic,True,False,2.992930652253058,4.525409806930611,第3天,4872
False,both,False,False,15.797373136873308,4.4957548712587965,第1天、第2天、第5天,4873
False,traffic,True,False,11.311683652152752,2.1691089023826815,第4天,4874
False,queue,False,True,7.663567920818615,3.2609199062285548,第4天,4875
True,none,True,True,8.882714494688962,7.184727149305992,无,4876
False,both,False,False,4.22013267594746,1.830227513700565,第5天,4877
False,queue,False,True,11.661916139065971,0.9571590785564587,第4天、第5天,4878
False,both,False,False,7.2949049900867,2.8268420162152292,第4天、第5天,4879
False,queue,False,True,10.231297867084702,2.8463582323165006,第4天、第5天,4880
False,both,False,False,16.041495308747002,3.7679901703664607,第4天、第5天,4881
False,both,False,False,8.814156976441907,2.507162666493752,第2天、第5天,4882
False,queue,False,True,1.4043524309594868,4.67851173586932,第5天,4883
False,queue,False,True,5.73893939095227,5.923423327759045,第4天、第5天,4884
False,queue,False,True,2.801488109453021,7.772034692155355,第5天,4885
False,both,False,False,5.901688163423414,5.28080857385281,第2天、第5天,4886
False,both,False,False,10.78856343076882,3.208339014406672,第4天、第5天,4887
False,both,False,False,5.513772353386207,6.746130519195168,第3天、第5天,4888
False,both,False,False,8.745173938333616,3.3665193302021965,第2天,4889
False,both,False,False,1.395966117481255,7.639394472986834,第5天,4890
False,both,False,False,8.992642559179753,2.679908998160629,第4天、第5天,4891
False,both,False,False,7.909522192385188,2.8384751258234298,第2天、第5天,4892
False,queue,False,True,3.955607806011571,7.753270408656059,第3天、第5天,4893
True,none,True,True,3.8847977305811527,0.3242027466199955,无,4894
False,both,False,False,13.5620515325307,7.2367199831683955,第1天、第2天、第5天,4895
False,both,False,False,13.424245925232409,3.525743710814652,第2天、第4天,4896
False,both,False,False,8.396559766696127,4.098563572309271,第5天,4897
True,none,True,True,4.960567530638201,4.671315793936574,无,4898
False,queue,False,True,7.2280600921280165,0.19866190384598592,第5天,4899
True,none,True,True,3.9703039703555385,1.090242357395282,无,4900
False,both,False,False,13.455577839147697,4.594189039925604,第1天、第2天、第5天,4901
True,none,True,True,6.6021442820811735,2.3271500022403346,无,4902
False,both,False,False,9.840227896254252,5.160714874045487,第3天、第5天,4903
False,both,False,False,8.475513331399172,1.4985252686804693,第5天,4904
False,queue,False,True,5.8086672708736256,1.3320710816146872,第5天,4905
True,none,True,True,0.0,1.6573594732833647,无,4906
False,both,False,False,11.007273092846495,4.428176920951689,第1天、第3天、第5天,4907
False,queue,False,True,8.197306599574986,2.5548489198129003,第3天、第5天,4908
False,queue,False,True,5.541922961699617,5.72635337528037,第3天,4909
False,queue,False,True,0.7399792191617842,6.605106315378787,第5天,4910
False,both,False,False,13.493799529707927,1.7926180522145527,第1天、第5天,4911
False,queue,False,True,2.8096112535627475,5.801492457407033,第4天,4912
False,both,False,False,8.325168203584397,6.951516360682733,第3天、第5天,4913
True,none,True,True,2.9877218324346284,2.933693362014304,无,4914
False,both,False,False,8.714961204468295,2.4504799187582043,第5天,4915
False,queue,False,True,1.6681682864928868,2.208942435841861,第5天,4916
False,queue,False,True,4.551807660014973,4.321522910304742,第2天,4917
False,both,False,False,11.360072644294059,3.581020494102118,第2天、第5天,4918
False,both,False,False,7.858882726537141,7.049614322794968,第1天、第4天、第5天,4919
False,queue,False,True,3.450877818173322,4.389184116903047,第5天,4920
False,traffic,True,False,10.420251303485996,2.7532530103122475,第4天,4921
False,both,False,False,4.653723006870457,0.6914368154096349,第2天,4922
False,queue,False,True,9.710408092547363,2.6504063403667244,第3天、第5天,4923
False,queue,False,True,5.470886857048678,6.369780256426576,第5天,4924
False,both,False,False,11.111458340096192,3.2010913064578,第2天、第5天,4925
False,both,False,False,6.366310507299555,4.115028407169628,第3天、第5天,4926
True,none,True,True,4.066518782466042,2.092144542297462,无,4927
True,none,True,True,1.2528553528577342,5.162939724300644,无,4928
True,none,True,True,3.2683862026501864,2.3280753780952503,无,4929
False,queue,False,True,6.9840679296269395,2.415728360860908,第5天,4930
False,queue,False,True,6.012567107689772,1.1392414747446131,第4天,4931
False,queue,False,True,3.8929031468884183,4.784850380270249,第5天,4932
False,both,False,False,14.944329451022014,3.8655458890264365,第2天、第3天、第4天、第5天,4933
False,both,False,False,6.02864541280506,1.8841704992622181,第5天,4934
False,both,False,False,15.666745887871881,0.9518517222214912,第2天、第3天、第5天,4935
False,queue,False,True,10.12918460391199,2.353148068185001,第4天、第5天,4936
False,queue,False,True,4.915791781120777,4.222387939130683,第5天,4937
False,queue,False,True,1.2430897552749176,6.0569640970641885,第5天,4938
False,queue,False,True,15.906198471152296,0.0,第5天,4939
False,queue,False,True,4.166810452196842,3.4573183697085104,第5天,4940
False,queue,False,True,5.239681510870557,0.0,第4天,4941
False,both,False,False,14.186529440996033,3.580799186574462,第2天、第3天、第5天,4942
False,queue,False,True,3.8460258020133002,3.6060648198970124,第5天,4943
False,queue,False,True,4.318660283582218,3.7279117395268098,第5天,4944
False,both,False,False,6.622499061334883,3.0714721521942794,第5天,4945
False,both,False,False,5.585137212460415,2.610406742140201,第2天、第5天,4946
False,queue,False,True,7.283241804476383,2.3225727301374786,第4天,4947
False,both,False,False,5.95452139744982,1.5600634964945268,第2天、第5天,4948
False,both,False,False,9.69394442623566,5.739950988356243,第4天、第5天,4949
False,both,False,False,10.776173104637284,3.4178652246775636,第5天,4950
False,queue,False,True,8.222470101170874,1.7241384252117093,第3天、第5天,4951
False,queue,False,True,7.04421342602127,3.4466501978007917,第5天,4952
False,traffic,True,False,5.070402504659945,5.94457610561457,第5天,4953
False,queue,False,True,4.161813058968653,2.12522986092557,第5天,4954
False,queue,False,True,7.8147951686815755,5.990520556977353,第2天,4955
False,both,False,False,11.990118379992927,1.3356229221010016,第1天、第5天,4956
False,queue,False,True,3.2541851429386783,2.796873284835348,第5天,4957
False,queue,False,True,8.302649541650197,3.57850774513099,第4天,4958
False,queue,False,True,3.5476466175822,4.631124623611289,第5天,4959
False,both,False,False,7.808489846496077,2.727204866031764,第5天,4960
True,none,True,True,11.583078390577196,3.0883799711506907,无,4961
False,queue,False,True,8.605192910788691,6.733676139356904,第5天,4962
False,both,False,False,7.161902874859608,6.97230789760167,第2天、第5天,4963
False,queue,False,True,10.911447671142012,3.404307622683742,第5天,4964
True,none,True,True,3.3915584215967804,1.581073127204215,无,4965
False,both,False,False,5.684141595807249,6.718857433228266,第2天、第5天,4966
False,queue,False,True,12.592322068854568,0.0,第3天、第4天、第5天,4967
False,both,False,False,13.179979990606125,2.8243110160513245,第2天、第5天,4968
False,queue,False,True,7.9425460654902516,5.911845530210478,第5天,4969
False,both,False,False,4.057018246980883,4.542204922952015,第3天、第5天,4970
False,both,False,False,12.708728877645484,6.445718084652372,第2天、第4天、第5天,4971
False,traffic,True,False,5.791101846665618,0.7861890177369306,第3天,4972
False,both,False,False,10.658390017033351,3.662958607090265,第2天、第5天,4973
False,queue,False,True,3.4205537949564193,4.216859923416665,第5天,4974
False,both,False,False,11.971816229738348,3.349841908570259,第1天、第2天、第4天,4975
False,queue,False,True,3.424728832623626,1.5486253641979624,第5天,4976
False,both,False,False,12.630755544888999,9.855589780225559,第2天、第3天、第5天,4977
True,none,True,True,8.471748819656172,2.0823546424661803,无,4978
True,none,True,True,0.0,4.299102063995751,无,4979
False,traffic,True,False,8.200045976616108,2.8173858958754705,第3天,4980
False,both,False,False,9.195096824757314,5.177054186489994,第1天、第2天、第5天,4981
False,queue,False,True,8.822270582940163,1.6729177764088137,第5天,4982
True,none,True,True,2.4058556079240474,3.1843533826988235,无,4983
True,none,True,True,5.402829596011797,1.713999826623343,无,4984
False,queue,False,True,5.896991625585175,0.21739593962497317,第5天,4985
False,both,False,False,5.205607737150672,4.810490157592287,第3天、第5天,4986
False,both,False,False,6.290206515876017,4.993512543565098,第2天、第5天,4987
True,none,True,True,3.2221088427249343,0.7622313336971096,无,4988
False,both,False,False,8.281845323132845,3.4039174414661435,第2天、第3天、第5天,4989
False,both,False,False,12.22349920267242,2.7824592736925196,第1天、第5天,4990
False,both,False,False,9.001559559864589,6.756384977767826,第2天,4991
False,both,False,False,10.938891138671194,1.785128329299024,第5天,4992
False,both,False,False,14.489121936936172,7.6011625281104465,第2天、第3天、第4天、第5天,4993
False,queue,False,True,2.154841551892224,7.294445448003318,第5天,4994
False,queue,False,True,1.0637448169502988,4.378933878084579,第5天,4995
False,both,False,False,12.302176432687398,1.5934693442561296,第5天,4996
False,queue,False,True,4.117539751515921,5.632591939226925,第5天,4997
False,both,False,False,9.49368210348173,1.801139235250516,第2天,4998
True,none,True,True,4.266398207746389,0.702155142304182,无,4999
False,both,False,False,8.43886906540812,5.768753154698656,第2天、第5天,5000
False,queue,False,True,4.406919973598549,2.0022813244418143,第5天,5001
False,both,False,False,10.660247383571427,4.824206102067904,第3天、第5天,5002
False,queue,False,True,1.2330922527679338,4.344592674251577,第5天,5003
False,both,False,False,7.703065027088433,9.088578113576654,第1天、第3天、第5天,5004
False,both,False,False,9.216970158935698,0.892229231220388,第2天、第5天,5005
False,queue,False,True,3.7131998874837397,1.8253106717332397,第5天,5006
False,both,False,False,7.005079053915064,4.254568399514508,第2天、第5天,5007
False,queue,False,True,5.71590387387902,1.4804109505749279,第5天,5008
False,both,False,False,6.298468556951883,4.087679388081138,第5天,5009
False,traffic,True,False,7.27951221467219,0.8793267515192758,第4天,5010
False,queue,False,True,7.06673983012761,3.915614415647077,第5天,5011
False,queue,False,True,6.258436800386445,4.8392529166922,第5天,5012
False,queue,False,True,4.233581146256634,4.281791443316644,第5天,5013
False,queue,False,True,4.792570886233049,5.691120095105606,第4天、第5天,5014
False,queue,False,True,8.22857143315965,1.5514040132118097,第2天、第5天,5015
False,queue,False,True,7.92089158145971,2.2739034495994295,第5天,5016
False,both,False,False,12.703786603727806,2.884327091226514,第2天、第5天,5017
False,both,False,False,12.98148053114193,2.644609401682691,第1天、第3天、第4天,5018
False,both,False,False,5.395763878204392,7.316590724854914,第2天、第3天,5019
False,queue,False,True,4.397505523338394,3.8961227871506043,第4天,5020
False,both,False,False,7.325092253038857,7.536057677281206,第2天、第4天、第5天,5021
False,both,False,False,5.39347841031492,5.540267572230567,第3天、第5天,5022
False,queue,False,True,3.8720427171469844,2.49207348569836,第3天,5023
False,both,False,False,4.831021403580681,10.221340445811567,第4天、第5天,5024
True,none,True,True,7.616093570643783,0.0,无,5025
False,queue,False,True,2.9019999895115536,7.040398537788823,第3天、第5天,5026
False,both,False,False,9.036130614614596,5.501165785359067,第5天,5027
False,queue,False,True,4.500385088273543,1.808866987273049,第5天,5028
False,both,False,False,12.351038037085143,4.220219339973493,第2天、第3天、第5天,5029
False,queue,False,True,2.7858616381939934,2.439480202801969,第5天,5030
False,queue,False,True,3.8416813458832157,3.2940882034380206,第5天,5031
False,queue,False,True,2.0615718315567895,4.716386144668368,第5天,5032
False,queue,False,True,7.495677396629816,2.358251214494457,第5天,5033
False,queue,False,True,15.22911459714119,0.9819019009235991,第4天、第5天,5034
False,queue,False,True,6.110709596094268,3.974717152454572,第4天,5035
False,both,False,False,13.410157625702674,3.1063259245379955,第2天、第5天,5036
False,queue,False,True,3.8526860624680257,7.453912315542398,第5天,5037
False,queue,False,True,4.836617990437806,4.539517240413824,第5天,5038
False,both,False,False,11.828265915919584,0.7242734673242428,第4天、第5天,5039
False,traffic,True,False,8.822991859038073,3.384291860168481,第3天,5040
False,both,False,False,8.422806003131635,3.207119447899423,第5天,5041
False,queue,False,True,5.964231065925972,0.7516977144379312,第4天,5042
False,both,False,False,13.385680957783357,3.0465594653360037,第2天、第3天、第4天、第5天,5043
False,both,False,False,9.013785089773346,1.307469839463322,第2天、第5天,5044
False,both,False,False,16.659316483117763,5.907542845251327,第2天、第5天,5045
False,queue,False,True,9.37278739561263,0.6226374569429536,第5天,5046
False,both,False,False,6.794747822453672,5.479003012976646,第2天、第5天,5047
False,both,False,False,10.601125271359159,2.9087409098628774,第5天,5048
False,queue,False,True,5.311074676313292,1.267907981329122,第5天,5049
False,both,False,False,9.661514785328885,1.1088202190446945,第2天、第3天,5050
False,both,False,False,8.328962642641411,7.268105571943085,第2天、第4天、第5天,5051
False,both,False,False,16.816002758384606,0.6059630296715164,第4天、第5天,5052
True,none,True,True,4.991512525867373,0.723702010941533,无,5053
False,queue,False,True,6.151988329942492,2.6711892626537974,第5天,5054
False,traffic,True,False,8.00041378654365,4.332789761831499,第5天,5055
False,queue,False,True,3.872994550586597,9.251175540177961,第4天、第5天,5056
False,both,False,False,10.988708170386401,2.9676754591337797,第3天、第5天,5057
True,none,True,True,7.637115903763242,2.2112624088290342,无,5058
False,queue,False,True,5.738309582165795,0.6804118158455753,第5天,5059
False,both,False,False,10.367356933378442,6.19730156109763,第2天、第4天,5060
False,both,False,False,6.0328826913830635,4.700790320216469,第3天、第5天,5061
False,both,False,False,6.221284540787941,4.961665452545761,第5天,5062
True,none,True,True,10.13817959504633,2.898925137478169,无,5063
False,both,False,False,8.985519211955475,6.5713231284081886,第2天、第5天,5064
False,queue,False,True,1.0603487423584435,2.7889133712073297,第5天,5065
False,both,False,False,7.559965313557061,3.172439514976853,第1天、第5天,5066
False,both,False,False,10.824720507330657,2.039205347076447,第3天、第5天,5067
True,none,True,True,4.723324720734418,3.5489305449017468,无,5068
True,none,True,True,6.735232718301736,2.223053809642671,无,5069
False,queue,False,True,6.233669085075546,2.490839948940677,第4天,5070
False,queue,False,True,1.7970925854992028,0.0,第5天,5071
False,both,False,False,6.233373609205383,5.424437659136765,第4天、第5天,5072
False,both,False,False,12.565535693110425,4.106451148172284,第3天、第5天,5073
False,queue,False,True,3.7344283252359185,2.5620097580456385,第5天,5074
False,both,False,False,9.066085732118168,0.04667814572757256,第5天,5075
False,both,False,False,12.71891297785968,7.501962310007987,第1天、第4天、第5天,5076
False,queue,False,True,0.6339995334992681,7.497575816278328,第5天,5077
False,queue,False,True,3.9070411851089912,3.7066346422754433,第5天,5078
False,both,False,False,5.468939541154754,6.550469585978916,第5天,5079
True,none,True,True,1.5232282353260165,3.3021947169095824,无,5080
False,both,False,False,14.771370818262513,0.0,第2天、第4天,5081
True,none,True,True,4.218715766136162,5.5879325984545405,无,5082
False,queue,False,True,8.059672097134955,7.731216603870325,第3天、第5天,5083
False,both,False,False,21.739344714822806,3.4796194393090305,第3天、第4天、第5天,5084
False,both,False,False,6.061812079656129,4.799816773868799,第5天,5085
False,both,False,False,7.215811402061201,4.014154101216865,第5天,5086
False,both,False,False,11.868911358978458,4.229663288772404,第1天、第3天、第4天,5087
False,both,False,False,10.495470995832456,0.42701800088415653,第5天,5088
False,both,False,False,17.768969245205522,2.6102084754379375,第1天、第2天、第5天,5089
False,both,False,False,11.339465817216377,2.8557930027833263,第2天,5090
False,both,False,False,12.687159635746136,2.2922490365903814,第2天、第3天,5091
False,queue,False,True,4.2218950736057215,0.0,第5天,5092
False,queue,False,True,3.0017710927113948,7.715093637934212,第5天,5093
False,both,False,False,6.316592876511445,2.4423802540476194,第3天、第5天,5094
False,both,False,False,14.781832066472024,3.2601523181934002,第2天、第5天,5095
True,none,True,True,5.752324484044399,3.068667446907762,无,5096
False,traffic,True,False,3.93502623362832,5.386387492460404,第2天,5097
False,queue,False,True,4.688879533488519,4.8375114297902275,第4天、第5天,5098
False,queue,False,True,3.0488626693571264,6.372068313330608,第5天,5099
False,both,False,False,11.065237885762421,2.31229425561925,第5天,5100
False,both,False,False,10.167470445447501,2.9450437663528843,第3天、第5天,5101
True,none,True,True,1.3331379582965972,4.796566875954264,无,5102
False,both,False,False,17.479936139644106,5.7538225221546355,第3天、第4天、第5天,5103
False,both,False,False,6.8321982997421085,7.729154027962715,第3天、第5天,5104
False,both,False,False,8.745636742714533,4.631947634286672,第1天、第5天,5105
False,both,False,False,13.149307187387453,3.563645162190054,第2天、第5天,5106
False,queue,False,True,4.616059251557085,1.387777095617968,第5天,5107
False,queue,False,True,6.763306876232679,2.727116113777121,第5天,5108
False,queue,False,True,2.1014432561258904,2.454161794249467,第5天,5109
False,both,False,False,3.8398763697675506,1.1155879861905669,第2天、第5天,5110
True,none,True,True,4.047601007678727,0.7457410353108191,无,5111
False,queue,False,True,6.757183550649096,0.6912367437653278,第5天,5112
False,queue,False,True,11.802823537546134,0.9392945502280471,第4天、第5天,5113
False,both,False,False,8.500502130452741,6.359277328100102,第1天,5114
False,queue,False,True,2.5419814568000163,9.86109667578736,第5天,5115
False,queue,False,True,3.0320050526248727,3.976605621621385,第2天、第5天,5116
False,both,False,False,15.438436622218404,2.468779424184997,第2天、第4天,5117
False,queue,False,True,6.3367571667382405,0.7715389808620585,第4天、第5天,5118
False,queue,False,True,3.8832788651209187,3.5715783188294443,第5天,5119
False,both,False,False,7.9965032182397175,5.758454111462205,第3天、第4天、第5天,5120
False,both,False,False,5.071963345621962,5.210555636656802,第5天,5121
False,queue,False,True,4.893990293291228,4.203768444133532,第5天,5122
False,both,False,False,5.115628563612697,3.1090783985590074,第2天,5123
False,queue,False,True,6.226506685928682,5.1141060346019875,第5天,5124
False,both,False,False,13.46082028275012,1.196329315842664,第5天,5125
False,both,False,False,7.453219577003215,3.603582639290856,第5天,5126
False,traffic,True,False,10.27089811775594,0.6360575592978858,第1天,5127
False,traffic,True,False,12.151994024333266,3.382599996477497,第1天、第2天,5128
False,both,False,False,7.902004435586064,2.9802378164309262,第5天,5129
False,traffic,True,False,2.911563370166861,4.669178200984027,第1天,5130
True,none,True,True,7.278880534654876,5.284472402565011,无,5131
False,both,False,False,7.223930990393878,6.689589878006593,第5天,5132
False,queue,False,True,2.5600457353447608,5.990508021665646,第5天,5133
True,none,True,True,6.613188295893655,5.256088125681676,无,5134
False,both,False,False,3.3869193893169345,3.8182449962633607,第2天,5135
False,queue,False,True,1.187637188542143,2.970506507437436,第5天,5136
False,both,False,False,7.09802322135052,4.632018854465061,第3天、第5天,5137
False,both,False,False,17.650476037615555,4.396260242832603,第2天、第3天、第5天,5138
False,both,False,False,15.618017498659116,0.9472779397957726,第1天、第2天、第5天,5139
False,queue,False,True,3.251060460780993,5.178796520074259,第5天,5140
True,none,True,True,1.9403940162121516,0.4363886166459795,无,5141
False,both,False,False,15.496203693368486,3.377470796996166,第4天、第5天,5142
False,queue,False,True,6.61390903478417,2.4008779785590466,第5天,5143
False,queue,False,True,8.393096062510761,1.3575221834858182,第5天,5144
True,none,True,True,6.49132529670065,3.139695231689757,无,5145
False,both,False,False,7.598910347106618,2.0182408947041197,第5天,5146
False,both,False,False,5.9990197831698095,4.90460322507646,第2天、第5天,5147
False,queue,False,True,6.3729920411721,3.9019714832891035,第5天,5148
False,traffic,True,False,4.98346232862113,4.630038789531782,第5天,5149
False,both,False,False,5.857913418122292,4.794172814616582,第3天、第5天,5150
False,both,False,False,15.480572664976842,0.0,第2天、第5天,5151
False,queue,False,True,0.46097497715874164,2.7752066404176645,第5天,5152
False,both,False,False,8.243032101025896,5.914863228447704,第3天、第5天,5153
False,both,False,False,11.776780530399764,5.511774438878168,第2天、第4天,5154
False,queue,False,True,3.300443116366095,2.971847682684065,第4天、第5天,5155
True,none,True,True,4.586254250384881,4.241838947580285,无,5156
False,both,False,False,11.271044223952057,1.904589509255156,第3天、第5天,5157
False,queue,False,True,3.118257411199623,5.992013748128697,第5天,5158
False,both,False,False,10.629895751889627,1.4508080930343552,第2天、第5天,5159
False,queue,False,True,8.106963047915293,2.654020876892002,第5天,5160
False,both,False,False,6.144076160561064,5.091571323676966,第2天,5161
False,queue,False,True,1.0332521703538604,4.552831301052968,第5天,5162
True,none,True,True,5.232408154597823,0.24634720252554332,无,5163
False,both,False,False,3.4317844096524217,5.610920750189953,第5天,5164
False,both,False,False,11.06443571146371,3.4015482230284735,第3天、第5天,5165
False,both,False,False,10.351567922744824,2.726826098444515,第4天、第5天,5166
False,queue,False,True,2.976875807061856,0.6331351496814737,第5天,5167
False,both,False,False,7.181074518840041,1.555045839347943,第5天,5168
False,queue,False,True,4.100998490704248,6.415404103628197,第5天,5169
True,none,True,True,4.9850189483979275,2.0314775754737644,无,5170
False,queue,False,True,7.197648230506739,6.041113172524323,第3天、第5天,5171
True,none,True,True,8.12569745500557,3.9252038987925317,无,5172
True,none,True,True,5.547173328483634,0.9807420436456692,无,5173
False,both,False,False,13.038842534130687,4.624543631647603,第1天、第2天,5174
False,queue,False,True,3.9323602216227065,0.9685702013601726,第5天,5175
False,both,False,False,4.928615256910424,5.10455741762777,第1天、第5天,5176
False,both,False,False,7.468538989291686,5.700190896861663,第1天、第5天,5177
False,both,False,False,7.153892562912087,5.2936595280024425,第2天、第5天,5178
False,both,False,False,13.26240010381242,0.7109642667952978,第5天,5179
False,queue,False,True,3.7840304670390164,3.269912198553852,第5天,5180
False,both,False,False,11.918966234083346,1.9495862336623473,第3天、第5天,5181
False,both,False,False,6.748851496666427,5.753046412775705,第2天、第5天,5182
False,both,False,False,9.007918796598243,3.9817336277434388,第2天,5183
False,both,False,False,11.91380990752925,3.633704741314963,第1天、第2天、第5天,5184
False,queue,False,True,10.461965079845875,0.11247688388831745,第4天、第5天,5185
False,both,False,False,8.561063226603407,1.9800014923361355,第1天、第5天,5186
True,none,True,True,3.706235984233833,2.2813824012578108,无,5187
False,both,False,False,9.57040096544039,2.0344900973938196,第4天、第5天,5188
False,queue,False,True,5.350903651732918,2.6909836826345557,第4天,5189
False,both,False,False,11.388109147817064,3.796671124632184,第2天、第4天、第5天,5190
False,queue,False,True,6.965722420584435,4.63296075705788,第3天,5191
False,queue,False,True,8.12147363642437,5.058246310168222,第2天、第5天,5192
False,queue,False,True,0.9326069911237328,4.236286429822663,第5天,5193
True,none,True,True,2.7328768934458423,4.45312117197717,无,5194
False,both,False,False,10.732247951848343,0.0,第5天,5195
False,queue,False,True,3.6980203268279106,5.0189493498101,第3天,5196
False,queue,False,True,9.315886482421789,0.8929295007917148,第2天、第5天,5197
False,both,False,False,11.39775103198165,0.8134900721932832,第5天,5198
True,none,True,True,4.47027483337158,0.0,无,5199
False,traffic,True,False,4.457961997318986,1.8529252956496443,第1天,5200
False,queue,False,True,9.152132496970376,3.434589193632682,第4天、第5天,5201
False,queue,False,True,5.519532360829781,3.6121173469156345,第5天,5202
False,both,False,False,3.9934747957168946,4.612428634562592,第2天,5203
True,none,True,True,5.282173276521606,2.6141165654542164,无,5204
False,queue,False,True,2.1140667930236963,5.258352459193623,第5天,5205
False,queue,False,True,2.8698826102264103,7.443866630763303,第2天、第5天,5206
False,queue,False,True,6.343923056153255,8.095063340320365,第5天,5207
True,none,True,True,11.792910285696578,0.7624864597628115,无,5208
False,queue,False,True,8.722371783144967,0.5798151897422652,第4天,5209
False,queue,False,True,2.6500983571964056,7.363108369519232,第2天、第5天,5210
False,queue,False,True,0.0,3.5918526367358288,第5天,5211
False,queue,False,True,2.5387217113439213,6.488105606605701,第5天,5212
False,queue,False,True,8.219487589599375,3.144724446264294,第5天,5213
True,none,True,True,2.2701560465559325,1.473546928470273,无,5214
False,queue,False,True,9.872828644485466,0.6178753827601249,第5天,5215
False,both,False,False,6.189233264570559,3.7723303198427045,第2天、第5天,5216
False,both,False,False,7.093512508219746,4.848558592832949,第2天、第3天、第5天,5217
False,queue,False,True,4.575488081173203,3.480012104109578,第5天,5218
True,none,True,True,9.466791237557711,1.959397188001659,无,5219
False,queue,False,True,8.379998015070143,2.9702929864036482,第3天,5220
False,queue,False,True,10.529144328778035,1.3800217923691014,第5天,5221
False,both,False,False,11.139494666304184,2.10337837458019,第2天、第5天,5222
False,queue,False,True,5.10522538589073,3.7213993100784917,第5天,5223
False,queue,False,True,0.7661068266352223,6.111778267560153,第5天,5224
True,none,True,True,8.47202159616323,0.6321072995775321,无,5225
False,both,False,False,8.031973205038328,0.6857062392724276,第4天,5226
False,queue,False,True,6.45734967264495,6.88038011188487,第5天,5227
False,both,False,False,17.99866729572515,3.7317232119858668,第2天、第3天、第5天,5228
True,none,True,True,7.361906151795614,1.1420194876033705,无,5229
False,queue,False,True,1.472124909180347,4.184545219984099,第5天,5230
False,queue,False,True,2.6727293046016687,6.9074896278150435,第5天,5231
True,none,True,True,4.214796061740255,0.7968192626892113,无,5232
True,none,True,True,1.484565540836238,3.6032480882404396,无,5233
False,both,False,False,8.888394133044043,2.6317319993005954,第2天、第5天,5234
False,queue,False,True,4.77027811862186,4.4875888925793,第4天、第5天,5235
False,both,False,False,5.815244291108777,5.958454611685523,第2天、第5天,5236
False,both,False,False,4.711741408607241,6.719785067481697,第2天、第5天,5237
False,both,False,False,10.377385766556712,2.296511368576276,第2天、第4天,5238
True,none,True,True,5.32805146598767,1.0257951471833133,无,5239
True,none,True,True,6.844116375491288,4.028250192106645,无,5240
False,both,False,False,13.67453990501085,0.8696743910785603,第2天、第5天,5241
False,both,False,False,12.671382624140437,5.215772044821248,第1天、第2天、第5天,5242
True,none,True,True,4.282329067488844,3.089693942788301,无,5243
False,queue,False,True,6.955707072761957,4.241255277605069,第5天,5244
False,queue,False,True,6.944075414903642,5.522350241282041,第4天、第5天,5245
True,none,True,True,4.316419542817739,2.4104002382135956,无,5246
True,none,True,True,6.963608998893406,2.0449237054426197,无,5247
False,queue,False,True,1.9001136974760238,4.83939404016776,第4天,5248
False,both,False,False,8.048160935286093,6.376810085999731,第2天、第3天、第5天,5249
False,both,False,False,8.328772826143798,1.1291910703692927,第5天,5250
False,both,False,False,8.92326321828122,3.903203001191252,第4天、第5天,5251
False,both,False,False,8.105738416727295,6.7980091113912895,第5天,5252
False,queue,False,True,3.9025405704531124,3.621900734200239,第5天,5253
False,both,False,False,11.936069850055183,4.667271621512423,第4天、第5天,5254
False,queue,False,True,5.922651448487479,0.0,第4天、第5天,5255
False,queue,False,True,8.857035281988432,5.298590158692334,第2天、第5天,5256
False,queue,False,True,4.742377645183511,4.855919147385367,第5天,5257
False,both,False,False,6.50982242182153,3.151764222484261,第5天,5258
False,both,False,False,4.264526358494848,6.497899277559021,第1天、第5天,5259
True,none,True,True,5.063449013909426,3.2257533124225315,无,5260
False,queue,False,True,6.0208307580901765,4.528715696923285,第5天,5261
False,both,False,False,4.246446549564148,5.301593148711076,第1天,5262
False,both,False,False,10.537955236216096,3.8428841386265766,第2天、第4天,5263
False,both,False,False,11.026917280025954,9.347616254305168,第2天、第4天、第5天,5264
False,queue,False,True,5.354048677487146,3.498747808481603,第5天,5265
True,none,True,True,0.0,0.8687636744312256,无,5266
False,traffic,True,False,7.637499975762029,2.890371720819333,第3天,5267
False,both,False,False,8.624803853130377,3.1378394912488026,第4天、第5天,5268
False,both,False,False,6.062961555765103,3.570401188501952,第5天,5269
False,both,False,False,10.52107966626092,1.66392968750595,第2天、第4天,5270
False,queue,False,True,8.48816738254839,4.664516509746148,第4天、第5天,5271
False,queue,False,True,7.815094871003447,6.297184564906777,第3天、第5天,5272
False,queue,False,True,3.3763505872169777,1.6195702910812702,第4天,5273
False,both,False,False,5.397258593505343,1.0490084020951094,第2天,5274
False,both,False,False,5.235853457747258,5.365000625931991,第5天,5275
True,none,True,True,9.46411514430803,0.4964741924185624,无,5276
False,both,False,False,9.668735416830364,4.5975792302195835,第2天,5277
False,both,False,False,11.394228877499138,5.203281171494448,第1天、第2天、第5天,5278
False,both,False,False,11.462966176636565,5.084760159154636,第2天、第5天,5279
False,queue,False,True,1.2198501410826905,0.0,第5天,5280
True,none,True,True,11.089306703416572,3.3968179366624685,无,5281
False,both,False,False,9.708499021198314,6.837428853188243,第2天、第5天,5282
False,traffic,True,False,10.419476753845638,2.1898643181007578,第3天、第5天,5283
False,queue,False,True,6.966695557821403,2.3007980015965925,第5天,5284
False,queue,False,True,0.847057786976047,1.8978346382950066,第5天,5285
False,queue,False,True,5.072969157308987,3.406888294522738,第5天,5286
False,both,False,False,5.727719685583403,3.732275668021537,第5天,5287
False,both,False,False,8.038393000912631,4.741504392593114,第5天,5288
True,none,True,True,4.785567421255751,4.104242133443302,无,5289
True,none,True,True,7.039304186391918,2.064417158133417,无,5290
False,queue,False,True,9.888242254741655,3.1626692912203715,第3天、第5天,5291
False,both,False,False,7.176704161559275,4.073205039074549,第4天、第5天,5292
False,queue,False,True,3.8145160654607135,5.914553049735517,第4天,5293
False,queue,False,True,4.037956719708416,6.80201706457377,第5天,5294
False,queue,False,True,1.2931371776149398,6.653110200925839,第5天,5295
True,none,True,True,5.320113618459245,5.539124042720454,无,5296
True,none,True,True,5.689167127364871,3.868880332325812,无,5297
False,both,False,False,7.7875595314531845,7.103883128639659,第2天、第4天、第5天,5298
False,queue,False,True,1.001885489411551,6.711459097706913,第5天,5299
False,both,False,False,5.1866485322459415,4.482867827571195,第2天、第5天,5300
False,both,False,False,9.377731291969376,1.8544203352177457,第5天,5301
False,queue,False,True,6.240974390718554,5.158999196875966,第4天、第5天,5302
False,queue,False,True,6.026586776519897,3.255994358207447,第5天,5303
False,both,False,False,2.847477365067289,7.904406668363623,第5天,5304
False,queue,False,True,4.57607075212289,3.828451636884995,第5天,5305
False,queue,False,True,4.487297849304841,6.586091367765905,第5天,5306
False,queue,False,True,4.371438962125333,4.700609905178382,第2天、第5天,5307
False,both,False,False,10.973577713704724,2.996742834939334,第2天、第5天,5308
False,both,False,False,7.743994025812322,2.0712309064630263,第3天、第5天,5309
False,both,False,False,14.338861426642053,4.373116916189833,第4天、第5天,5310
True,none,True,True,3.889855144445138,0.8358783216326742,无,5311
False,queue,False,True,0.9330010238942104,7.093419389601383,第5天,5312
True,none,True,True,5.3816062351828595,3.1120411837949638,无,5313
False,queue,False,True,7.978701671931992,2.650247829230824,第5天,5314
False,both,False,False,8.84402383243377,2.2353867929834443,第2天,5315
False,queue,False,True,3.957081076949459,2.434364568450209,第5天,5316
False,both,False,False,13.32925131190762,3.701332344697338,第4天、第5天,5317
False,both,False,False,13.478228707910098,6.6445180540428375,第2天、第5天,5318
False,both,False,False,6.8331162346469165,5.925466365696696,第5天,5319
False,both,False,False,7.061850323605441,0.880831323642865,第5天,5320
False,queue,False,True,2.6721571032041167,1.3554214604154138,第5天,5321
False,queue,False,True,3.111609139045467,3.4989648192305154,第5天,5322
False,both,False,False,4.475436342081512,5.04839911462769,第2天,5323
False,queue,False,True,2.713310309962546,7.324512472977652,第2天、第5天,5324
False,both,False,False,16.73011092799665,5.693415564693385,第2天、第3天、第5天,5325
True,none,True,True,5.5346435763721225,3.012746237750527,无,5326
False,both,False,False,14.049766060334024,6.407638933154531,第2天、第4天,5327
False,queue,False,True,2.9761909954786185,3.562561977859457,第5天,5328
False,both,False,False,12.859771408594634,1.2301126891750642,第2天、第4天,5329
False,both,False,False,6.956689115982915,3.5337239587454863,第2天、第5天,5330
False,traffic,True,False,8.727882881414176,1.4772283887441486,第1天,5331
False,queue,False,True,4.555306841285207,2.9249967283128235,第5天,5332
False,both,False,False,7.421583928050992,1.960744370088908,第2天、第5天,5333
True,none,True,True,7.605169185048182,3.6174329657942277,无,5334
False,both,False,False,11.87617135302971,5.961606071119925,第3天、第4天、第5天,5335
False,both,False,False,14.932226818479899,2.6222309961095647,第4天、第5天,5336
False,both,False,False,17.45613844866697,4.646370739020016,第1天、第2天、第4天、第5天,5337
False,queue,False,True,6.157434274889786,0.13393592545895683,第2天,5338
False,queue,False,True,0.4010913872264421,6.340492008942254,第5天,5339
False,both,False,False,11.110446020591608,1.5244244404954284,第4天、第5天,5340
True,none,True,True,7.53394863209491,0.41571580105075046,无,5341
False,queue,False,True,4.836736194777283,0.0,第5天,5342
False,traffic,True,False,7.160468934944079,5.6569982103979575,第3天,5343
True,none,True,True,0.0,6.699441075897077,无,5344
False,both,False,False,19.523326581554286,2.2457648115523896,第2天、第3天、第4天、第5天,5345
True,none,True,True,5.220521893914683,0.9234226496815444,无,5346
False,both,False,False,4.3258053941000885,2.800317621061487,第3天、第5天,5347
False,queue,False,True,9.406878130849,0.0,第5天,5348
True,none,True,True,1.5281278797155933,2.6469062210890137,无,5349
False,both,False,False,15.79605668214303,3.3927542985045918,第2天、第4天、第5天,5350
False,queue,False,True,5.496096909390035,1.3815293063022014,第5天,5351
False,both,False,False,7.580279376805727,5.969598322659001,第3天、第5天,5352
False,both,False,False,6.232421835616487,2.060291284903993,第5天,5353
False,traffic,True,False,6.879689343200678,0.28041941082275734,第5天,5354
False,both,False,False,9.958528630013914,5.58789416364547,第1天、第3天、第5天,5355
False,both,False,False,7.683232391156078,8.128140114040217,第3天、第5天,5356
True,none,True,True,0.8677590576282231,2.7917776089839856,无,5357
False,traffic,True,False,2.8104555795913084,8.256477987009173,第3天,5358
False,traffic,True,False,6.7842486929534145,4.966074286471267,第4天,5359
True,none,True,True,5.749270547179902,3.421026134096442,无,5360
False,queue,False,True,6.896296119618659,3.5928193268743227,第5天,5361
False,both,False,False,12.98816065769593,1.1451994020837248,第2天、第5天,5362
False,queue,False,True,5.950216852414672,1.3950574797410398,第3天,5363
False,both,False,False,5.518208964631439,2.924385148515641,第2天,5364
False,queue,False,True,3.6270657041395977,5.008836195080031,第3天,5365
False,both,False,False,11.153928946917295,3.6485874413556756,第2天、第5天,5366
False,both,False,False,8.474281074512596,4.997014606278576,第5天,5367
False,both,False,False,6.405700843930387,4.165060480929355,第3天、第5天,5368
False,traffic,True,False,12.278039334961061,0.6608483617212634,第3天,5369
False,queue,False,True,5.270471188158792,3.2189059804537328,第5天,5370
False,both,False,False,10.781086846243412,8.199337808112574,第2天、第5天,5371
False,both,False,False,16.51996912995991,1.3743277102297569,第1天、第2天、第3天、第5天,5372
False,queue,False,True,1.6685086048149884,4.02278977346454,第5天,5373
False,queue,False,True,1.3718084564294295,0.8891633046872649,第5天,5374
False,both,False,False,7.07039927198921,5.769861329163856,第5天,5375
False,queue,False,True,1.4839077938511287,3.2319016779501144,第5天,5376
False,queue,False,True,8.929885563034253,3.235739808386821,第3天、第4天、第5天,5377
False,both,False,False,15.055125391501315,0.11664467145341795,第4天、第5天,5378
False,both,False,False,11.889116336599873,2.67310387331907,第2天、第5天,5379
False,queue,False,True,11.297951768436443,1.8825107981599212,第3天、第4天、第5天,5380
False,queue,False,True,5.148839182865192,0.9686448058173764,第3天,5381
False,both,False,False,7.189287218935674,11.710937538542327,第3天、第5天,5382
False,queue,False,True,3.7750016053002873,5.529439268822399,第5天,5383
False,both,False,False,9.859642584892597,1.133708595943465,第2天,5384
False,queue,False,True,2.527169014788184,6.475633199773224,第4天、第5天,5385
False,both,False,False,12.914329603908781,0.0,第2天、第4天,5386
False,both,False,False,8.972999778957327,1.4435968142512934,第4天、第5天,5387
True,none,True,True,5.2044645120251545,1.7929085307983272,无,5388
False,both,False,False,9.87409643777201,0.0,第5天,5389
False,queue,False,True,3.550607742580848,2.9570441353315733,第5天,5390
False,queue,False,True,9.710905284907533,1.5548527321073433,第2天、第5天,5391
False,both,False,False,6.718688734869019,4.298169629486907,第1天、第5天,5392
False,queue,False,True,4.04634628708634,2.9599113146391627,第5天,5393
True,none,True,True,7.854737643149932,0.6827179116139357,无,5394
False,both,False,False,8.029812380462923,5.203280866465365,第2天、第5天,5395
False,both,False,False,7.378513718739828,4.610806782072826,第2天、第5天,5396
False,both,False,False,16.642329226848627,0.8952808119854455,第2天、第4天、第5天,5397
False,both,False,False,4.8632474086068935,8.582538533567948,第1天、第5天,5398
False,both,False,False,15.297259456278994,4.6938996272822475,第1天、第3天、第5天,5399
False,queue,False,True,8.688528322463007,4.443512265546775,第5天,5400
False,both,False,False,7.758901605876401,4.278119492492455,第2天、第3天,5401
False,queue,False,True,6.26664677467126,2.837875827341531,第5天,5402
False,traffic,True,False,5.466809075915446,5.94591233666124,第4天,5403
False,both,False,False,9.867854918361449,4.5104133343150075,第5天,5404
False,queue,False,True,1.8728899281695615,3.311878179605528,第5天,5405
False,both,False,False,9.593905172696351,8.393983822855496,第4天、第5天,5406
False,both,False,False,15.269112187465536,2.2758693403213104,第4天、第5天,5407
True,none,True,True,6.893455312404571,0.7759859665640989,无,5408
False,traffic,True,False,5.134758198815406,6.500228180211546,第1天,5409
False,both,False,False,9.288795721907878,5.176595700120572,第3天、第5天,5410
False,queue,False,True,7.979882824206996,5.009700807466375,第4天、第5天,5411
False,both,False,False,8.943840982322596,8.444911108161573,第1天、第2天、第5天,5412
False,queue,False,True,2.6419941354028325,3.725145554043414,第5天,5413
False,both,False,False,12.185936779193204,6.763673246355591,第2天、第4天、第5天,5414
False,queue,False,True,7.465537796623224,0.23895896136632677,第5天,5415
False,queue,False,True,5.754993289340555,3.073483997861327,第2天,5416
False,queue,False,True,1.2924976966839534,5.439741941364679,第5天,5417
False,both,False,False,8.82105356126943,7.6221588192237935,第1天、第5天,5418
False,queue,False,True,2.4887469532769924,8.152732210080831,第5天,5419
False,both,False,False,6.118324060629664,2.213186715017559,第2天,5420
False,both,False,False,4.706917030893289,3.924559273051942,第5天,5421
True,none,True,True,4.496791394799757,3.72923740101508,无,5422
False,traffic,True,False,12.794419048747022,0.20772307634548437,第2天,5423
True,none,True,True,3.174330299114068,2.140030394301076,无,5424
False,queue,False,True,7.475903823425308,5.763515962351367,第5天,5425
False,queue,False,True,7.509451363396057,5.563093964873272,第3天、第5天,5426
False,both,False,False,10.925401725802615,5.1894809590224735,第4天、第5天,5427
False,traffic,True,False,7.930365605494886,3.881865482188142,第5天,5428
False,queue,False,True,7.204771603236085,7.6805195799669,第3天、第5天,5429
False,queue,False,True,5.138669193821098,5.489922168119648,第5天,5430
False,traffic,True,False,11.101748122745576,0.3555915263382805,第1天,5431
True,none,True,True,5.450710042613994,4.000331268419105,无,5432
False,both,False,False,15.6697848204644,6.346143934106192,第2天、第3天、第5天,5433
False,both,False,False,9.28943031051437,6.195084885195881,第1天、第3天、第5天,5434
False,both,False,False,7.186558798998671,5.04471872852534,第2天、第5天,5435
False,queue,False,True,7.588900893607754,3.230724708124565,第5天,5436
False,queue,False,True,6.226412585973101,3.7782337069721637,第3天,5437
False,both,False,False,5.382452364829598,3.5788463704246984,第2天,5438
False,both,False,False,8.186625199479625,0.7311954423565862,第2天,5439
False,queue,False,True,7.139026893701902,1.513255914661039,第5天,5440
False,queue,False,True,3.850042382426394,3.6784351971507467,第4天、第5天,5441
False,both,False,False,12.74276097403876,5.5528307829301715,第1天、第5天,5442
False,both,False,False,13.167810982817635,3.9794214571377458,第5天,5443
True,none,True,True,0.5074928735950557,0.0,无,5444
False,both,False,False,10.465262804469946,3.2083108422647864,第1天、第5天,5445
False,queue,False,True,8.927087565283864,4.3289084003606,第3天、第5天,5446
False,queue,False,True,7.020004887164837,2.8733787888340876,第5天,5447
False,queue,False,True,8.72106260276536,4.7148877142000405,第5天,5448
False,queue,False,True,12.377443625883352,1.8475306832135108,第5天,5449
False,queue,False,True,11.237021678186665,3.1807060245230687,第5天,5450
False,queue,False,True,5.184818038629016,1.9052842883097012,第5天,5451
False,queue,False,True,5.545522250642817,2.6584267583522134,第2天、第5天,5452
True,none,True,True,0.0,1.952886458577011,无,5453
False,queue,False,True,4.033128383160049,3.7654177628155017,第5天,5454
False,both,False,False,15.707890708777994,3.396138766889042,第3天、第4天、第5天,5455
False,queue,False,True,3.679466053204704,0.578233891345531,第5天,5456
False,both,False,False,3.7684111218270124,3.813506019037712,第5天,5457
False,queue,False,True,7.7150700833981904,2.848031215134538,第3天,5458
False,queue,False,True,3.5633885423909932,3.71714876817011,第5天,5459
False,queue,False,True,5.076026083619315,3.4734676198683068,第5天,5460
False,both,False,False,8.020641157163578,2.4377193871969913,第2天、第4天、第5天,5461
True,none,True,True,4.437335788610456,4.881340660314967,无,5462
True,none,True,True,1.8898289331182268,0.8894639425694376,无,5463
False,both,False,False,6.313848158731535,2.6666910728326396,第2天,5464
False,both,False,False,17.278896824225956,0.0,第1天、第5天,5465
False,traffic,True,False,2.7307532499044713,2.4312714442143175,第3天,5466
False,both,False,False,13.481591344941775,0.1971202411357854,第5天,5467
False,queue,False,True,4.935902011939712,1.5821629091442535,第4天、第5天,5468
False,queue,False,True,6.575571304145672,3.2118360655418465,第5天,5469
False,both,False,False,5.951350258127476,4.444604030299973,第2天、第5天,5470
False,both,False,False,11.899728639452732,6.500934237891515,第1天、第5天,5471
False,both,False,False,5.571484441518933,2.587661803746152,第5天,5472
False,both,False,False,8.213500691055518,2.109250511434019,第5天,5473
False,both,False,False,10.158388089769366,3.984437812560232,第4天、第5天,5474
False,queue,False,True,3.8610373874061903,6.7728334077027865,第2天、第5天,5475
False,both,False,False,21.153206419600803,5.772074694561763,第2天、第3天、第4天、第5天,5476
False,queue,False,True,7.949215023161667,4.957422349923303,第3天,5477
False,queue,False,True,5.917750693457361,5.615912838865348,第3天,5478
False,both,False,False,8.986079332759832,2.6954621425025596,第3天、第4天,5479
False,both,False,False,8.693087790933397,1.2448058193275413,第4天、第5天,5480
False,both,False,False,13.225563825399462,2.1682973215500287,第2天、第5天,5481
False,both,False,False,10.336778408801095,1.9086769391255816,第5天,5482
False,queue,False,True,5.271030556275518,2.687260055891924,第2天、第5天,5483
True,none,True,True,2.7399801600355156,2.9367129010754356,无,5484
False,both,False,False,14.633230361588069,2.5067171705428457,第2天、第4天、第5天,5485
True,none,True,True,7.353328789769934,0.0,无,5486
False,queue,False,True,4.810041990640068,3.80443811228456,第5天,5487
False,queue,False,True,2.90723763994455,3.85999991379686,第5天,5488
False,both,False,False,6.996856250653183,0.917574094222109,第5天,5489
False,queue,False,True,9.755102495250764,0.0,第5天,5490
False,queue,False,True,4.789352989493677,2.0807808335063624,第4天,5491
False,both,False,False,9.213149548714357,3.073101387147577,第3天、第5天,5492
False,both,False,False,7.186124124297418,3.442412393247751,第1天、第5天,5493
False,both,False,False,8.288801001842883,3.737441947360252,第3天、第5天,5494
False,queue,False,True,2.9566449647599637,3.630442058078276,第3天,5495
False,queue,False,True,7.247127472777554,0.8164924781392673,第5天,5496
False,both,False,False,10.668959185710092,8.1954612926742,第4天、第5天,5497
False,queue,False,True,5.840719598919298,2.3488439031162893,第5天,5498
False,both,False,False,6.847882665087536,3.565089578657834,第5天,5499
False,both,False,False,8.095244870657657,9.05474997616146,第2天、第5天,5500
True,none,True,True,8.716269140862801,4.26684308151348,无,5501
False,traffic,True,False,7.991669303374223,3.805241654702099,第2天、第3天,5502
False,both,False,False,11.600152767201424,1.1073549388484785,第1天、第4天、第5天,5503
False,queue,False,True,8.339602192560356,2.2491776078710894,第5天,5504
False,queue,False,True,4.100725477061877,5.073918461271582,第5天,5505
False,traffic,True,False,10.564851210380187,1.1385186850993754,第3天,5506
False,queue,False,True,5.613034320231993,2.8584228468354542,第4天,5507
False,both,False,False,9.827470895322863,5.589593000504732,第5天,5508
False,queue,False,True,4.161023517527664,2.410197549413094,第5天,5509
False,both,False,False,6.487680996814261,3.9093591139635144,第2天,5510
False,queue,False,True,5.371566805916519,6.7603144824863755,第4天、第5天,5511
False,queue,False,True,9.604051464948727,2.5455256775074195,第5天,5512
True,none,True,True,8.362930853166148,2.663308500896718,无,5513
False,queue,False,True,7.540947111119249,2.845742594202053,第5天,5514
True,none,True,True,4.169254190149575,3.5949818494077403,无,5515
False,traffic,True,False,9.62747103157545,0.4218376779525158,第2天,5516
True,none,True,True,3.1881887754940976,0.6830714344159913,无,5517
False,queue,False,True,6.028874179509516,1.8309089024380722,第5天,5518
False,queue,False,True,7.790338854145159,4.07346352004326,第3天、第5天,5519
True,none,True,True,7.085274228482881,0.0,无,5520
False,both,False,False,14.977272776553345,3.6997968348415564,第3天、第4天、第5天,5521
False,queue,False,True,13.726236764684032,0.0,第3天、第5天,5522
False,queue,False,True,5.896446277823195,2.307419740056026,第5天,5523
False,queue,False,True,2.8731060133118658,3.213241601250507,第3天、第5天,5524
False,queue,False,True,3.813510757060147,5.377044431983135,第5天,5525
False,both,False,False,16.032426916486937,2.3519999985010083,第1天、第3天、第5天,5526
False,both,False,False,7.784189506865178,4.30602130734787,第4天,5527
True,none,True,True,0.09730424760870954,2.838040488997062,无,5528
False,both,False,False,12.856772667130478,4.387172934420203,第2天、第3天、第5天,5529
False,both,False,False,8.714313939520363,4.683378104471085,第5天,5530
True,none,True,True,6.32148538451295,2.8387931917373885,无,5531
False,traffic,True,False,7.056465266375294,1.4459569958351772,第1天,5532
False,queue,False,True,4.220693555570357,3.467098558735807,第5天,5533
False,queue,False,True,10.514718361677371,2.545119384105494,第5天,5534
False,queue,False,True,6.977519256902692,5.961470557767209,第5天,5535
False,queue,False,True,4.033066847059547,2.382306508077896,第5天,5536
False,both,False,False,9.835461240767359,0.9012366326124478,第5天,5537
False,queue,False,True,2.3968874736092,5.747455237551571,第5天,5538
False,both,False,False,8.197263477362762,0.0,第3天、第5天,5539
False,both,False,False,17.18578527739165,0.4976844675193469,第4天、第5天,5540
False,both,False,False,12.38893110604571,2.3960951205486376,第5天,5541
False,queue,False,True,2.68136389567983,3.7939350727058283,第5天,5542
False,both,False,False,5.854487033480089,7.049845093732744,第5天,5543
False,queue,False,True,10.52215348152853,0.9386321708203171,第4天、第5天,5544
False,queue,False,True,4.163723496958183,4.99551481816024,第5天,5545
False,both,False,False,8.0045920398899,2.8478847739612165,第5天,5546
False,queue,False,True,7.177012332774977,0.16782514409289995,第5天,5547
False,queue,False,True,5.833180661689215,4.803276912230295,第5天,5548
False,both,False,False,11.327223364736001,1.271525120218439,第2天、第4天,5549
False,both,False,False,8.871097946809666,4.960087603340014,第2天、第5天,5550
False,queue,False,True,3.2059233547420307,3.3973991940277597,第5天,5551
False,queue,False,True,6.21217886251315,6.913743182387016,第3天、第5天,5552
True,none,True,True,6.497331031130598,0.0,无,5553
False,both,False,False,8.048443807832435,2.1119358733615705,第1天、第2天、第5天,5554
True,none,True,True,5.247823631096011,4.232063492878267,无,5555
True,none,True,True,3.38751206626436,1.6810883970520736,无,5556
False,both,False,False,20.339208304415436,1.6806854356247491,第2天、第3天、第4天、第5天,5557
False,queue,False,True,8.402060102325928,3.695626250322693,第5天,5558
False,both,False,False,8.662730030637523,4.978837113532778,第4天、第5天,5559
False,both,False,False,12.15738558485481,2.285760783912629,第1天,5560
False,both,False,False,13.900934034172336,1.8012098760958066,第2天、第3天,5561
False,both,False,False,13.907551710201064,2.8543344779135444,第2天、第5天,5562
False,queue,False,True,7.410041561699965,2.8175722551776823,第2天、第5天,5563
False,both,False,False,11.530712798030311,3.8136284495743267,第2天、第5天,5564
False,queue,False,True,5.80304357000502,3.4647223722896183,第5天,5565
False,queue,False,True,1.4836904214265947,3.3307866638150547,第5天,5566
False,both,False,False,5.597305419865192,2.9949825346419727,第3天、第5天,5567
False,queue,False,True,4.252960367501512,6.4992673198665125,第5天,5568
False,both,False,False,11.056955109085461,0.6580204164492202,第3天,5569
True,none,True,True,2.9919568169034574,1.6889363109089346,无,5570
False,queue,False,True,5.754702645885616,1.9117407107445374,第5天,5571
False,queue,False,True,8.995253297026911,3.7683986896288517,第5天,5572
False,both,False,False,6.54173928803988,2.839755528316125,第2天、第5天,5573
False,both,False,False,14.731753819201607,0.0,第2天、第4天,5574
False,queue,False,True,3.6335850251974975,2.8157677366112672,第5天,5575
False,queue,False,True,3.8479955242882475,1.8371313723722307,第5天,5576
False,queue,False,True,3.5195160137520483,6.832341471283231,第4天,5577
False,queue,False,True,9.707596989409698,5.0857496952382615,第5天,5578
False,both,False,False,10.07586382934742,4.428981359264471,第2天、第5天,5579
True,none,True,True,1.3215760305312063,0.6242636869736082,无,5580
False,traffic,True,False,7.935235118395652,1.072885424985452,第3天,5581
False,both,False,False,11.912200163062414,2.3202446275292883,第4天、第5天,5582
False,queue,False,True,7.511945410894363,4.534225801072527,第5天,5583
False,both,False,False,10.741511648616015,3.3979315754941073,第2天、第5天,5584
False,both,False,False,8.715670280222344,4.396978614954249,第5天,5585
False,queue,False,True,2.3612706121376137,5.1450496701406045,第5天,5586
False,queue,False,True,2.8424104749307704,1.1179766276360041,第5天,5587
False,queue,False,True,5.106411063390198,2.5608646148591947,第4天、第5天,5588
True,none,True,True,8.16418768797388,3.192867836066123,无,5589
True,none,True,True,1.0799252070579204,3.5040205852645547,无,5590
False,both,False,False,9.627298154326155,4.683054626638793,第1天、第4天,5591
False,queue,False,True,2.4269803615080554,4.1708516517027645,第5天,5592
False,both,False,False,8.278260992720195,5.099617020621897,第2天、第5天,5593
False,both,False,False,6.814161596611628,2.8624238385569694,第5天,5594
False,both,False,False,14.944421773721762,5.133173426677688,第1天、第2天、第4天、第5天,5595
False,queue,False,True,3.2462743495837554,5.50667827774369,第5天,5596
False,both,False,False,9.204299821440598,3.03249470901648,第2天、第5天,5597
False,both,False,False,7.0809983115006805,10.095503506006226,第2天、第3天、第5天,5598
False,queue,False,True,7.759722513040591,7.229171562411908,第3天、第5天,5599
False,traffic,True,False,8.740257445541248,2.4295159415010334,第3天,5600
False,both,False,False,13.094812821782746,4.486309994577768,第4天、第5天,5601
False,both,False,False,7.70341202546372,0.28546036887575943,第5天,5602
False,both,False,False,9.100086990597578,3.842758990402139,第1天、第5天,5603
False,both,False,False,12.2019083591322,0.9032516202816114,第1天、第4天、第5天,5604
False,queue,False,True,2.7309363851708506,5.853310242873458,第5天,5605
False,both,False,False,12.274428569071892,2.5897282404042974,第3天、第5天,5606
False,both,False,False,11.391997292172777,4.982084087086762,第1天、第3天、第5天,5607
False,queue,False,True,3.155048672019252,3.8106346006261065,第5天,5608
False,both,False,False,8.416264113468255,0.39973322289951774,第5天,5609
False,both,False,False,12.674206393437089,1.7122440717804068,第2天、第4天,5610
False,queue,False,True,6.929643558908338,4.7055799442694966,第4天、第5天,5611
False,both,False,False,10.960749285055552,1.6994331720534808,第5天,5612
False,queue,False,True,6.466393276996486,4.34007068746196,第5天,5613
False,queue,False,True,0.0,3.5384921825552365,第5天,5614
False,both,False,False,17.504434096602033,5.057269596301516,第1天、第2天、第4天,5615
False,both,False,False,9.616912277428495,5.73883317791479,第4天、第5天,5616
False,queue,False,True,8.352121610615264,4.0738759111086775,第5天,5617
False,both,False,False,11.98325117483226,3.180558771946437,第5天,5618
False,both,False,False,5.744941945880299,2.5686185312650247,第2天、第5天,5619
True,none,True,True,7.190985354166263,2.08136450044369,无,5620
False,queue,False,True,8.179765223208333,2.2881557512737265,第5天,5621
False,queue,False,True,6.8717912986097485,4.300607671175714,第2天、第4天、第5天,5622
False,both,False,False,7.554907448945025,3.8768766712333997,第5天,5623
False,both,False,False,4.2102994612582645,3.8171870915590604,第5天,5624
True,none,True,True,9.001085106716921,3.4198636694933136,无,5625
False,both,False,False,8.649190824103506,3.9424189262803386,第2天、第5天,5626
False,queue,False,True,6.184208333587643,3.6673036146959275,第5天,5627
False,both,False,False,6.684557351069727,5.134034176610059,第5天,5628
False,queue,False,True,0.0,4.3868835544800024,第5天,5629
False,queue,False,True,3.7104483503247483,6.941257442797204,第5天,5630
False,queue,False,True,9.595348928846626,2.7182530918042938,第2天、第5天,5631
False,both,False,False,5.595391105707426,1.8648781604229387,第2天、第5天,5632
True,none,True,True,9.05156949562296,1.095016655784398,无,5633
False,both,False,False,9.505272160679354,2.628465986020672,第2天、第5天,5634
False,both,False,False,15.424470334936924,2.501620448207958,第4天、第5天,5635
False,queue,False,True,8.673301637199707,3.0992947482305286,第3天、第5天,5636
False,both,False,False,6.832655410685209,6.806991112756263,第1天、第5天,5637
False,both,False,False,9.911426667185083,8.66249981233204,第1天、第5天,5638
False,both,False,False,9.827505077323812,6.653556675276187,第2天,5639
True,none,True,True,5.041812998403372,0.6708864304421129,无,5640
False,queue,False,True,6.800904574941532,2.7487103985192793,第3天、第5天,5641
False,both,False,False,17.67184897871066,4.074687147330495,第4天、第5天,5642
False,both,False,False,7.044584189741687,6.131119880862872,第4天、第5天,5643
False,queue,False,True,6.015481621396909,2.095925600407287,第2天,5644
True,none,True,True,4.619375699974362,5.424664405585391,无,5645
True,none,True,True,0.0,2.210007623776428,无,5646
False,both,False,False,11.159506324949716,4.726882709365184,第5天,5647
False,queue,False,True,4.519601627088056,6.104180819908537,第5天,5648
False,queue,False,True,3.2591091962693146,1.6182374065706304,第5天,5649
False,both,False,False,9.390220080013345,2.5449189986383036,第1天、第5天,5650
False,both,False,False,1.314011232261337,7.286204257476404,第5天,5651
False,queue,False,True,4.336905202722885,3.4104909062150295,第5天,5652
False,queue,False,True,1.4111376178508799,6.5364940804392315,第4天,5653
False,both,False,False,17.082852426336846,0.7085059079266595,第2天、第3天,5654
False,queue,False,True,3.544917332567121,1.2312338886959682,第5天,5655
False,both,False,False,13.484488898210088,0.5391672106860227,第2天,5656
False,both,False,False,10.889827817280466,1.3876008975304004,第4天、第5天,5657
False,both,False,False,9.384780120209301,8.344965311770334,第3天、第5天,5658
False,queue,False,True,1.2868238856063443,5.484467283321219,第5天,5659
True,none,True,True,8.898631736903111,2.2894573733998533,无,5660
True,none,True,True,2.2806197886629307,2.2827775868221094,无,5661
False,both,False,False,10.094627632852081,5.753394873060428,第3天、第5天,5662
True,none,True,True,4.080027183915508,3.6674412875162474,无,5663
False,queue,False,True,10.327859652225246,7.001024606103844,第5天,5664
True,none,True,True,0.0,2.74041733243786,无,5665
False,both,False,False,8.978223260393047,4.489489786122405,第5天,5666
False,both,False,False,5.368731779236523,5.918962884047101,第4天、第5天,5667
False,queue,False,True,3.4815733141497778,6.959329831427483,第5天,5668
False,both,False,False,13.765862947532325,7.733749881300434,第3天、第4天、第5天,5669
False,queue,False,True,10.906074130036519,3.320462616225785,第4天、第5天,5670
False,both,False,False,8.019818962313588,9.349429906103119,第1天,5671
True,none,True,True,8.330948583560629,0.0,无,5672
False,both,False,False,8.966180787702136,6.768707366588615,第1天、第5天,5673
False,both,False,False,11.741272088404632,6.859951424122576,第2天、第3天、第5天,5674
False,both,False,False,13.238351460624056,3.2729426046473886,第4天、第5天,5675
True,none,True,True,8.921793736553898,1.7182843444430327,无,5676
False,both,False,False,14.808298963842919,7.407572804184045,第2天、第3天、第4天、第5天,5677
False,queue,False,True,6.864320964387661,5.559924218723136,第5天,5678
False,both,False,False,9.002726239157747,3.6938803282405424,第5天,5679
False,both,False,False,5.043759439973399,5.13349964089593,第1天、第5天,5680
False,both,False,False,10.1939130801665,5.600698683085279,第2天、第4天、第5天,5681
False,queue,False,True,6.854808964160406,1.1604984215145113,第3天、第5天,5682
False,both,False,False,15.117449628659829,3.3694107027254403,第3天、第5天,5683
False,queue,False,True,6.502197798507777,1.9506751766683903,第2天、第5天,5684
False,both,False,False,10.022412134767585,7.9792995167767735,第2天、第5天,5685
False,both,False,False,8.566616646989468,5.457765630965386,第5天,5686
False,queue,False,True,4.9507985867573145,0.0,第5天,5687
True,none,True,True,8.419148152930847,1.5972414857925483,无,5688
False,queue,False,True,6.265311418639931,3.6725350524879867,第3天,5689
False,both,False,False,6.939126438277432,4.761285105449507,第4天、第5天,5690
False,both,False,False,16.401316700466126,1.2948104859078358,第2天、第3天、第5天,5691
False,both,False,False,11.254623166667267,5.2697571089228195,第2天、第4天、第5天,5692
False,both,False,False,15.191487615115609,0.7106529133243393,第2天、第4天、第5天,5693
False,queue,False,True,7.316624862319427,0.8051341570323238,第5天,5694
False,both,False,False,10.827120877402066,5.391430257383325,第2天、第4天、第5天,5695
False,both,False,False,13.207368604367113,1.7470428013061512,第3天、第5天,5696
True,none,True,True,2.9875247351272676,0.988367719921373,无,5697
True,none,True,True,4.152140185310692,1.0784160913528245,无,5698
True,none,True,True,3.9845596460721135,3.695098135540953,无,5699
False,both,False,False,7.46229955519735,2.852442845740189,第2天、第5天,5700
False,traffic,True,False,9.501331044299073,0.4335275191696625,第3天,5701
False,queue,False,True,8.037968476109715,1.8015617573092129,第3天、第5天,5702
False,both,False,False,7.59260903796007,6.466469763411945,第2天、第5天,5703
False,queue,False,True,12.85538167161862,1.2376858538017583,第5天,5704
False,both,False,False,7.564212312686884,2.409906705367682,第5天,5705
False,both,False,False,8.545845706086096,3.204934354250975,第3天、第5天,5706
False,queue,False,True,10.393251982346216,2.299268186072428,第4天,5707
False,both,False,False,6.367712832876372,5.09686860058491,第5天,5708
False,queue,False,True,5.017779690295359,4.7172072459503145,第5天,5709
False,both,False,False,4.520714729798545,3.137606201454378,第5天,5710
False,queue,False,True,5.623243673820699,3.478507100911569,第5天,5711
False,both,False,False,8.11617855886225,4.291506712300376,第3天、第5天,5712
False,both,False,False,9.81136578281174,3.6755189151077317,第5天,5713
False,both,False,False,3.2700441179494044,6.122965845741836,第2天、第5天,5714
False,traffic,True,False,10.577316075151321,1.292368209511312,第4天,5715
False,queue,False,True,1.6003024735636284,3.6253383594866473,第5天,5716
False,queue,False,True,4.433520116031329,3.9769621971324365,第5天,5717
False,queue,False,True,5.061586549169602,5.848204871747555,第5天,5718
False,queue,False,True,6.067729630830556,2.0492796960712685,第5天,5719
False,queue,False,True,5.861979058775768,0.7025970386299549,第5天,5720
True,none,True,True,1.0817185350203378,3.377520291609197,无,5721
False,traffic,True,False,10.708999773212089,2.2328391533489613,第2天、第4天,5722
False,both,False,False,14.195565992193274,0.6658378843098298,第2天、第3天,5723
False,queue,False,True,2.60237501786182,2.3887087194585974,第5天,5724
False,queue,False,True,5.617565434242962,4.513904709331875,第5天,5725
False,both,False,False,8.311699043948128,0.9117986103796003,第2天,5726
True,none,True,True,6.085769864246374,2.3952162408155155,无,5727
False,queue,False,True,0.40600188879338545,3.080167049097226,第5天,5728
False,both,False,False,11.112626163800963,0.5715529002137542,第4天、第5天,5729
False,both,False,False,8.620548990868427,3.4687465522462597,第3天、第5天,5730
False,queue,False,True,6.18250958880515,4.760485421409811,第5天,5731
False,both,False,False,9.685150014662,4.74047027530232,第4天、第5天,5732
False,queue,False,True,3.4040934458097007,3.356209108458034,第5天,5733
False,queue,False,True,3.1241382191423224,0.8426720529693859,第5天,5734
False,both,False,False,16.435651809617152,3.1557966357969582,第3天、第4天、第5天,5735
False,both,False,False,8.962148167516446,8.785138258476575,第5天,5736
False,queue,False,True,4.570796356907277,5.030452927251452,第4天、第5天,5737
False,both,False,False,6.745901740665932,2.823332885004462,第2天、第5天,5738
False,both,False,False,10.655083662363722,7.445185932658545,第3天、第4天、第5天,5739
False,both,False,False,6.664003824598885,0.8002502582854598,第5天,5740
False,queue,False,True,5.1468267232235805,3.78696312123618,第5天,5741
False,both,False,False,8.537592530121156,2.624627474009672,第1天、第5天,5742
False,both,False,False,10.976766277247533,3.347016754126493,第4天、第5天,5743
False,queue,False,True,5.654271531654501,2.48626278271837,第3天、第5天,5744
False,both,False,False,6.292167585674979,7.007139866191744,第5天,5745
False,queue,False,True,0.8577188873833979,3.710366838136799,第5天,5746
True,none,True,True,1.4936662938505327,0.5812819489590605,无,5747
False,both,False,False,9.298022307130816,3.2516582886627585,第2天、第5天,5748
False,both,False,False,14.49660526699691,5.983480957694794,第2天、第5天,5749
False,traffic,True,False,9.806944924884686,1.9184116917416618,第2天,5750
False,both,False,False,7.438435888527847,2.07920845682394,第2天、第5天,5751
False,both,False,False,8.647682170725432,2.5532338693234746,第4天、第5天,5752
True,none,True,True,5.754383305606409,1.8212043729428875,无,5753
True,none,True,True,4.809835450879623,1.6197671990791174,无,5754
False,queue,False,True,12.421322411672787,3.9033118499434885,第4天,5755
False,both,False,False,5.4370612370214415,3.366798409724982,第2天,5756
False,both,False,False,13.351255513652955,2.1112806610590757,第3天、第4天,5757
True,none,True,True,5.808624255666867,2.9761907742573093,无,5758
False,both,False,False,20.832481254064177,2.6264132440142283,第1天、第2天、第3天、第5天,5759
False,both,False,False,10.141066310589066,4.824738222274482,第5天,5760
False,both,False,False,11.815592557655236,2.659079571625212,第4天、第5天,5761
False,both,False,False,9.289656660986129,7.892326589567886,第1天、第2天、第4天、第5天,5762
True,none,True,True,5.154441158671803,5.8823463281760455,无,5763
False,both,False,False,14.322899388128484,3.9695233606603044,第2天、第4天、第5天,5764
False,both,False,False,8.639844346458847,6.858228175124358,第2天、第4天、第5天,5765
False,queue,False,True,7.403955186921095,2.794557533295098,第3天、第5天,5766
False,both,False,False,5.990292440606422,4.631338611827816,第2天、第3天、第5天,5767
False,both,False,False,3.996287013220766,2.6784826420615757,第5天,5768
False,both,False,False,8.957867070706087,6.20395230934536,第3天、第5天,5769
False,queue,False,True,1.9827834331073428,0.6335548885396197,第5天,5770
False,traffic,True,False,5.21444643860351,2.488521891515343,第3天,5771
False,both,False,False,10.099318275884118,3.9895243621360525,第5天,5772
False,both,False,False,6.08854828136535,10.612548037193912,第5天,5773
False,both,False,False,9.020086136176168,4.651975329351457,第2天、第5天,5774
False,both,False,False,6.729155123259348,6.800576269380503,第4天、第5天,5775
False,both,False,False,12.715655736786193,2.6176843336022806,第5天,5776
False,both,False,False,11.980720755958112,4.202944809479614,第2天、第3天、第5天,5777
False,queue,False,True,10.887858828449462,2.821029913753265,第3天、第4天,5778
False,both,False,False,10.559681071577554,6.739295620307906,第2天、第5天,5779
False,queue,False,True,7.703475347475965,1.9752815354657027,第3天、第5天,5780
False,both,False,False,11.810920998167175,4.276227245330149,第2天、第4天、第5天,5781
False,queue,False,True,5.219098444871006,2.2970073813567407,第5天,5782
False,queue,False,True,9.860540763962192,0.0,第4天、第5天,5783
False,queue,False,True,6.79361999993737,3.183419639116339,第5天,5784
False,both,False,False,15.800209164473976,5.639323570387328,第2天、第4天、第5天,5785
False,queue,False,True,6.445076771904349,3.3295790674882655,第4天,5786
False,queue,False,True,8.574087815331257,2.5369543384985285,第2天,5787
False,queue,False,True,6.3242547320253255,2.1686562571167274,第5天,5788
False,queue,False,True,1.7993325289183242,1.5597417867856809,第5天,5789
False,both,False,False,8.193891036207745,5.2221566142323645,第1天、第5天,5790
False,queue,False,True,3.96796327322214,3.598000418055293,第2天、第5天,5791
False,both,False,False,11.634679144600772,6.493870052973373,第2天、第5天,5792
False,both,False,False,12.197518077123819,0.0,第2天、第5天,5793
False,queue,False,True,5.9767349291135545,3.121319188997943,第5天,5794
False,queue,False,True,3.660830131259045,6.065674198218911,第5天,5795
False,both,False,False,15.243672268184914,3.552250699925991,第2天、第3天、第4天、第5天,5796
False,queue,False,True,6.754807031311454,1.8597500982307555,第5天,5797
False,both,False,False,13.13113290547465,1.158390352751322,第2天,5798
True,none,True,True,8.13433163565471,4.025960260183031,无,5799
False,both,False,False,10.467734478315174,4.131422062475652,第3天、第5天,5800
False,both,False,False,5.904804792335781,1.3477851872373012,第5天,5801
False,both,False,False,11.44252883788042,2.58671767789059,第2天、第5天,5802
False,both,False,False,18.14218981515664,4.212662308970906,第2天、第3天、第4天、第5天,5803
True,none,True,True,0.0,2.9415658573865633,无,5804
False,both,False,False,7.532353136787624,9.564712562919103,第1天、第2天、第5天,5805
False,both,False,False,14.377223457499554,1.6504388699737789,第2天、第3天、第5天,5806
False,both,False,False,16.032741164933864,4.083891705905474,第2天、第3天、第5天,5807
True,none,True,True,0.5745823385853479,0.3114524077290385,无,5808
False,queue,False,True,4.454718632927831,2.4635285901399566,第4天,5809
False,both,False,False,6.166135544418765,5.817181311273032,第2天、第5天,5810
False,traffic,True,False,6.466779094259614,2.6676148423857655,第2天,5811
False,both,False,False,7.770156308692924,3.243128126619421,第5天,5812
False,both,False,False,14.435478718196087,3.817207334011308,第2天、第5天,5813
False,both,False,False,4.979436725016418,3.588657036192963,第2天、第5天,5814
False,queue,False,True,2.2384949578797393,7.547105810511092,第2天、第5天,5815
False,both,False,False,8.432743063900135,7.367734254499962,第3天、第5天,5816
False,both,False,False,1.7762726030616123,3.523191384803072,第2天,5817
False,both,False,False,11.417753949974824,3.728816672215106,第2天、第4天、第5天,5818
False,traffic,True,False,9.090127704653039,1.9768059288529245,第2天,5819
False,queue,False,True,6.929575400884593,2.969130450563067,第4天,5820
False,both,False,False,10.116013270136236,6.670244757163934,第4天、第5天,5821
False,both,False,False,7.008730679413185,3.765560899767726,第5天,5822
True,none,True,True,11.523753121225726,1.1758450548422217,无,5823
False,both,False,False,8.936751423453915,3.445697053179029,第2天、第5天,5824
False,queue,False,True,8.164155542626682,2.6454888917188395,第5天,5825
False,both,False,False,3.0771111264918836,5.728052050390298,第5天,5826
False,queue,False,True,11.366117207220935,3.071838553206458,第2天,5827
False,both,False,False,9.406118834504584,4.008553321269801,第5天,5828
False,both,False,False,8.290071564494259,5.861262557457552,第5天,5829
False,both,False,False,10.153781388290692,2.244926152196216,第2天、第5天,5830
False,traffic,True,False,11.363471914368773,2.1394222539345007,第4天,5831
False,queue,False,True,6.729187967265478,6.993512163798783,第3天、第5天,5832
False,queue,False,True,3.047560058438207,0.3450450245062341,第5天,5833
False,queue,False,True,6.568742336988373,2.2418831572070825,第5天,5834
True,none,True,True,11.337577712860424,0.0,无,5835
False,queue,False,True,10.5733471697963,1.7595213697740255,第2天、第5天,5836
True,none,True,True,0.11900615566382738,2.4774964058672904,无,5837
True,none,True,True,2.877896040805131,3.2770243702022905,无,5838
False,both,False,False,6.952487464831673,6.940541352857827,第3天、第5天,5839
False,queue,False,True,4.785694936636405,1.309317480776248,第5天,5840
True,none,True,True,3.7839017995153092,4.574780962439583,无,5841
True,none,True,True,8.476459458000152,1.8580643758186008,无,5842
False,both,False,False,11.032592603698882,0.6991989081671596,第2天、第5天,5843
False,both,False,False,8.894521193496864,10.005237740080535,第4天、第5天,5844
False,traffic,True,False,5.361267348865874,3.7701176174331232,第3天,5845
False,both,False,False,2.432382968322745,6.2458432374535615,第2天、第5天,5846
False,queue,False,True,1.305566466132945,6.568112282772777,第5天,5847
False,both,False,False,6.282872894024632,3.9813200325158116,第5天,5848
False,both,False,False,9.25336618998644,6.271549615275482,第3天、第4天、第5天,5849
False,queue,False,True,3.923678673060622,6.248821112139444,第5天,5850
False,both,False,False,16.166831118881163,4.576268501378439,第1天、第2天、第5天,5851
False,both,False,False,9.386501591576701,6.606802584660547,第1天、第5天,5852
True,none,True,True,5.123248939902293,2.805648108047442,无,5853
False,both,False,False,11.905210864307364,5.786852588117542,第2天、第4天、第5天,5854
True,none,True,True,1.2092681369750724,3.4317150819941378,无,5855
False,both,False,False,10.346432940506947,4.4775568205882985,第2天、第5天,5856
False,queue,False,True,2.1178830474279335,3.77379620663187,第5天,5857
False,both,False,False,13.653428118661646,0.0,第5天,5858
True,none,True,True,1.3635217304609628,3.0223278280375814,无,5859
False,queue,False,True,9.62130468757765,0.974586418820037,第5天,5860
False,queue,False,True,4.974650533558297,1.8941120161278573,第2天,5861
False,queue,False,True,6.766966724549059,1.7703693184517835,第5天,5862
False,both,False,False,16.20506652723039,3.194676047383024,第1天、第2天、第5天,5863
False,queue,False,True,5.722145682345546,4.093551081790673,第2天、第5天,5864
False,both,False,False,15.719122973646412,5.403840162387015,第2天、第3天、第5天,5865
False,queue,False,True,5.314814103257817,4.29087226220628,第5天,5866
False,traffic,True,False,5.746144136799477,3.990345976397748,第3天,5867
False,both,False,False,10.568800625140419,3.181411600106572,第2天、第4天、第5天,5868
False,both,False,False,9.319216113148583,3.3807322269202364,第4天、第5天,5869
False,queue,False,True,1.91873517531363,2.7015443974385898,第5天,5870
True,none,True,True,7.601755552797753,0.5220997541710161,无,5871
False,queue,False,True,6.880284159196959,6.12628361427075,第5天,5872
False,queue,False,True,4.71032526109446,3.5017464406385446,第5天,5873
False,both,False,False,3.8651127330604833,4.677045029701176,第2天、第5天,5874
False,both,False,False,8.321731605145922,5.363361254344784,第2天、第5天,5875
False,both,False,False,11.47536248166133,0.0,第5天,5876
False,traffic,True,False,7.141107534749045,1.4620888432062369,第2天,5877
False,both,False,False,6.731439924624516,6.033796396128822,第5天,5878
False,both,False,False,8.603470472983867,4.848733964169137,第4天、第5天,5879
False,both,False,False,7.718428621898438,2.257847941454438,第5天,5880
False,both,False,False,5.661030540141798,5.452243311829197,第4天、第5天,5881
False,both,False,False,9.420095107886823,0.0,第3天、第5天,5882
True,none,True,True,3.3640447782296357,0.34395034935113344,无,5883
False,both,False,False,12.799423424513163,1.331585815541661,第1天、第2天、第5天,5884
False,both,False,False,9.987823672498697,4.760390877397814,第3天、第5天,5885
False,queue,False,True,11.65889663130949,1.2570947814611837,第3天,5886
False,both,False,False,3.5890194321866047,5.311558687254748,第3天、第5天,5887
False,both,False,False,7.674104584136089,1.3628975382681545,第2天、第5天,5888
False,queue,False,True,3.112182203680671,5.397701345293741,第5天,5889
False,traffic,True,False,12.145406384969798,3.2862944598689756,第3天、第4天,5890
True,none,True,True,4.374115254093526,2.3301224905357607,无,5891
False,both,False,False,6.922727862353495,3.2490826140856717,第1天、第5天,5892
False,queue,False,True,6.406023957364111,5.679276305490204,第5天,5893
True,none,True,True,5.896119389488694,4.786036603360676,无,5894
True,none,True,True,7.633432998849147,2.0432309220730254,无,5895
False,both,False,False,4.139592194964198,11.820278312113746,第3天、第5天,5896
False,queue,False,True,9.047361021706713,3.2929095350963116,第5天,5897
False,queue,False,True,6.751987791592583,1.073098111079684,第5天,5898
False,both,False,False,14.55290424847141,1.8314098962334624,第1天、第5天,5899
True,none,True,True,7.699413111557892,1.1592923622381268,无,5900
False,queue,False,True,3.3843239284652116,4.737684429864457,第5天,5901
False,both,False,False,4.969951671032623,8.38384701045827,第4天、第5天,5902
True,none,True,True,0.05445816943099835,2.494236743620754,无,5903
False,traffic,True,False,7.638183729102971,6.332252686816611,第1天,5904
False,queue,False,True,11.409406984515092,2.534052150912957,第4天、第5天,5905
False,both,False,False,11.217793244299592,1.6523653036378827,第4天、第5天,5906
True,none,True,True,3.6574839005443343,1.1810909558227674,无,5907
False,queue,False,True,6.621270294990728,4.3496886146800815,第4天、第5天,5908
False,both,False,False,12.828302750520752,0.2754596205943708,第2天、第4天,5909
False,queue,False,True,11.856627782566516,5.406843905128353,第2天、第3天、第5天,5910
True,none,True,True,1.092160443827372,1.5067160900721093,无,5911
False,both,False,False,18.18571341535401,5.0505011931353385,第1天、第2天、第5天,5912
False,traffic,True,False,5.112545422019906,0.0,第1天,5913
False,both,False,False,16.431365895255755,1.900645497570304,第2天、第3天、第5天,5914
False,queue,False,True,3.244592193659533,4.686132895944886,第5天,5915
False,queue,False,True,6.163792241644927,6.312745077934555,第5天,5916
False,both,False,False,11.926541439187243,4.27669423715246,第2天、第3天,5917
False,both,False,False,17.23359415469728,0.8067613381721109,第2天、第4天,5918
False,queue,False,True,8.836890498352302,1.761605953803297,第5天,5919
False,both,False,False,3.6048753233249804,3.0691731546638854,第5天,5920
False,queue,False,True,10.125167944630292,2.8463985673805206,第3天、第5天,5921
False,queue,False,True,7.283106867798064,2.020572462112314,第5天,5922
False,both,False,False,8.866507049496995,5.931246584912969,第2天、第4天,5923
False,both,False,False,8.000777834660198,0.0,第5天,5924
False,both,False,False,5.1381013084617875,6.27967909939138,第2天、第5天,5925
False,both,False,False,10.037629186482125,5.916314943257608,第1天、第3天、第5天,5926
False,queue,False,True,6.671320287865656,5.626375189896422,第5天,5927
False,both,False,False,10.273610282430383,0.7193234914747295,第5天,5928
False,both,False,False,12.908378325470073,8.047296605427388,第2天、第3天、第5天,5929
False,both,False,False,10.580071054666302,2.862977843841694,第3天、第5天,5930
True,none,True,True,5.784971004837077,3.770016172146178,无,5931
True,none,True,True,4.503181580928689,3.8969866922452265,无,5932
False,both,False,False,6.972258777038704,3.1693875917590595,第2天、第5天,5933
False,both,False,False,7.796286961332812,6.809687389867064,第5天,5934
True,none,True,True,0.0,3.4391725090741563,无,5935
True,none,True,True,0.0,0.3743457790226019,无,5936
True,none,True,True,1.351332790749357,2.910642641411746,无,5937
True,none,True,True,4.588266570241723,0.5029728416915811,无,5938
False,both,False,False,3.556102429445174,6.515650925105254,第2天、第5天,5939
False,traffic,True,False,12.760843231326618,2.022559420601416,第3天,5940
False,both,False,False,13.907688839188346,0.9169664272668002,第3天、第4天,5941
False,queue,False,True,3.5387214069026367,2.9463194970386537,第5天,5942
False,queue,False,True,11.52818459580028,2.223476774466846,第3天、第5天,5943
False,both,False,False,17.697067338730953,0.6662403066494228,第2天、第5天,5944
False,queue,False,True,3.273485619205097,1.2754220260648779,第5天,5945
True,none,True,True,1.4095967180729654,1.1661426102726593,无,5946
False,both,False,False,9.4513660995146,6.44001012400884,第3天、第5天,5947
False,both,False,False,7.379671113654455,4.589635560508874,第5天,5948
True,none,True,True,7.599554927933255,0.6268417942793345,无,5949
False,queue,False,True,8.234112350657085,1.5445683451383438,第3天、第5天,5950
False,queue,False,True,6.9629680404059675,3.433270452675403,第5天,5951
False,traffic,True,False,14.275259376718955,2.651991823742772,第3天、第4天,5952
False,queue,False,True,4.408058392045103,5.54119238635969,第3天、第5天,5953
False,queue,False,True,4.444513015237197,4.583252314057191,第3天、第5天,5954
True,none,True,True,2.3862502284823717,1.016617964460063,无,5955
False,both,False,False,10.562261529674728,6.200318775525827,第2天、第5天,5956
False,both,False,False,9.229422049487741,6.7381839574061555,第2天、第5天,5957
False,both,False,False,6.63345214782204,0.0,第2天,5958
False,queue,False,True,6.339537397038707,0.12470653131622012,第5天,5959
False,queue,False,True,5.338556733129121,4.002925866003778,第4天、第5天,5960
False,both,False,False,8.238858054296852,0.9029133210882332,第2天、第5天,5961
False,both,False,False,5.990960602717374,5.325527909706848,第3天、第5天,5962
False,both,False,False,6.9210854396528685,4.960782155651632,第2天、第5天,5963
False,traffic,True,False,14.617760754402646,2.2968101225949074,第1天、第5天,5964
False,queue,False,True,3.5199215770833536,3.1240733458458187,第5天,5965
True,none,True,True,2.2616329484946363,3.3904781836112488,无,5966
False,queue,False,True,5.855464191042639,2.9608515602618066,第5天,5967
False,both,False,False,6.701677453839318,3.7515030131852463,第5天,5968
False,both,False,False,4.802032132745671,6.311241694639163,第5天,5969
False,both,False,False,9.682831754952314,2.391928905423889,第1天、第5天,5970
False,both,False,False,10.238596064651812,3.6207537887818955,第2天、第4天、第5天,5971
False,both,False,False,3.5471589383710183,6.2948488286058275,第2天、第5天,5972
False,both,False,False,10.000844872281496,2.893011836254108,第5天,5973
False,queue,False,True,6.844357723804088,3.4814941479277284,第3天、第5天,5974
False,traffic,True,False,7.710117158598358,2.646920091811368,第2天、第5天,5975
False,both,False,False,10.209642149072526,2.1869604554959845,第1天,5976
False,both,False,False,18.171998420030036,2.0576900235022655,第2天、第3天、第4天、第5天,5977
False,queue,False,True,2.4315465551730693,4.866309847046832,第2天、第5天,5978
False,both,False,False,7.732930817330063,2.5395537496030434,第1天、第5天,5979
False,queue,False,True,5.9531385966707235,3.9088182928506923,第5天,5980
True,none,True,True,4.478805402687434,4.4714926838001325,无,5981
False,both,False,False,9.572041142690551,5.561372957888793,第4天、第5天,5982
False,both,False,False,7.901872622884752,6.059011628839211,第2天、第3天、第5天,5983
False,queue,False,True,1.6058976152715752,2.672885638510188,第5天,5984
False,queue,False,True,3.9349523296102626,3.072934219597289,第5天,5985
False,both,False,False,11.554177081229003,4.486998921076335,第2天,5986
False,both,False,False,11.305430344645362,4.2792381644824005,第1天、第4天、第5天,5987
False,both,False,False,8.67794328377239,5.667419638344007,第2天、第3天、第5天,5988
False,queue,False,True,4.4411331742877564,2.4313732717334595,第5天,5989
False,both,False,False,5.81372720114925,6.069244600832091,第5天,5990
False,queue,False,True,3.5354994857235758,4.991742855179133,第5天,5991
False,queue,False,True,1.196469847198058,2.752414125813811,第5天,5992
True,none,True,True,2.2883642049974244,1.916065295905452,无,5993
False,both,False,False,14.201672420934297,2.688266715885396,第3天、第5天,5994
False,both,False,False,7.274417662769354,4.565220445699436,第3天、第5天,5995
False,queue,False,True,7.733982932891924,0.0,第4天,5996
False,both,False,False,11.216978993003904,1.381791146559018,第4天、第5天,5997
False,both,False,False,7.171283814711992,1.2560848676171683,第3天、第5天,5998
False,queue,False,True,6.310108109672374,3.889846319750493,第5天,5999
False,both,False,False,8.888778127008457,2.747810686771684,第4天、第5天,6000
False,both,False,False,9.628361660091905,6.0738907463755005,第3天、第4天,6001
False,queue,False,True,6.289221490043144,5.399852955119122,第5天,6002
False,both,False,False,16.34458430912529,2.505894579652579,第1天、第5天,6003
False,queue,False,True,5.505408705536265,3.178193345415459,第5天,6004
False,both,False,False,12.72495680711293,3.515330505360174,第2天、第5天,6005
False,queue,False,True,8.42472922458479,1.4827447352998817,第5天,6006
False,queue,False,True,1.9581551604619003,6.643002486214163,第5天,6007
False,both,False,False,10.936606324046194,1.2545841421706982,第5天,6008
False,queue,False,True,4.653483691549266,2.236445796420573,第5天,6009
True,none,True,True,2.9467071920700127,2.705941796598655,无,6010
False,both,False,False,10.642710818308405,5.118343453462705,第4天,6011
False,queue,False,True,4.710658268846832,1.7535181078455262,第5天,6012
False,both,False,False,11.909436370290093,2.3649798052467017,第2天,6013
False,both,False,False,11.395614530045641,3.650081765333276,第2天、第3天、第4天、第5天,6014
False,queue,False,True,5.821806217961026,5.224237301964433,第5天,6015
False,both,False,False,8.26803204603671,2.956457922126461,第5天,6016
False,both,False,False,10.819970292155316,7.962515060180014,第1天、第4天、第5天,6017
False,queue,False,True,1.835610626488807,2.7741463386323573,第5天,6018
False,queue,False,True,5.281253446837227,4.730195132050806,第5天,6019
False,both,False,False,5.458259058466336,4.162056442458473,第5天,6020
False,both,False,False,4.9486167940393955,10.073617764912083,第2天、第5天,6021
False,both,False,False,7.204973141518899,4.202152999000708,第2天、第5天,6022
False,both,False,False,7.632375626537351,0.9518898804921601,第5天,6023
False,queue,False,True,3.7494618358384897,4.487465218414648,第5天,6024
False,queue,False,True,5.981785288390773,1.9102458696163227,第5天,6025
True,none,True,True,4.492308660441363,1.4197090648903694,无,6026
False,both,False,False,9.197386642954179,2.747506916175538,第2天、第5天,6027
False,both,False,False,7.536723135331601,6.4198109402922094,第1天、第5天,6028
False,queue,False,True,5.7675305793560785,2.3641766143840286,第5天,6029
True,none,True,True,0.2726131489119014,3.2474564298536412,无,6030
False,queue,False,True,1.4173190293988411,5.081951356973619,第5天,6031
False,both,False,False,10.682886133758087,4.585138556391329,第2天、第5天,6032
False,both,False,False,7.829528281864558,3.176317839476081,第2天、第5天,6033
False,both,False,False,9.83119526448336,3.4898839473018803,第2天、第4天,6034
False,both,False,False,6.692128386023745,2.025367341840319,第5天,6035
True,none,True,True,3.056757371361374,4.194301528713831,无,6036
False,queue,False,True,2.8872077763998667,5.086544572826581,第5天,6037
False,queue,False,True,3.8540297072459135,4.475452875076031,第5天,6038
False,both,False,False,8.885543746357722,0.0,第5天,6039
False,queue,False,True,0.0,5.561588470932691,第5天,6040
True,none,True,True,5.067351451438492,6.0477845488232305,无,6041
False,queue,False,True,10.06435594704805,2.8896135908767704,第2天、第5天,6042
False,queue,False,True,9.529874693539938,0.511867113769082,第3天、第4天、第5天,6043
True,none,True,True,3.6981761690935704,1.2309881381558712,无,6044
False,both,False,False,15.197922127433072,0.5622524725750123,第2天、第3天、第5天,6045
False,queue,False,True,6.2209871132483725,4.370698863923248,第5天,6046
False,both,False,False,14.234650239019883,3.338515291724148,第2天、第3天、第5天,6047
False,both,False,False,5.250027178825758,3.700879723786202,第5天,6048
False,queue,False,True,2.563315548472831,4.315317590476038,第5天,6049
False,both,False,False,12.244428444720697,0.2548114026696069,第2天、第5天,6050
False,both,False,False,7.084985484108958,4.04149270682291,第5天,6051
True,none,True,True,0.0,0.8844244305034249,无,6052
False,both,False,False,19.49484452916645,5.932842945028222,第1天、第2天、第5天,6053
False,queue,False,True,9.539628964555261,0.838431901256879,第5天,6054
False,traffic,True,False,12.126085985737538,3.7927105181124103,第5天,6055
False,queue,False,True,4.422379031160274,5.479749121348745,第5天,6056
False,both,False,False,7.2093340326131745,4.684001580094826,第2天、第4天、第5天,6057
False,queue,False,True,9.014191393153915,5.028008357706366,第3天、第5天,6058
False,both,False,False,9.617241779123383,2.877010004269061,第5天,6059
False,both,False,False,4.327417773580658,5.713590837407606,第5天,6060
True,none,True,True,3.874130134417639,2.886958413874185,无,6061
False,queue,False,True,5.570348158083451,4.580595186379143,第5天,6062
False,queue,False,True,9.036114296391133,4.886467487916587,第2天、第5天,6063
False,queue,False,True,8.16005970797673,0.43602240975898554,第3天,6064
False,both,False,False,13.438223321349216,4.324399185556431,第1天、第5天,6065
False,queue,False,True,1.3018363842984724,3.1511530947227886,第5天,6066
False,queue,False,True,0.42037782370969273,2.7531994246058877,第5天,6067
True,none,True,True,8.63470971641247,2.4672929166670254,无,6068
False,both,False,False,7.86462999287904,3.000568580834093,第5天,6069
False,both,False,False,8.295478395522778,5.961371265329577,第2天、第4天、第5天,6070
False,both,False,False,11.573596971035549,3.105628245325452,第4天、第5天,6071
False,both,False,False,15.21544564061527,6.798803128009229,第2天、第4天,6072
False,both,False,False,10.193658457644696,2.581564034821287,第2天,6073
False,both,False,False,5.5541901846325885,6.552917126534297,第1天、第5天,6074
False,queue,False,True,4.550675793540125,10.308793246128747,第2天,6075
False,both,False,False,11.925848793762182,2.626644051742569,第2天、第5天,6076
False,both,False,False,10.73476483698428,2.582992785833691,第4天、第5天,6077
False,queue,False,True,6.096649690874321,1.4729824462420251,第5天,6078
False,both,False,False,11.722740423245902,5.290403412908894,第2天、第5天,6079
False,queue,False,True,7.713840170808812,1.278012606245829,第3天,6080
False,both,False,False,5.509002427217897,8.182109997475873,第2天、第5天,6081
False,both,False,False,19.43610452341666,3.4996780970491717,第2天、第5天,6082
False,both,False,False,11.47431695590132,1.9728610454909072,第2天、第5天,6083
False,queue,False,True,2.2751229128829875,3.983164479538287,第5天,6084
False,queue,False,True,1.1730823729102313,4.887812588155025,第5天,6085
False,both,False,False,7.497490830459509,1.2003396368140438,第4天、第5天,6086
False,queue,False,True,6.295692673695687,4.204359672519576,第5天,6087
False,queue,False,True,1.2562504768798801,2.5661230329429454,第5天,6088
False,both,False,False,9.626401242454147,6.7240568823762015,第1天、第5天,6089
False,both,False,False,12.287897605209581,3.404366563523678,第2天、第5天,6090
False,queue,False,True,8.113232195313286,8.978808310509242,第3天、第5天,6091
False,both,False,False,9.680598229971624,3.77168510295243,第5天,6092
False,both,False,False,17.786548162594304,2.0682778807959283,第3天、第4天、第5天,6093
False,queue,False,True,6.260447368960123,7.4112542004006485,第5天,6094
False,traffic,True,False,7.840381830381406,3.2275675333011726,第5天,6095
False,both,False,False,13.879683734819402,0.9053600979530377,第5天,6096
False,queue,False,True,10.34968672956958,8.225384895089551,第3天、第4天、第5天,6097
False,both,False,False,12.70856319104199,2.8896480320655256,第2天,6098
False,both,False,False,8.067835739100058,4.155977215397197,第2天、第5天,6099
False,both,False,False,9.166384982165999,3.5768197604836924,第1天、第4天,6100
False,queue,False,True,1.989963205942547,4.93441598730186,第4天,6101
False,both,False,False,7.54952577379647,6.115949957258602,第2天,6102
False,queue,False,True,6.144912289735434,8.112504905934957,第5天,6103
False,queue,False,True,8.982184240608973,0.0,第5天,6104
False,both,False,False,12.207638076571016,2.583362967231335,第1天、第3天、第5天,6105
False,both,False,False,6.127473662296698,2.62524459112075,第2天、第5天,6106
False,queue,False,True,3.9554825347778406,2.6601379950152895,第5天,6107
False,both,False,False,18.542359523182,2.593551431107057,第2天、第4天、第5天,6108
True,none,True,True,1.6204112204188506,0.0,无,6109
False,both,False,False,11.831895622391233,0.9840359222989744,第5天,6110
False,queue,False,True,4.963304355376657,5.562763518375113,第3天、第5天,6111
False,both,False,False,10.308726672360896,2.0248758792355703,第2天、第5天,6112
False,both,False,False,11.879722408629362,3.0695274440972806,第4天、第5天,6113
False,both,False,False,9.400642418797702,4.369295189750644,第3天、第5天,6114
False,traffic,True,False,9.6223653120852,2.584375003207519,第4天、第5天,6115
False,queue,False,True,10.07427370451167,3.7081288375295287,第5天,6116
False,queue,False,True,9.002920921905252,2.0755089173908106,第3天、第5天,6117
False,both,False,False,10.21632968217924,4.163838489935083,第4天、第5天,6118
False,both,False,False,9.421357092413272,1.114303164309835,第4天、第5天,6119
False,queue,False,True,3.4763845247924734,2.844943283949781,第5天,6120
False,queue,False,True,6.124735386820114,1.6144089133034116,第5天,6121
False,queue,False,True,0.0,5.4662329893108295,第5天,6122
False,both,False,False,10.574836051576654,6.979848544166648,第2天,6123
False,both,False,False,10.247697563909496,7.27593001420211,第3天、第5天,6124
False,both,False,False,5.639800818442571,9.71573660017212,第1天、第3天、第5天,6125
False,both,False,False,7.677533894961143,7.654671607323309,第1天、第5天,6126
False,both,False,False,12.829291496416042,3.025852453133952,第4天,6127
False,queue,False,True,8.924164063575775,0.0,第5天,6128
False,queue,False,True,1.7046924790538114,5.5753578882799175,第5天,6129
False,queue,False,True,3.4686450754528066,5.1716781240059255,第2天、第5天,6130
False,queue,False,True,4.62877376787104,4.935317451210852,第5天,6131
False,both,False,False,10.7833456043256,3.207349084958699,第1天、第5天,6132
False,both,False,False,19.13613513053961,0.0,第2天、第3天、第5天,6133
True,none,True,True,2.1406586169426,5.934170129557958,无,6134
False,both,False,False,17.56341557811008,7.000791337781881,第1天、第2天、第5天,6135
False,queue,False,True,1.3817253747251246,2.5248014761807545,第5天,6136
False,queue,False,True,2.3151671967555902,2.4056895680797368,第5天,6137
True,none,True,True,1.3998568255106467,0.9117572198365669,无,6138
False,queue,False,True,8.97574131751157,2.264981202643544,第3天,6139
False,both,False,False,14.26535429322842,2.5736739395960413,第3天、第4天、第5天,6140
True,none,True,True,0.0,2.2961321738898635,无,6141
False,both,False,False,4.830623768747022,6.422263399305061,第3天、第5天,6142
False,queue,False,True,8.258336019824227,4.179152005114327,第2天、第5天,6143
False,both,False,False,13.199149630216233,4.966892439391522,第5天,6144
False,both,False,False,10.288347484895812,3.7363831353806782,第5天,6145
False,both,False,False,9.528395958159033,6.876048269032662,第2天、第5天,6146
False,queue,False,True,1.020870441512427,5.270946563260663,第5天,6147
False,traffic,True,False,9.022604077365768,0.4064741210096975,第1天,6148
False,both,False,False,8.365025534624964,0.0,第4天、第5天,6149
False,queue,False,True,2.0256913775505527,4.294998825848023,第5天,6150
False,both,False,False,9.760746184640823,5.924942273179251,第3天、第5天,6151
False,both,False,False,12.966104609733003,1.245408086365182,第2天、第3天、第5天,6152
False,queue,False,True,0.5277753102504952,4.211588976622824,第5天,6153
False,queue,False,True,7.189145229714457,6.362408606845799,第2天、第5天,6154
True,none,True,True,6.710975886352166,2.018956459176326,无,6155
True,none,True,True,6.074578565855903,3.153584978017721,无,6156
False,queue,False,True,9.70112374082408,1.6724188613251658,第5天,6157
False,both,False,False,11.027229733525477,5.827294360727488,第3天、第5天,6158
False,queue,False,True,6.223045702217059,5.559014151046588,第5天,6159
False,both,False,False,12.379301567252249,1.0143012449766948,第4天,6160
True,none,True,True,1.7871550177754727,1.622126108343263,无,6161
False,queue,False,True,7.52898138213118,3.6242582652977102,第5天,6162
False,both,False,False,8.515027575194571,6.51378646803691,第4天、第5天,6163
False,queue,False,True,4.304643229803895,2.9849760948168345,第5天,6164
False,both,False,False,11.698390299679279,9.040787839828083,第1天、第5天,6165
False,both,False,False,10.156945775521208,3.622987484576975,第5天,6166
False,both,False,False,3.547085617506931,4.552065304709862,第2天、第5天,6167
False,queue,False,True,2.417443435513497,6.386835965333086,第5天,6168
False,queue,False,True,6.974900370693547,4.373830537300928,第5天,6169
False,both,False,False,8.625119782186323,3.173383391087265,第4天、第5天,6170
True,none,True,True,2.9886425847068945,2.7731669747050067,无,6171
True,none,True,True,9.054857796596817,1.5008408112896718,无,6172
False,queue,False,True,5.7626203008654215,3.9744610026385248,第5天,6173
False,both,False,False,5.88428922416019,5.7347662409516165,第2天,6174
False,queue,False,True,4.516949208545882,4.781922785292066,第3天、第5天,6175
False,queue,False,True,7.723217128929223,1.8214675478319031,第5天,6176
False,both,False,False,5.936568294341583,6.266893021614386,第1天、第5天,6177
True,none,True,True,5.9961606565753405,4.891421151805939,无,6178
False,both,False,False,9.490895291562769,2.2939273792645376,第5天,6179
False,queue,False,True,7.568881290449399,0.30100213845594737,第5天,6180
False,both,False,False,18.396869757884325,4.765461085684268,第1天、第2天、第3天,6181
False,both,False,False,10.265149509232879,4.132912296917415,第1天、第4天、第5天,6182
False,queue,False,True,4.5256552059050374,2.0705509761253067,第5天,6183
True,none,True,True,5.886031651015408,3.75273711330876,无,6184
False,queue,False,True,2.786255698362835,2.2357195433343353,第5天,6185
False,both,False,False,6.217021824972433,8.120799278050862,第3天、第5天,6186
False,both,False,False,18.585544948575482,5.716582372680762,第2天、第3天、第4天、第5天,6187
False,both,False,False,10.015308562221563,3.8438943138755466,第3天、第5天,6188
False,both,False,False,7.408911547977103,6.302467240485956,第2天,6189
False,both,False,False,14.57063954821897,2.3046014508581427,第3天、第4天,6190
False,both,False,False,12.696540579225093,2.971995729608436,第3天,6191
False,both,False,False,10.515800710049174,4.373348130384065,第2天、第5天,6192
False,both,False,False,13.33611064150508,2.5168613596732916,第5天,6193
False,both,False,False,6.211900082668521,2.0440411247764505,第5天,6194
False,queue,False,True,7.326468257829115,3.5624751778315913,第4天、第5天,6195
False,queue,False,True,4.680762236649553,6.005635198956558,第4天、第5天,6196
False,queue,False,True,4.965683688505058,3.915327333248568,第5天,6197
False,both,False,False,9.987728638081192,0.9569450307480253,第5天,6198
False,queue,False,True,3.4568705583746038,2.88834445658668,第5天,6199
False,both,False,False,6.457593511781933,6.336928606370061,第3天、第5天,6200
False,queue,False,True,1.1896701158035152,3.248423277314445,第5天,6201
False,both,False,False,16.884154796870966,2.86455528054709,第5天,6202
False,both,False,False,5.018544166930624,9.392587340586456,第5天,6203
False,both,False,False,7.329254623357663,5.741210550572701,第2天、第5天,6204
False,queue,False,True,3.5436868326331696,5.610048484987143,第5天,6205
False,both,False,False,12.273688300914255,2.4321138592297618,第3天、第5天,6206
False,queue,False,True,7.12303147087013,1.6679612029873654,第5天,6207
False,both,False,False,15.150756948346153,4.48633379536316,第4天、第5天,6208
False,both,False,False,10.759542280316772,3.458065176388865,第5天,6209
False,queue,False,True,1.16857584718558,6.060882276883139,第5天,6210
True,none,True,True,0.45178383275444306,2.070730862668068,无,6211
False,queue,False,True,8.968065046736688,0.8006594183925028,第5天,6212
False,traffic,True,False,9.247189518554023,4.654450391383915,第2天,6213
False,traffic,True,False,5.7411766210649695,5.008758813937269,第3天,6214
False,queue,False,True,9.832307221636981,2.466945436477693,第4天、第5天,6215
False,queue,False,True,3.638079850435801,0.7639035190739315,第4天、第5天,6216
False,queue,False,True,3.6331353390189736,2.3356108590449685,第5天,6217
False,both,False,False,18.667315360528534,3.6577469188201155,第2天、第3天、第5天,6218
False,both,False,False,6.811852165697464,6.424105329176517,第4天、第5天,6219
False,both,False,False,5.188552225230346,6.687832763163142,第4天、第5天,6220
False,both,False,False,7.852322167240114,6.51038817686057,第4天、第5天,6221
False,queue,False,True,3.5122323808883835,5.713974276531028,第5天,6222
False,queue,False,True,8.468868518651854,3.3442638566559424,第2天、第4天、第5天,6223
False,both,False,False,10.27726143981723,5.4539858199057525,第2天、第5天,6224
True,none,True,True,3.667281930979726,0.05433163735208657,无,6225
True,none,True,True,4.779914047851318,2.881495388254091,无,6226
False,both,False,False,8.911458058532208,2.720742406766864,第5天,6227
False,queue,False,True,0.0,7.081416001600461,第5天,6228
True,none,True,True,3.11903685879295,3.357724920573515,无,6229
True,none,True,True,6.000176137627108,2.6856828560313843,无,6230
True,none,True,True,5.396540935603598,2.8250257366465514,无,6231
False,both,False,False,8.664918373726621,4.163759941784892,第3天、第5天,6232
False,queue,False,True,9.514451406763007,0.9380830293980301,第2天、第5天,6233
False,queue,False,True,4.082794663791171,5.13240583271978,第5天,6234
False,both,False,False,8.50887124757212,3.039256936064038,第2天、第5天,6235
False,queue,False,True,3.32250412448393,6.336324287712273,第5天,6236
False,queue,False,True,0.0,5.728352671198211,第5天,6237
True,none,True,True,2.5230658705068234,5.136726258283163,无,6238
False,both,False,False,6.597855079418646,2.7305775941729076,第2天,6239
False,both,False,False,14.509961220618958,3.6807744427080236,第2天、第5天,6240
False,queue,False,True,4.871509263903928,1.9974990231882357,第5天,6241
True,none,True,True,6.6125935418044754,4.269561679926087,无,6242
False,both,False,False,11.77285140734665,0.0,第2天、第3天、第5天,6243
False,both,False,False,14.737137307063819,3.406206594952044,第1天、第2天、第5天,6244
False,queue,False,True,8.665364274832656,3.1304735045045855,第4天、第5天,6245
False,queue,False,True,7.856115624313312,0.3274169418270453,第5天,6246
False,both,False,False,16.148696075761777,2.3364796980450437,第3天、第5天,6247
False,both,False,False,5.757256120649732,4.847223000073328,第5天,6248
False,queue,False,True,9.485834035083872,3.485111020221012,第5天,6249
False,queue,False,True,7.307826869434359,0.8117583859979217,第3天,6250
False,both,False,False,6.807042186417426,4.065563269914115,第5天,6251
False,both,False,False,8.417199343374351,5.972569346230673,第2天、第3天、第4天、第5天,6252
True,none,True,True,10.693316073986429,0.0,无,6253
False,traffic,True,False,11.572012234455668,3.5613834345565727,第1天、第2天,6254
False,both,False,False,4.080540987363008,5.105584540801645,第1天、第5天,6255
False,both,False,False,4.917215608149142,3.7001684027690187,第2天,6256
False,queue,False,True,8.136198661844295,4.110115446936135,第2天、第4天、第5天,6257
False,both,False,False,3.129061725447359,4.5566942877053656,第5天,6258
True,none,True,True,5.085660084970634,2.621366920270157,无,6259
False,traffic,True,False,9.413222310824064,5.283028067028578,第1天,6260
False,both,False,False,10.902304912876998,3.0840961314939492,第1天、第5天,6261
False,both,False,False,11.85491753046485,3.189717302855592,第2天、第5天,6262
False,traffic,True,False,8.51045959146514,1.7039078721668637,第3天,6263
False,both,False,False,16.649213689602803,0.9023233954746647,第2天、第4天、第5天,6264
False,traffic,True,False,11.093149444818025,1.0482509842267942,第4天,6265
False,queue,False,True,4.69462740608884,1.5200493979730816,第4天、第5天,6266
False,both,False,False,13.358657825854683,1.8304342927096635,第3天、第4天、第5天,6267
True,none,True,True,6.253755861736124,1.6632355439445605,无,6268
False,both,False,False,12.835241153618313,2.4680686024038185,第4天,6269
False,both,False,False,8.872587716822851,9.993062768452397,第2天、第5天,6270
False,queue,False,True,2.339118668936434,4.323244979117299,第5天,6271
True,none,True,True,6.169530005764512,0.0,无,6272
False,queue,False,True,9.035017588224058,0.7637333306697122,第5天,6273
False,traffic,True,False,10.763472223132304,1.109543343322152,第3天,6274
False,queue,False,True,2.8462511078817467,6.4060160977964555,第5天,6275
False,queue,False,True,3.9166567524905855,1.5917494143477802,第5天,6276
False,queue,False,True,6.738992617639864,3.3291253436716626,第3天、第5天,6277
False,both,False,False,6.174767084923036,0.0,第2天,6278
False,both,False,False,10.644209696979509,2.1025760445370243,第2天、第4天、第5天,6279
False,queue,False,True,4.942470213889177,1.3906311363397033,第5天,6280
False,both,False,False,3.5418586131754326,3.0996701842253374,第5天,6281
False,both,False,False,12.854474289192089,6.444656539281621,第4天、第5天,6282
False,both,False,False,9.247706675749551,5.171089042266776,第1天,6283
False,queue,False,True,5.748909052939991,7.997651040771714,第5天,6284
False,both,False,False,13.511242981061859,2.770492311459533,第3天、第4天、第5天,6285
False,queue,False,True,3.635977542422046,3.2716931897918204,第5天,6286
False,traffic,True,False,9.042704758433171,0.0,第2天,6287
True,none,True,True,8.067372888668883,0.6217731435564025,无,6288
False,both,False,False,12.800237928806055,1.4433228335494956,第3天、第4天、第5天,6289
False,queue,False,True,3.8876139505148104,6.138161256171239,第3天、第5天,6290
False,both,False,False,11.660934842742154,5.615440310208253,第1天、第5天,6291
False,both,False,False,5.905769629258377,8.710372482006743,第1天、第5天,6292
False,queue,False,True,5.497699017631771,6.341767791656125,第3天,6293
False,queue,False,True,4.994392582329608,3.3600953091526335,第4天、第5天,6294
False,both,False,False,10.992705068336786,3.1082614306416474,第2天、第4天、第5天,6295
False,both,False,False,12.795863795438244,1.8169636586081421,第2天、第5天,6296
False,both,False,False,14.842668054174792,5.823062051923521,第2天、第3天、第5天,6297
False,both,False,False,6.976421467350134,5.103148836941586,第1天、第5天,6298
True,none,True,True,10.887888201191917,5.752077371167056,无,6299
True,none,True,True,4.274719176453846,1.9752929188307546,无,6300
True,none,True,True,2.392495524617642,3.4454781121433964,无,6301
True,none,True,True,7.3437029883230664,0.0,无,6302
False,both,False,False,7.586970949767708,2.877040128555131,第2天,6303
False,queue,False,True,4.404163723117025,2.1990834716345704,第2天,6304
False,both,False,False,7.213051009795713,5.490176519209602,第2天、第5天,6305
True,none,True,True,5.0385001555135265,2.306281327207316,无,6306
False,both,False,False,12.952843452277955,5.480305245858953,第5天,6307
False,queue,False,True,7.623372275095241,3.7582586456029743,第5天,6308
False,both,False,False,6.014639927415535,4.883556671593709,第3天、第5天,6309
True,none,True,True,5.970081943322072,4.54426322587881,无,6310
False,both,False,False,3.087413729674591,2.7181465541102847,第2天,6311
True,none,True,True,5.814035611106059,0.0,无,6312
False,queue,False,True,5.2932274937432915,1.3846212385862207,第5天,6313
False,queue,False,True,4.4413112323275215,4.1874125797166935,第3天,6314
False,both,False,False,6.283965576314346,4.376888755719438,第5天,6315
False,queue,False,True,7.954690725717629,0.0,第3天、第5天,6316
False,queue,False,True,5.260374038446772,1.874950223155763,第4天、第5天,6317
False,both,False,False,3.19293818465294,5.267119967118502,第3天、第5天,6318
False,both,False,False,8.285194490761711,0.915109146686084,第5天,6319
False,queue,False,True,0.9780057529031004,3.7847135963654965,第5天,6320
False,queue,False,True,7.791548855786271,0.11366922380736433,第5天,6321
False,both,False,False,7.803512121563014,4.517234126031537,第2天、第5天,6322
True,none,True,True,6.627548330293637,2.6946889655792026,无,6323
True,none,True,True,3.702362498051914,0.6758725024175749,无,6324
False,both,False,False,8.47033944088139,3.3076674596346063,第1天、第5天,6325
False,queue,False,True,9.133067952492437,1.5662481175505367,第5天,6326
False,both,False,False,10.13030938517737,4.721175510302407,第5天,6327
False,both,False,False,9.127182848025212,3.146870058138595,第1天、第5天,6328
False,both,False,False,6.7545907556772296,7.3273045287858825,第2天、第5天,6329
False,both,False,False,5.4174015987323525,5.111473476084189,第4天、第5天,6330
False,both,False,False,11.399811500218888,6.884346174748989,第4天、第5天,6331
False,traffic,True,False,7.310638162684268,3.973521277335523,第5天,6332
False,both,False,False,8.344937937370094,2.5038040180804746,第2天、第5天,6333
False,both,False,False,11.928539997809128,1.5697937205013766,第3天、第5天,6334
False,both,False,False,2.3315358219377194,1.394226762721889,第5天,6335
False,both,False,False,7.353643181243179,7.859145796036346,第5天,6336
False,queue,False,True,3.037833442533609,2.6267001042330596,第5天,6337
False,both,False,False,7.753728145913547,6.064304127927305,第2天、第5天,6338
True,none,True,True,3.742032258247172,3.149881761287975,无,6339
False,queue,False,True,9.41959985799421,3.7827871460383857,第3天、第5天,6340
False,both,False,False,11.20596455956292,6.394252568554309,第3天、第5天,6341
False,both,False,False,10.154877079473628,4.585438268876971,第1天、第5天,6342
False,both,False,False,4.983845100343656,2.9287903324900224,第3天、第5天,6343
False,queue,False,True,0.6539647797789172,8.241136165990973,第5天,6344
False,both,False,False,11.726648917821432,4.890906785079162,第4天、第5天,6345
False,both,False,False,7.277783602534414,4.999050994082255,第1天、第5天,6346
False,both,False,False,13.370239808453135,7.310832995173564,第3天、第5天,6347
False,both,False,False,10.379314997375053,7.511449531909079,第1天、第2天、第4天、第5天,6348
False,queue,False,True,6.399625215443848,4.608643475327281,第5天,6349
False,queue,False,True,8.310382945694467,3.6318543705658137,第5天,6350
False,both,False,False,10.95064310755053,2.658807504020383,第3天、第5天,6351
False,both,False,False,9.656622543365089,3.473789060213909,第1天、第5天,6352
False,queue,False,True,2.920394005379646,3.796377455034147,第3天,6353
False,queue,False,True,6.899001924120782,5.163461346987988,第5天,6354
False,queue,False,True,4.738359908175513,5.951217405284778,第5天,6355
False,both,False,False,19.146023039762902,0.0,第1天、第2天、第4天,6356
False,both,False,False,6.396330960955996,0.4004634472473563,第2天、第5天,6357
False,queue,False,True,7.838856601791886,1.5353053606512912,第5天,6358
False,both,False,False,4.155242939025653,2.556098153882429,第5天,6359
False,both,False,False,5.3273781847346475,5.250358069698306,第4天、第5天,6360
False,both,False,False,2.08993153318906,5.352686310374832,第5天,6361
False,traffic,True,False,8.08968339147769,3.246582403323561,第4天,6362
False,queue,False,True,5.980546591605336,1.8592326337851275,第5天,6363
True,none,True,True,0.0,5.888674708254951,无,6364
False,both,False,False,8.986760985260283,6.172998933693353,第5天,6365
False,both,False,False,8.057521412367665,3.3198059377594045,第2天、第4天、第5天,6366
False,both,False,False,9.414298345533021,4.898218525546518,第4天、第5天,6367
False,both,False,False,12.467698879647434,0.9358940969673787,第3天,6368
False,both,False,False,9.267799466635475,2.399506843467244,第3天、第5天,6369
False,queue,False,True,3.2170209161902807,7.595836740059421,第4天、第5天,6370
False,queue,False,True,0.0,4.24893489563619,第5天,6371
False,both,False,False,13.473699273904943,6.6044411069010085,第2天、第3天、第4天,6372
False,both,False,False,6.456432712931722,5.648653130045907,第3天、第5天,6373
False,both,False,False,11.551933131345223,6.665613450583743,第1天、第2天、第4天、第5天,6374
False,both,False,False,6.500154996684455,3.603142160825717,第5天,6375
False,both,False,False,12.868318316849322,0.5804015039260455,第3天、第5天,6376
False,both,False,False,10.063834329046124,3.863640887082937,第3天、第5天,6377
False,both,False,False,8.369985879768553,2.965172964470492,第5天,6378
False,both,False,False,11.957741814652554,1.0967093237841148,第4天、第5天,6379
False,queue,False,True,4.057962676837362,3.519336899088194,第5天,6380
False,queue,False,True,10.535659340999604,2.8978602945402296,第5天,6381
False,queue,False,True,13.271094144665852,2.479163950686222,第5天,6382
False,both,False,False,14.915320428932704,6.52871153529613,第2天、第4天、第5天,6383
False,traffic,True,False,9.861300891560678,1.7546816083154275,第5天,6384
False,both,False,False,8.193034345629595,5.6452689742446305,第5天,6385
False,both,False,False,5.473421874308966,2.9713636766642626,第5天,6386
False,both,False,False,10.966780203832249,2.8013216710107063,第4天、第5天,6387
False,both,False,False,13.355561749033853,3.4892865925523164,第3天、第5天,6388
False,both,False,False,10.552388384040018,2.976471112458369,第1天、第5天,6389
False,both,False,False,19.464491324631,0.21237925880791364,第4天、第5天,6390
False,queue,False,True,5.335351784392753,1.3876487334962873,第5天,6391
False,both,False,False,2.4750702591916474,8.249052970912826,第5天,6392
False,both,False,False,10.571670073136932,5.027851578125461,第3天、第5天,6393
False,both,False,False,12.396677146606248,5.912370367466296,第1天、第3天、第5天,6394
False,both,False,False,8.795343387654903,3.155581089569531,第4天、第5天,6395
False,both,False,False,15.074535550095156,2.2800732928873284,第4天、第5天,6396
False,both,False,False,13.35207388247045,3.9003081695741697,第2天、第3天、第5天,6397
False,both,False,False,11.50583260306129,1.3561705683793188,第4天、第5天,6398
True,none,True,True,5.935916448523081,2.1587280234026487,无,6399
False,queue,False,True,8.949249334916308,2.445023838417144,第5天,6400
True,none,True,True,2.9694909218154817,2.7666853919081027,无,6401
False,both,False,False,8.536543738810519,1.768163233358623,第2天、第5天,6402
False,queue,False,True,4.88752381418043,2.7476379620385742,第5天,6403
False,traffic,True,False,8.553896151357051,4.7109933226576,第3天,6404
False,queue,False,True,4.7865150633625895,4.447432766539724,第5天,6405
False,queue,False,True,2.9536644432443735,3.8010991695749805,第5天,6406
False,queue,False,True,4.476928550870515,1.3952270026712383,第2天,6407
False,both,False,False,16.879590779985932,4.458008395502477,第2天、第3天、第5天,6408
False,queue,False,True,3.306327178545171,6.604096186887636,第3天、第5天,6409
True,none,True,True,4.933859883652138,4.524271055378466,无,6410
False,both,False,False,11.35988028558957,5.909635667433747,第3天、第5天,6411
False,queue,False,True,0.6361541844469715,3.5693178227479683,第5天,6412
False,traffic,True,False,11.609970910750746,3.7043457069275716,第1天,6413
False,queue,False,True,8.752475342429358,1.955220948079162,第3天、第4天、第5天,6414
False,queue,False,True,3.389734101688613,1.065009428951222,第4天,6415
False,queue,False,True,4.224892733623213,1.7460993373557496,第5天,6416
False,both,False,False,11.592116605370553,6.068296672574557,第2天、第3天、第4天、第5天,6417
False,queue,False,True,8.527016520760347,4.862811574642827,第5天,6418
False,queue,False,True,8.32569323899495,3.928957342877621,第3天、第5天,6419
False,both,False,False,7.745073622753445,5.051526670524049,第1天、第5天,6420
False,traffic,True,False,12.893876537998011,0.0,第2天,6421
False,queue,False,True,6.399763310524286,3.5335323713235924,第2天,6422
False,both,False,False,7.388621799470743,6.568553325548951,第5天,6423
False,both,False,False,7.120811903339241,6.64318993698596,第2天、第5天,6424
False,traffic,True,False,9.940506285572507,2.102637350111778,第3天,6425
False,both,False,False,8.177994435481367,4.6225292891677805,第5天,6426
False,queue,False,True,5.3695299918509685,3.301763864184623,第5天,6427
True,none,True,True,3.9308893905306403,4.4072279751324075,无,6428
False,queue,False,True,8.372457252263214,4.92472164058817,第5天,6429
True,none,True,True,5.927713152020939,0.8408572079778325,无,6430
False,both,False,False,3.875997380077673,3.3635921758193916,第5天,6431
True,none,True,True,1.3112507463440095,3.979303316673362,无,6432
True,none,True,True,7.098900740491519,5.984121639621811,无,6433
False,both,False,False,12.340408533753763,2.694068698863938,第2天、第5天,6434
False,queue,False,True,1.1376171085653726,4.649393274955695,第5天,6435
False,queue,False,True,5.371933618829568,2.7673619588812803,第5天,6436
False,queue,False,True,5.662037305373495,1.18072721280434,第5天,6437
True,none,True,True,3.8466616663968267,1.7315426564263163,无,6438
True,none,True,True,4.104006664886922,4.094930380740742,无,6439
False,both,False,False,5.106979136764973,3.923067036109558,第5天,6440
False,queue,False,True,6.044345431964952,2.5338919121512067,第2天,6441
False,queue,False,True,1.7257151792266732,4.688892082720529,第5天,6442
False,queue,False,True,6.374106662283308,1.332134712156217,第5天,6443
False,both,False,False,10.149326284839889,1.6548631675947887,第2天,6444
False,both,False,False,6.944609604581526,2.3354467842833984,第2天、第5天,6445
False,queue,False,True,7.542896547100515,1.2690324255819228,第5天,6446
False,queue,False,True,0.0,1.6580852127018524,第5天,6447
False,both,False,False,7.147363500497027,4.964982048246853,第4天、第5天,6448
False,both,False,False,10.04377446122848,7.472464230554767,第1天、第2天、第5天,6449
False,queue,False,True,5.925186212869024,0.9838021813631075,第5天,6450
False,queue,False,True,9.013936917574787,3.193547249156682,第5天,6451
False,both,False,False,5.1018879591022435,7.109051649875847,第5天,6452
False,traffic,True,False,5.635781989565781,7.256883474547606,第1天,6453
True,none,True,True,4.19287424338332,3.9908307200258712,无,6454
False,both,False,False,10.081330639500862,1.1488534677100857,第2天、第5天,6455
False,queue,False,True,5.525414112722304,6.1315908280929925,第5天,6456
False,queue,False,True,2.4245479986126752,5.851974934146994,第5天,6457
False,queue,False,True,1.6544853490448688,5.005044897066231,第5天,6458
True,none,True,True,3.9426716128401784,3.5900135076645587,无,6459
False,both,False,False,9.503778136927105,3.9637076799754345,第2天、第5天,6460
False,both,False,False,18.061986557999813,0.9377937827587444,第2天、第4天、第5天,6461
True,none,True,True,2.3967944185880077,3.8883774114228578,无,6462
False,queue,False,True,8.796553233640818,2.0313224877276497,第5天,6463
True,none,True,True,3.9892875339002956,6.045640191615584,无,6464
False,queue,False,True,7.224350776380007,3.251084970999011,第5天,6465
True,none,True,True,1.349957448298254,1.9297296047699999,无,6466
False,both,False,False,3.493344786201215,6.504523233256016,第2天、第5天,6467
False,queue,False,True,5.035148322945792,2.2767107273013423,第5天,6468
True,none,True,True,10.039050217617127,6.667590048680242,无,6469
False,both,False,False,11.255749084185286,3.540765063265682,第1天、第3天、第5天,6470
False,both,False,False,15.210851845398345,3.6153028549961466,第3天、第5天,6471
False,queue,False,True,1.4156258581760663,4.353089622024276,第5天,6472
False,both,False,False,16.045924811253315,2.7445900254668967,第2天、第4天,6473
False,queue,False,True,6.1205824977544125,5.7614935890323915,第5天,6474
False,both,False,False,11.391736150659568,2.553146256700038,第3天、第5天,6475
False,both,False,False,9.156297253691537,0.7288185824398609,第5天,6476
False,both,False,False,7.539705098191288,2.777594306934246,第2天,6477
False,both,False,False,5.619690621482267,6.120975981529718,第2天、第5天,6478
False,both,False,False,5.489056415254025,6.0713204819727835,第3天,6479
False,both,False,False,9.655942595008728,7.176557578033359,第3天、第4天、第5天,6480
False,both,False,False,4.142632078998375,6.635770716602019,第4天、第5天,6481
False,queue,False,True,6.086134642592209,5.378560802473935,第5天,6482
False,queue,False,True,5.237534558342146,5.692237654346242,第5天,6483
False,queue,False,True,9.76693377303749,5.746837511320443,第3天、第4天、第5天,6484
False,queue,False,True,10.746520863025028,4.801492793898974,第5天,6485
False,both,False,False,9.617883456490324,2.3220786564827898,第5天,6486
False,traffic,True,False,4.068619779855727,0.20752217683016383,第2天,6487
False,both,False,False,6.808428254845889,4.243801464322967,第1天、第5天,6488
False,queue,False,True,5.234216161318278,4.297638521537182,第5天,6489
False,queue,False,True,3.878734499701268,3.972140319523888,第5天,6490
False,queue,False,True,5.721642006862887,2.8511470438971673,第5天,6491
True,none,True,True,8.93044692737022,1.5268979669518337,无,6492
False,queue,False,True,6.387434361221544,1.5606799658633825,第3天,6493
False,queue,False,True,10.307034526773053,2.590092942019192,第4天、第5天,6494
False,both,False,False,6.262655171569507,2.3429151734779623,第2天,6495
False,both,False,False,8.528855821115975,3.058903660446032,第5天,6496
False,both,False,False,10.767873833481874,2.21261205100992,第2天、第5天,6497
False,queue,False,True,7.816314156363559,3.4714461713994957,第4天,6498
True,none,True,True,2.818577569692475,2.2984445939531515,无,6499
False,queue,False,True,1.4576959798735967,1.827123145589451,第5天,6500
False,both,False,False,9.141560110880787,2.4772615421351274,第2天、第5天,6501
False,queue,False,True,5.223085260127529,3.88211895168068,第5天,6502
False,both,False,False,15.64031677755924,4.0810211492749895,第2天、第5天,6503
False,queue,False,True,6.103975572709226,0.1576566770326927,第5天,6504
False,queue,False,True,11.245199876003907,4.68279781405925,第4天,6505
False,queue,False,True,4.66006753309113,5.578066264209863,第5天,6506
False,both,False,False,13.112297603585542,3.902707996331667,第2天、第3天、第5天,6507
False,both,False,False,12.176262518619355,4.627805528706151,第1天、第5天,6508
False,queue,False,True,8.411552082622832,0.6354526270082385,第5天,6509
True,none,True,True,9.002767781579859,2.014262087627386,无,6510
True,none,True,True,10.560560150064315,0.5281502602698364,无,6511
True,none,True,True,3.7350436473213673,6.102632488679216,无,6512
False,both,False,False,9.022388301205549,4.444481104072971,第2天、第5天,6513
False,both,False,False,4.087467198777125,4.108192078726948,第5天,6514
False,both,False,False,11.171260884310767,2.949962035212709,第3天、第5天,6515
False,both,False,False,9.565463565256806,2.823710735180168,第2天、第3天、第5天,6516
False,queue,False,True,3.6764854655495824,4.164840967029955,第5天,6517
True,none,True,True,3.226712478826558,3.2207683497114488,无,6518
False,queue,False,True,5.420777896163391,3.4179800408176275,第5天,6519
True,none,True,True,3.5979843814918917,4.760499139761972,无,6520
True,none,True,True,2.6989224553155835,1.310274301502949,无,6521
True,none,True,True,2.9157340503117055,2.905385563751218,无,6522
False,queue,False,True,8.728726244867076,3.683514143433678,第3天、第5天,6523
False,queue,False,True,1.8778154789498005,4.318827099535444,第5天,6524
False,both,False,False,12.065806106370687,2.2509253175572543,第2天、第5天,6525
False,queue,False,True,3.075758363136702,4.713649256055438,第5天,6526
False,both,False,False,4.735217394291407,4.080518467136863,第4天、第5天,6527
False,both,False,False,14.884931793363815,0.6950158978825771,第2天、第4天、第5天,6528
True,none,True,True,7.049006693579546,3.2436512735399585,无,6529
False,traffic,True,False,7.4969476471142125,2.436766018693426,第5天,6530
True,none,True,True,6.453995705644852,1.2525271845712465,无,6531
False,both,False,False,5.619759419362954,2.999891042609736,第2天,6532
False,both,False,False,6.590306620359447,0.6682737883072809,第5天,6533
True,none,True,True,5.8370686175196145,2.7458020849181475,无,6534
False,queue,False,True,4.808327669370129,3.3616744349499004,第5天,6535
False,both,False,False,5.494018962468178,3.357613938000144,第2天、第3天,6536
True,none,True,True,7.371941353866998,4.816300340170052,无,6537
False,both,False,False,10.920107120282573,1.2813077602717513,第5天,6538
True,none,True,True,4.864673008510616,4.26308906242415,无,6539
False,queue,False,True,6.268516270055482,2.1815089453700436,第5天,6540
False,queue,False,True,3.73081899985484,0.9585925860342638,第5天,6541
True,none,True,True,0.13598170158766681,2.689013798341776,无,6542
False,queue,False,True,3.6484348644581246,3.630832658505737,第5天,6543
False,queue,False,True,7.993048634520223,5.247644595814483,第3天、第5天,6544
False,both,False,False,9.598974257280686,2.152713631775404,第2天、第5天,6545
False,both,False,False,10.553256564826345,9.160581907257125,第2天、第4天、第5天,6546
False,queue,False,True,3.0891811884659237,2.1890886256002107,第5天,6547
False,queue,False,True,5.487318790134222,4.295559953596753,第5天,6548
True,none,True,True,8.89265666857754,2.903119149081932,无,6549
False,both,False,False,11.194246669179712,7.632119268562581,第4天、第5天,6550
False,queue,False,True,5.658102810361977,1.9980215958181025,第5天,6551
False,traffic,True,False,11.559883854330382,2.819000001067167,第3天,6552
True,none,True,True,5.459669385909397,0.733761739527657,无,6553
True,none,True,True,12.039568671893734,4.099967336486617,无,6554
False,both,False,False,12.639593077171373,3.3134688035254545,第3天、第5天,6555
False,both,False,False,10.507247340993,8.334512773224471,第1天、第4天,6556
False,queue,False,True,3.0020330071713826,7.529594173801273,第3天,6557
False,both,False,False,8.290200256611035,5.032216520602204,第1天、第5天,6558
False,both,False,False,5.180288111615296,6.173390918181589,第1天、第5天,6559
False,queue,False,True,11.462918693029518,1.0742455217174705,第5天,6560
False,both,False,False,5.063407161039864,5.6865706347734974,第5天,6561
False,queue,False,True,3.320022556245781,6.673739239341973,第5天,6562
False,queue,False,True,5.943205582581466,0.0,第5天,6563
True,none,True,True,2.02907570184304,1.1266722436108996,无,6564
False,queue,False,True,1.3221733560924482,2.292269628852412,第5天,6565
True,none,True,True,6.636573143933131,2.101774009052527,无,6566
False,traffic,True,False,7.320257306793152,6.099243047655662,第1天,6567
False,queue,False,True,11.575274883323836,3.3008618407046892,第5天,6568
False,both,False,False,8.04733517391003,7.07218651124489,第3天、第5天,6569
False,queue,False,True,4.029755844721617,0.21107383970438054,第5天,6570
True,none,True,True,3.875181481377611,2.145902157970016,无,6571
False,queue,False,True,5.502126207814023,3.160171467867969,第5天,6572
False,both,False,False,11.652319543489373,5.496870257659495,第3天、第4天、第5天,6573
False,queue,False,True,1.9033762330571466,2.578572494776907,第5天,6574
True,none,True,True,7.722778887864677,0.10241673926046457,无,6575
False,both,False,False,9.789617794163338,2.0736439655952688,第2天、第4天、第5天,6576
False,queue,False,True,5.574433444075868,8.1190008615976,第5天,6577
False,queue,False,True,5.61633119350947,1.2733465447362895,第5天,6578
False,both,False,False,14.201507573954988,5.721121101021497,第1天、第4天、第5天,6579
False,queue,False,True,5.812969310645267,1.759466681766082,第4天,6580
False,both,False,False,4.20176747933042,5.599025273461534,第3天、第5天,6581
False,traffic,True,False,7.721050038102843,5.482548913392897,第3天,6582
True,none,True,True,3.003836597817374,4.790422767795249,无,6583
False,both,False,False,9.971277725270253,1.3485072465359187,第4天、第5天,6584
True,none,True,True,3.6004033688914427,0.17236744912345536,无,6585
False,both,False,False,10.972736524952184,0.5083656933131132,第3天、第5天,6586
False,both,False,False,13.766949085038164,2.7775311512216208,第3天、第5天,6587
False,both,False,False,4.449455775557492,4.902734823229132,第3天、第5天,6588
True,none,True,True,4.359885812040471,0.37800221084252295,无,6589
False,both,False,False,15.239649372204767,5.8379502812379975,第1天、第2天、第4天、第5天,6590
False,queue,False,True,9.550830381497667,0.0,第5天,6591
False,both,False,False,9.876483309217582,5.455558559852293,第1天、第5天,6592
False,both,False,False,10.683084601095596,2.6967280316038065,第2天、第5天,6593
False,queue,False,True,7.722825254965248,4.534163131675423,第3天、第5天,6594
False,queue,False,True,8.695558704605597,1.82982465263657,第2天、第5天,6595
False,both,False,False,4.682505638058341,6.552215708793353,第5天,6596
False,both,False,False,8.769417102298,0.6589048529884475,第5天,6597
False,both,False,False,20.686147195428877,0.0,第1天、第2天、第5天,6598
False,queue,False,True,7.291575664197431,4.6225260777986765,第5天,6599
False,both,False,False,8.14691306574575,1.5385385938156313,第4天、第5天,6600
False,both,False,False,10.360342399236051,3.5106323557109036,第5天,6601
False,queue,False,True,7.076079069819909,4.071741461081525,第5天,6602
False,both,False,False,11.623735875713054,2.814175533066284,第4天、第5天,6603
True,none,True,True,3.280774242076393,1.095889717620792,无,6604
False,queue,False,True,2.019335338830019,3.8639787630669393,第5天,6605
False,both,False,False,19.889112168259466,0.69240719243581,第2天、第3天、第4天、第5天,6606
False,both,False,False,6.937533154959555,3.7800875549762156,第2天、第5天,6607
False,both,False,False,7.545598448430754,9.188712687216329,第1天、第5天,6608
False,both,False,False,9.39321261886786,4.592393420187136,第5天,6609
False,queue,False,True,7.591328565882498,4.2869521806261,第5天,6610
False,both,False,False,12.321907547442459,2.3507800540881476,第2天、第5天,6611
False,queue,False,True,0.6184981830444649,4.2841315577402685,第5天,6612
False,both,False,False,8.28583018416246,3.7759952056904287,第1天、第5天,6613
False,both,False,False,5.416452099032259,6.104086190757776,第3天、第5天,6614
False,queue,False,True,5.2649811885309745,5.162431298578959,第5天,6615
True,none,True,True,5.613381947756968,2.2611926285777586,无,6616
False,both,False,False,3.2986771483793658,2.818573615127649,第5天,6617
False,both,False,False,7.550121118343055,3.2868631553989345,第2天,6618
False,both,False,False,16.512062732304596,0.3292180120409246,第2天、第5天,6619
False,both,False,False,11.651374820650894,2.080124630190496,第4天、第5天,6620
False,queue,False,True,5.138920063086967,2.5923211731814573,第3天、第5天,6621
True,none,True,True,11.348524841434463,2.5191282841632985,无,6622
False,both,False,False,5.25481228832387,3.378432516871716,第2天,6623
True,none,True,True,4.942214337615343,0.0,无,6624
False,both,False,False,5.764036974446961,7.546720919104568,第2天、第5天,6625
False,traffic,True,False,7.691609335260495,7.242240487964839,第3天,6626
False,both,False,False,10.510192959420532,6.049607763266758,第5天,6627
False,queue,False,True,0.17003611333654978,6.559834505063859,第5天,6628
False,both,False,False,6.972814939921242,7.064013546573928,第1天、第5天,6629
True,none,True,True,6.412192860424595,1.1619343299344629,无,6630
False,both,False,False,5.533481932082115,2.0860535256578943,第2天、第5天,6631
False,both,False,False,10.74541622117004,5.6182674651114235,第5天,6632
False,both,False,False,5.419384308921949,0.9085022331104993,第2天、第5天,6633
False,both,False,False,6.3020816437612,3.847446733206683,第3天、第5天,6634
False,queue,False,True,6.608175219018979,5.558723359432239,第5天,6635
False,queue,False,True,2.414989972653519,0.782456534751149,第5天,6636
True,none,True,True,0.0,1.7587522550629497,无,6637
False,both,False,False,4.942898202542879,5.892612085266718,第2天、第3天,6638
False,both,False,False,7.447154102887849,2.746077200434381,第5天,6639
False,queue,False,True,7.137047357822125,4.852611057413538,第5天,6640
True,none,True,True,3.635333061231621,5.434180331993772,无,6641
True,none,True,True,3.0116201141005443,0.8382190649469291,无,6642
False,both,False,False,14.937809569696691,0.48739704366018355,第2天、第5天,6643
False,queue,False,True,8.909194217767634,5.508325209418259,第3天、第5天,6644
False,both,False,False,17.068813098794514,7.377392242383641,第2天、第3天、第5天,6645
False,queue,False,True,0.29992546743318793,3.104461764156688,第5天,6646
False,both,False,False,7.914156066321899,7.434342379263269,第2天、第5天,6647
False,queue,False,True,5.160453512264656,4.383426016757632,第5天,6648
False,traffic,True,False,7.459297311171168,3.010223346965688,第4天,6649
False,both,False,False,8.746113617541479,11.205961839363049,第1天、第5天,6650
False,both,False,False,4.4313517851201825,3.0780373352323167,第5天,6651
False,queue,False,True,8.18569569901021,4.894101853136088,第5天,6652
False,queue,False,True,7.496172520889355,0.14325580658786286,第5天,6653
False,queue,False,True,5.433464740902023,2.1486406187460707,第5天,6654
False,queue,False,True,11.546919198142062,3.4328565910317126,第5天,6655
False,both,False,False,9.741165316562801,0.9177814921390974,第3天、第5天,6656
False,both,False,False,9.492146633939463,0.0,第5天,6657
False,both,False,False,9.802877174473373,6.811212030493821,第3天、第4天、第5天,6658
False,queue,False,True,6.363902840273731,2.104772600139555,第5天,6659
False,both,False,False,10.399678463776848,3.921623312993156,第5天,6660
False,queue,False,True,8.05945071394782,5.45885615105443,第2天、第5天,6661
True,none,True,True,4.878701141434574,2.4731495694458103,无,6662
False,both,False,False,10.788483469934583,2.744561287028811,第1天、第4天、第5天,6663
False,both,False,False,14.3288299288944,5.320384972388191,第2天、第5天,6664
False,traffic,True,False,5.702835196424839,5.076445991936934,第1天,6665
False,queue,False,True,0.23956886201523614,1.7101106129662664,第5天,6666
False,both,False,False,16.51013839036593,2.4309163601364054,第3天、第4天、第5天,6667
True,none,True,True,2.8165093622675292,3.130583298426278,无,6668
False,both,False,False,5.601316875164293,3.7196457315264184,第5天,6669
False,both,False,False,10.071685957873134,6.5988844083673355,第1天、第4天、第5天,6670
True,none,True,True,9.849914127907319,2.2130809688475144,无,6671
False,both,False,False,24.833642505241194,2.911949748799671,第1天、第2天、第4天、第5天,6672
False,both,False,False,14.430615251759411,1.9041988224616175,第2天、第3天,6673
False,both,False,False,9.824974209978674,2.623019178363116,第3天,6674
False,queue,False,True,7.785633399709587,6.476935657321416,第5天,6675
False,both,False,False,10.98944380185936,3.446955558073176,第1天、第4天、第5天,6676
True,none,True,True,3.8449679951877256,1.1831482492027954,无,6677
False,queue,False,True,1.3006877864198756,2.72714829059028,第5天,6678
False,queue,False,True,0.7565688041771548,4.401798080635896,第5天,6679
False,traffic,True,False,7.769484368766963,1.1653974195385657,第1天,6680
False,queue,False,True,5.841741323775679,3.1510981757427787,第4天,6681
False,queue,False,True,11.212175500642083,1.885576946280615,第3天,6682
False,queue,False,True,6.300053976044313,5.506907196888557,第4天,6683
True,none,True,True,6.297793751333399,0.749438417080859,无,6684
False,queue,False,True,4.028807147618576,1.518591578731147,第5天,6685
False,queue,False,True,9.063772532919096,0.7200647032337142,第5天,6686
False,queue,False,True,5.194710587383789,2.6453840421968744,第3天、第5天,6687
False,queue,False,True,7.442523159355692,2.016695191393877,第5天,6688
True,none,True,True,5.437369901435589,3.6458400332195424,无,6689
False,queue,False,True,3.871078121681399,6.1895687478683445,第5天,6690
False,both,False,False,8.270661240439306,4.1133003269596635,第5天,6691
False,both,False,False,13.950489625032727,1.0365950499798522,第4天、第5天,6692
False,queue,False,True,5.621926122978325,4.842276548767584,第5天,6693
False,queue,False,True,10.53679150872306,3.2593148222818678,第5天,6694
False,both,False,False,22.743450616360164,2.902719978725824,第2天、第3天、第4天、第5天,6695
False,queue,False,True,4.878926329980825,7.458056675637042,第5天,6696
False,both,False,False,11.225298232885512,3.1176214457504923,第2天、第5天,6697
False,both,False,False,11.572066410094973,4.547076882831856,第4天、第5天,6698
False,both,False,False,7.677504212153142,3.976122026076872,第2天、第5天,6699
False,both,False,False,9.295994783477607,4.299036913745154,第3天、第5天,6700
False,queue,False,True,12.765456889042946,2.534968294138503,第4天、第5天,6701
False,both,False,False,11.601784119921719,2.4638589870268195,第3天、第5天,6702
False,both,False,False,11.633821539297113,4.546440093582856,第2天、第3天、第5天,6703
False,both,False,False,4.942908252291759,4.933956080360046,第4天、第5天,6704
False,both,False,False,11.435855289118331,0.8519320461518706,第4天、第5天,6705
False,both,False,False,7.738838023340036,4.544368441771244,第1天、第5天,6706
False,both,False,False,11.802849892973612,5.435515040024351,第2天、第4天、第5天,6707
False,both,False,False,7.633298313801885,5.372276618242578,第5天,6708
False,queue,False,True,1.2331393396436487,3.809816427468323,第5天,6709
False,queue,False,True,3.126885939297812,5.143927023031453,第5天,6710
True,none,True,True,1.706894814095774,2.5710586732175953,无,6711
True,none,True,True,7.035459018540067,2.681796960937287,无,6712
False,queue,False,True,6.57228947423636,0.0,第5天,6713
False,queue,False,True,6.136816174643935,3.8626697986951215,第2天、第5天,6714
False,queue,False,True,6.855349439372619,2.0382061051066094,第3天,6715
False,both,False,False,6.3959007897279285,5.507727917577116,第2天、第5天,6716
False,both,False,False,5.773535087528509,3.8649593286991974,第2天,6717
False,queue,False,True,6.52314519523155,4.8018670740051395,第5天,6718
False,queue,False,True,5.737618848330111,3.525691043213924,第3天,6719
True,none,True,True,8.184463136875237,2.7887440317512837,无,6720
False,both,False,False,13.314910002324208,1.7454003433854046,第3天、第5天,6721
False,both,False,False,10.20218810067416,5.643602882490844,第3天、第4天、第5天,6722
False,queue,False,True,5.219687547986673,0.961177090996176,第5天,6723
False,queue,False,True,1.1352053075527897,4.917285251083102,第5天,6724
True,none,True,True,3.2932384749050367,1.0468886435288265,无,6725
False,both,False,False,10.322832549135558,3.2787699092998723,第4天、第5天,6726
True,none,True,True,7.757348034832885,4.198613769443149,无,6727
False,both,False,False,11.678972728717522,4.263842132538704,第2天、第5天,6728
False,both,False,False,12.711998476785832,8.855883865801587,第1天、第4天、第5天,6729
False,traffic,True,False,17.757838376946722,0.0,第1天、第3天,6730
False,both,False,False,3.8995391089788334,3.3286953859445774,第5天,6731
False,both,False,False,8.567163105188193,4.103734238442872,第5天,6732
False,queue,False,True,5.356114570077181,3.7828970419199397,第5天,6733
True,none,True,True,5.506505924189376,3.995783414343374,无,6734
False,both,False,False,11.683132774790629,4.45356309090672,第4天、第5天,6735
False,both,False,False,8.92003453721326,1.7952928252356688,第3天、第5天,6736
False,traffic,True,False,9.265112779428122,1.7750599798893774,第1天、第2天,6737
False,queue,False,True,0.0,2.2053378932551566,第5天,6738
True,none,True,True,8.396711252176623,3.04969264346542,无,6739
False,both,False,False,10.779053843760112,0.27230322916509186,第3天、第5天,6740
False,queue,False,True,6.1425951090896636,6.344577862788705,第3天、第5天,6741
False,both,False,False,9.398841458106546,9.289385000575617,第2天、第3天、第5天,6742
False,both,False,False,9.848738646618479,5.999428004666661,第3天、第5天,6743
False,queue,False,True,8.856055564435833,5.3911965951356375,第4天、第5天,6744
False,both,False,False,6.717076830722903,4.7108645654133205,第5天,6745
True,none,True,True,7.7766264068781155,1.44057193048804,无,6746
False,traffic,True,False,8.648325328823363,0.25186120558413283,第5天,6747
False,both,False,False,9.31941571280062,1.6512063993350485,第2天、第4天、第5天,6748
False,queue,False,True,9.212938051923604,0.0,第5天,6749
False,both,False,False,12.265062861501647,2.2254590380753734,第1天、第5天,6750
True,none,True,True,6.659014294114052,2.8768368234128436,无,6751
False,queue,False,True,5.036753014648659,2.3565697368003105,第3天,6752
True,none,True,True,5.543666631855485,0.10162439032907722,无,6753
False,both,False,False,8.581020687596624,3.821460518623069,第2天、第5天,6754
False,queue,False,True,6.092713934656075,2.921891843613872,第5天,6755
False,queue,False,True,13.670553879713069,0.3287707888661955,第4天、第5天,6756
True,none,True,True,2.9786943690746055,0.0,无,6757
False,queue,False,True,3.6244563389412203,2.150535211091767,第5天,6758
True,none,True,True,14.766637602096669,0.0,无,6759
False,queue,False,True,5.627199230659428,4.71332458874449,第5天,6760
True,none,True,True,2.2158702733296813,4.492457347993289,无,6761
False,both,False,False,17.44150060409335,3.8464523523154286,第1天、第3天、第5天,6762
False,both,False,False,6.046714160016167,5.444090335302686,第2天,6763
False,queue,False,True,9.506798485456486,0.24453723228869673,第5天,6764
False,queue,False,True,7.444759576961544,3.419220682192276,第5天,6765
False,queue,False,True,11.225016381216562,4.478505958446446,第5天,6766
False,both,False,False,5.8235762673083356,7.9353549693346555,第1天、第4天,6767
False,queue,False,True,6.7871616268013,0.8425446472168205,第5天,6768
False,queue,False,True,7.596228572755832,1.1643955884644832,第5天,6769
False,queue,False,True,4.249850942875907,3.2187948055200435,第5天,6770
False,both,False,False,17.34028741436722,9.752203738611932,第1天、第3天、第4天、第5天,6771
True,none,True,True,2.162220380520877,2.7613187481035153,无,6772
False,queue,False,True,4.945665494465317,4.119601925308411,第5天,6773
False,queue,False,True,7.246349233029479,5.9603614810378325,第4天、第5天,6774
False,traffic,True,False,6.3724170768056965,3.376778203127134,第3天,6775
False,queue,False,True,1.9364087354768884,6.877726914492495,第5天,6776
False,queue,False,True,8.312580074581858,3.4007188463375684,第5天,6777
False,queue,False,True,6.931851416723065,0.8584093173111291,第2天、第5天,6778
False,both,False,False,4.724590771399864,4.198398162149319,第2天,6779
False,queue,False,True,8.779568071393882,3.391508597327878,第5天,6780
False,both,False,False,17.915103454655558,2.3256567980118037,第1天、第2天,6781
True,none,True,True,7.9862924650351275,3.453004298919494,无,6782
False,queue,False,True,9.74443133042061,3.1781296556815253,第5天,6783
False,both,False,False,7.407863963693091,10.177643686843876,第1天、第5天,6784
False,queue,False,True,3.9064144391467597,2.822534489136741,第5天,6785
False,queue,False,True,5.748735250598301,3.3936906812510372,第5天,6786
False,both,False,False,13.05627589402175,2.011668261597827,第5天,6787
False,queue,False,True,5.035966956596513,1.9997854396304469,第5天,6788
False,both,False,False,12.188064807069292,3.4266941170769383,第4天、第5天,6789
False,queue,False,True,6.645508706352134,4.4825392488027065,第3天、第5天,6790
False,both,False,False,2.657498271385032,5.040037940739867,第5天,6791
False,both,False,False,6.986290543017658,1.9225370399480193,第5天,6792
False,both,False,False,2.587509165290656,4.087696852627513,第5天,6793
False,queue,False,True,8.052822081342136,8.145777594824514,第5天,6794
False,queue,False,True,9.262560520227588,0.9601308595638113,第5天,6795
False,both,False,False,6.274950376912207,2.6515051141137262,第2天、第5天,6796
False,both,False,False,9.797392931480713,5.7869052566290184,第2天、第5天,6797
False,both,False,False,11.944108625578114,2.7085482394008378,第1天、第5天,6798
True,none,True,True,2.4200811336688695,0.0,无,6799
False,queue,False,True,7.489028321965862,0.0,第5天,6800
False,both,False,False,9.74885584136673,4.788290113846903,第2天、第5天,6801
False,both,False,False,7.5515277456679435,4.206700643241891,第4天、第5天,6802
False,queue,False,True,9.743832104740562,4.642638872872704,第2天、第5天,6803
False,both,False,False,7.993775467332806,4.1305757912135626,第1天、第5天,6804
False,both,False,False,4.814079146060945,3.100924133645199,第2天,6805
False,both,False,False,13.086342787792093,0.9814354811862364,第2天、第5天,6806
False,queue,False,True,6.774395092983573,3.0763882418489237,第5天,6807
False,queue,False,True,6.502801973232093,3.8222695144176244,第5天,6808
False,both,False,False,10.08598733095269,1.7882506926866646,第5天,6809
False,both,False,False,8.881493166745667,4.646324809741506,第5天,6810
False,both,False,False,11.62440924719308,1.397174088627545,第2天、第3天,6811
False,queue,False,True,7.846121060042429,6.562744365525474,第3天,6812
False,both,False,False,10.421038644510746,5.871935658652811,第2天、第3天,6813
False,both,False,False,9.028597525285836,5.476551771416742,第5天,6814
False,queue,False,True,8.289156678788862,3.3859877318874645,第2天、第5天,6815
False,queue,False,True,3.9223634133462704,6.09966570925722,第5天,6816
False,both,False,False,6.4899363363705245,7.483723341959226,第2天、第4天、第5天,6817
False,queue,False,True,5.103840965641589,2.601587933118411,第2天、第5天,6818
False,both,False,False,8.657921009496349,5.51829349492095,第3天、第5天,6819
False,both,False,False,7.793191862606963,5.553654675671487,第5天,6820
False,queue,False,True,13.325999811836336,1.3288078158442187,第2天,6821
False,queue,False,True,11.850731509272588,6.419472452043657,第2天、第4天,6822
True,none,True,True,4.848727209954919,3.05776039384245,无,6823
False,both,False,False,14.279569262775457,2.276659271218842,第3天、第5天,6824
False,both,False,False,6.464939920250355,4.782052736434804,第2天、第5天,6825
False,both,False,False,8.25417930307804,3.7470135392567276,第3天、第5天,6826
False,queue,False,True,7.146640316704498,5.505865302542546,第5天,6827
False,queue,False,True,6.124602290692163,4.370156633832601,第2天、第4天,6828
False,queue,False,True,4.456823703553914,3.477658826339356,第5天,6829
False,queue,False,True,6.786019237156257,2.2570097013501935,第5天,6830
False,queue,False,True,5.102747010641485,3.1930871522329496,第5天,6831
False,both,False,False,13.101729916654694,2.518293133251741,第1天、第5天,6832
False,both,False,False,13.089133702056667,2.617216140551486,第3天、第4天、第5天,6833
False,queue,False,True,5.728334665866273,3.601716994025007,第5天,6834
True,none,True,True,4.766896728028971,4.4039814967267175,无,6835
False,queue,False,True,8.15764496301778,2.401526611590321,第3天、第5天,6836
False,both,False,False,8.946298202243286,3.9560690088933708,第5天,6837
True,none,True,True,2.988018231854305,2.5397345936902176,无,6838
False,traffic,True,False,7.2904032490152115,3.0403204548379192,第3天,6839
True,none,True,True,8.797519760004619,2.515332030229433,无,6840
False,queue,False,True,1.5186107543632859,1.4813320375711554,第5天,6841
False,queue,False,True,4.075266337754631,2.476187260221322,第5天,6842
False,queue,False,True,6.739006905239522,1.3794875915565257,第5天,6843
False,queue,False,True,0.0,4.697680000531166,第5天,6844
False,queue,False,True,0.0,2.6575814246845453,第5天,6845
False,both,False,False,15.45477064891191,1.2700114924888128,第2天、第3天,6846
False,queue,False,True,4.831330939673828,3.6177437589742367,第5天,6847
True,none,True,True,4.345295634839815,3.8326102217994977,无,6848
True,none,True,True,2.225460110065482,4.914262089676486,无,6849
False,both,False,False,11.822459337155792,2.915644485867113,第3天、第5天,6850
True,none,True,True,7.871554435773749,2.5126198693628705,无,6851
False,queue,False,True,3.8204391488196583,2.9747411120495535,第5天,6852
False,queue,False,True,5.231092591471669,3.4405927851448235,第5天,6853
False,queue,False,True,5.883565983371757,2.117147971307632,第3天,6854
False,both,False,False,8.809423758982408,3.414306384532545,第4天、第5天,6855
True,none,True,True,5.488655275013653,0.6646201209883227,无,6856
False,both,False,False,10.074647005518171,2.132226367577883,第2天、第5天,6857
True,none,True,True,3.5222948765070208,3.78301745616105,无,6858
False,both,False,False,7.762255443619132,6.169379273857586,第2天、第4天,6859
False,both,False,False,9.190727378535438,1.2647290754505662,第2天、第5天,6860
False,both,False,False,10.131930044537246,7.291631186062279,第2天、第5天,6861
True,none,True,True,2.415099389374955,2.6728006202939945,无,6862
False,queue,False,True,10.386290570378371,3.4991897345429424,第5天,6863
True,none,True,True,4.775380745657409,3.876003628866663,无,6864
False,both,False,False,6.849424318698044,3.7282679912948167,第4天、第5天,6865
False,both,False,False,10.547023513805735,1.8882585655572268,第2天、第5天,6866
False,both,False,False,9.160186508183006,3.149300852246029,第5天,6867
False,traffic,True,False,7.790219716934745,2.5426161817368538,第1天,6868
False,queue,False,True,8.228033416192591,3.2118276029398345,第5天,6869
False,queue,False,True,3.158977461253325,5.815381249891691,第5天,6870
False,both,False,False,11.452369760465732,7.75339861584081,第3天、第5天,6871
False,queue,False,True,1.2751957411984538,7.8364495460300105,第5天,6872
False,both,False,False,10.178114776679962,1.9695958636601778,第5天,6873
False,both,False,False,5.698157747233658,2.780730343391951,第5天,6874
False,both,False,False,11.982987936097402,2.964896670787592,第3天、第5天,6875
False,both,False,False,14.719551177299529,6.089334814518401,第3天、第4天、第5天,6876
False,both,False,False,5.188513463419147,4.247308848854332,第2天、第5天,6877
False,queue,False,True,3.6730294747994368,7.15275334318083,第5天,6878
False,both,False,False,12.75335813909226,1.1943720421779491,第5天,6879
True,none,True,True,11.062083641592661,1.5185479200845897,无,6880
False,queue,False,True,3.666308147757791,4.53498126413017,第5天,6881
False,queue,False,True,7.016073549683094,3.7803625252680497,第5天,6882
False,both,False,False,13.09463626572681,0.936634000617625,第5天,6883
False,both,False,False,7.449006717461174,7.110292028874502,第2天、第5天,6884
False,both,False,False,5.578142271854464,4.81826969417002,第3天、第5天,6885
False,queue,False,True,4.020725836475235,7.661852226709476,第5天,6886
False,both,False,False,8.328349559265718,6.908066492943069,第1天、第5天,6887
False,queue,False,True,6.5066039105933395,1.8403529388749813,第4天,6888
False,queue,False,True,6.049858845549296,2.160397285461025,第5天,6889
False,traffic,True,False,11.621962990177895,1.9171795272386,第4天,6890
False,both,False,False,16.20164050076071,4.679440930183867,第1天、第3天、第5天,6891
False,both,False,False,11.240166648189959,5.779284586575595,第3天、第4天、第5天,6892
False,both,False,False,11.966535174348895,1.9946120491390686,第1天、第3天、第5天,6893
False,both,False,False,9.868690727699839,3.092673980382637,第3天、第5天,6894
False,queue,False,True,9.905183668515754,5.129808927607623,第5天,6895
False,both,False,False,5.558341067322544,6.23169797189713,第2天、第5天,6896
False,queue,False,True,1.6318265015200775,7.576321330381489,第4天、第5天,6897
False,queue,False,True,4.9802918318679845,5.6781297776521615,第5天,6898
False,both,False,False,5.1397833043900345,1.3343328285962561,第4天、第5天,6899
False,queue,False,True,4.944977676911312,2.030917189935482,第5天,6900
False,both,False,False,15.47948992981669,5.753385966542632,第2天、第4天、第5天,6901
True,none,True,True,3.2383583896206325,0.0,无,6902
False,both,False,False,13.233461371523186,2.863331425330437,第5天,6903
False,both,False,False,5.96032207651079,5.811731564403354,第2天,6904
False,queue,False,True,2.8204140131762667,3.9318490412754477,第5天,6905
False,queue,False,True,12.419317499565409,2.2241767600695965,第5天,6906
False,both,False,False,11.01207158911895,2.949000344750398,第4天、第5天,6907
False,both,False,False,3.905850597224865,4.412416988047044,第2天、第5天,6908
True,none,True,True,7.176332842171869,0.3674466199747204,无,6909
False,queue,False,True,1.4902169212102063,2.847764541098605,第5天,6910
False,both,False,False,9.351937686703007,0.7819643462329272,第5天,6911
False,queue,False,True,3.2078565505333625,3.9599937208385376,第5天,6912
False,both,False,False,13.053833803292765,6.286443107051415,第3天、第4天,6913
False,both,False,False,7.530056504868111,7.82950436304548,第2天、第5天,6914
True,none,True,True,4.732652789270652,2.2709444044920497,无,6915
False,both,False,False,8.045617749465677,8.086552653000275,第3天、第5天,6916
False,both,False,False,12.10212741113753,3.375913288023891,第5天,6917
False,both,False,False,12.15487700933829,2.241952489876885,第2天、第3天、第5天,6918
True,none,True,True,2.8925610710771186,6.162239650370663,无,6919
False,both,False,False,16.468541509861815,1.869428296470035,第2天、第5天,6920
False,queue,False,True,3.9611523329381617,4.067101417431857,第5天,6921
False,queue,False,True,4.879289837635612,3.6791026032817604,第5天,6922
False,both,False,False,4.261774214720347,8.993877598414802,第2天、第5天,6923
False,both,False,False,13.859195587316687,2.0434052275731758,第2天、第3天、第5天,6924
False,queue,False,True,3.501214309173721,4.968511377248126,第2天、第5天,6925
True,none,True,True,0.0,3.8734907182574845,无,6926
False,both,False,False,6.818762053258353,4.153803685312834,第4天、第5天,6927
False,queue,False,True,1.7695862098565893,5.870357324980638,第4天,6928
False,both,False,False,11.978264575959681,7.692399407042718,第4天、第5天,6929
True,none,True,True,4.753070189349557,2.0190676784604698,无,6930
False,both,False,False,10.672951638830646,6.047966093655193,第1天、第3天、第5天,6931
False,queue,False,True,7.227669054789219,5.819876789645004,第4天、第5天,6932
False,traffic,True,False,3.5551112464149477,6.70482169577294,第3天,6933
True,none,True,True,4.9930459698309475,0.5206104523201536,无,6934
False,both,False,False,8.820091665091967,2.723990254531861,第4天、第5天,6935
False,both,False,False,9.185367129990727,0.9787309342190121,第2天,6936
False,queue,False,True,7.097867629537443,2.584113200166093,第5天,6937
False,traffic,True,False,8.934330281562094,0.0113683404932855,第3天,6938
False,queue,False,True,4.224717091336677,2.440554998130087,第4天、第5天,6939
False,both,False,False,8.393722163963925,1.845576399912791,第2天、第5天,6940
False,both,False,False,7.579210613134928,3.2778165748116828,第2天、第5天,6941
False,queue,False,True,10.850191668628828,3.4790589177869435,第2天、第5天,6942
False,both,False,False,9.50946869630306,2.577319603890908,第2天,6943
False,both,False,False,14.511869851758334,4.307989743763684,第1天、第4天、第5天,6944
False,both,False,False,13.937899058135107,3.737746536113417,第5天,6945
False,both,False,False,9.149804909445123,5.276755672552375,第1天、第5天,6946
False,queue,False,True,13.93673728077965,2.079557547191825,第2天、第4天,6947
False,both,False,False,12.760460543791751,2.01134334147657,第3天、第5天,6948
False,both,False,False,13.26533929111795,3.8076089749482382,第4天、第5天,6949
True,none,True,True,2.3736577628853253,6.960960248331048,无,6950
False,queue,False,True,1.6789650037145298,4.597837266433483,第5天,6951
False,queue,False,True,3.122145062842136,2.3680263478265626,第5天,6952
False,both,False,False,7.956650474427102,3.586538104276827,第4天,6953
True,none,True,True,7.286223038777679,2.4939654595714726,无,6954
False,both,False,False,17.09461614922863,6.114927877497877,第1天、第2天、第3天、第5天,6955
False,both,False,False,13.558518625196609,3.6378328613050686,第3天、第5天,6956
False,queue,False,True,3.3160209054200194,4.209625759246462,第5天,6957
False,traffic,True,False,9.97231124036799,2.7220671044047533,第4天,6958
False,queue,False,True,3.925858729154025,1.744749114196175,第5天,6959
False,queue,False,True,6.6762871342272465,0.7964051844189518,第5天,6960
False,traffic,True,False,5.819937390842163,0.6571131145545244,第5天,6961
False,both,False,False,8.763146260943024,5.3411087929868035,第3天、第5天,6962
False,queue,False,True,5.264502623626855,5.2190008099041485,第5天,6963
False,queue,False,True,4.818444660445674,3.0852358063714656,第5天,6964
False,both,False,False,12.708555323385621,4.096958813632186,第2天、第3天、第5天,6965
False,both,False,False,12.873842883070854,1.374342147356993,第5天,6966
False,queue,False,True,4.936447940370493,2.6318631727648745,第5天,6967
True,none,True,True,4.126022665184065,0.0,无,6968
True,none,True,True,9.693580444175504,0.0,无,6969
False,queue,False,True,7.7997303537474085,4.583007625164403,第5天,6970
False,both,False,False,11.063426720456759,0.0,第3天、第4天、第5天,6971
False,traffic,True,False,4.4738207177092635,3.4234839771549357,第1天,6972
False,both,False,False,3.743121392605145,1.5625129014632524,第2天,6973
False,queue,False,True,0.0,2.4796602621729753,第5天,6974
False,both,False,False,6.62678275828929,3.061976206401428,第1天、第5天,6975
False,queue,False,True,2.09314778586429,1.199756118213522,第5天,6976
False,queue,False,True,2.2223581416743654,1.9861771770397925,第5天,6977
False,both,False,False,10.526207021146906,2.9535583188590673,第2天、第5天,6978
False,both,False,False,8.283285817454006,6.2223243854082915,第2天、第5天,6979
False,queue,False,True,8.871740384992233,4.882123169551537,第3天、第5天,6980
False,queue,False,True,8.426146511125136,5.8997025872490285,第3天、第5天,6981
False,both,False,False,7.348228776888369,3.5955874786732065,第2天、第5天,6982
False,both,False,False,5.311514269971532,4.115308266559424,第5天,6983
False,both,False,False,8.746657261572238,6.436673292352855,第1天、第3天,6984
False,queue,False,True,2.4727961460574037,3.9060964265120446,第5天,6985
True,none,True,True,0.0,2.564450703523947,无,6986
False,queue,False,True,1.0561941302437887,8.069692132152174,第5天,6987
False,both,False,False,2.4915095484476,6.704822386407968,第5天,6988
True,none,True,True,3.8272397301207515,2.928501031975218,无,6989
False,both,False,False,12.600542558948089,4.200646538523639,第2天、第5天,6990
False,queue,False,True,5.3504577820216905,3.9028974248594457,第5天,6991
False,queue,False,True,5.463281860865596,5.342377798145243,第5天,6992
False,both,False,False,13.003591032177196,5.234873407028786,第2天、第3天、第4天、第5天,6993
False,traffic,True,False,7.669923098632902,1.5798751995943547,第4天,6994
False,both,False,False,9.753674941648274,3.8477846078167985,第4天、第5天,6995
False,both,False,False,15.956007227409891,1.3050703318004668,第2天、第4天、第5天,6996
False,queue,False,True,3.47738182563053,3.344514846554081,第4天、第5天,6997
False,queue,False,True,8.6574123791665,5.103830051610014,第2天、第5天,6998
False,both,False,False,11.751532632160881,3.934576618102797,第5天,6999
False,traffic,True,False,10.813107434247337,0.599265048339289,第5天,7000
False,both,False,False,6.416567418866656,0.31099507374490887,第5天,7001
False,queue,False,True,1.9811081188067574,4.507007287179759,第5天,7002
False,queue,False,True,4.613785432216532,0.16259401360817805,第2天,7003
False,both,False,False,11.473523405413427,3.194810888070147,第2天、第3天,7004
False,both,False,False,10.28665265633255,1.9301534200642587,第2天、第5天,7005
False,both,False,False,9.355281608388019,2.9657885020620016,第3天、第5天,7006
False,queue,False,True,7.870946077551762,2.9647247637440755,第5天,7007
False,queue,False,True,6.664638365318619,4.819840632550856,第5天,7008
False,queue,False,True,5.218653011684929,7.235104195823338,第5天,7009
False,both,False,False,19.907441068620496,8.626907803753749,第1天、第2天、第4天、第5天,7010
False,both,False,False,6.74142570830828,5.423146534265481,第5天,7011
False,both,False,False,11.747638895710084,1.6996757778561427,第2天、第5天,7012
False,both,False,False,10.351108445443824,3.3885877945842156,第2天、第4天、第5天,7013
False,both,False,False,10.82231812202191,5.437976190704779,第1天、第3天,7014
False,both,False,False,5.898822137465431,4.540857345428237,第2天、第5天,7015
False,both,False,False,7.967267295963843,6.650517919721231,第3天、第5天,7016
False,traffic,True,False,8.700532354129425,0.6260317178010295,第3天,7017
False,queue,False,True,5.591116833937226,0.8567299572329744,第5天,7018
False,both,False,False,9.014648403604209,4.604037084950791,第4天、第5天,7019
False,both,False,False,11.192964978447218,3.5190369793908003,第5天,7020
True,none,True,True,1.395501538017487,2.9276788458445813,无,7021
False,traffic,True,False,8.100697004615265,1.8931560481801188,第3天,7022
False,queue,False,True,8.15095614414396,4.318549894352448,第5天,7023
False,both,False,False,1.2119238820679028,2.6101235526758635,第5天,7024
True,none,True,True,6.326236551150956,2.9389402585464004,无,7025
False,both,False,False,8.052320580702418,2.5525680734221003,第2天、第5天,7026
False,both,False,False,17.190461900225852,0.8380824545883719,第3天、第5天,7027
False,traffic,True,False,3.4978072740116635,4.178327568815165,第3天,7028
False,both,False,False,14.424049762085037,0.0,第3天、第5天,7029
False,traffic,True,False,6.600074252370788,1.7484838566715863,第1天,7030
False,queue,False,True,6.112751265823546,5.7317940544821635,第2天、第4天、第5天,7031
False,queue,False,True,5.051387150632891,0.0,第5天,7032
False,both,False,False,9.603014187458447,1.7938682530657926,第5天,7033
False,both,False,False,12.679643336184643,5.0593087613098024,第2天、第5天,7034
False,both,False,False,6.920530830875537,4.079182241722625,第5天,7035
True,none,True,True,4.075884055380316,1.5422764625076697,无,7036
True,none,True,True,6.694517604585634,2.5239010512834206,无,7037
False,queue,False,True,14.886148408073907,3.1820950601091975,第3天、第4天、第5天,7038
False,queue,False,True,7.056495266963118,4.851070680132594,第5天,7039
False,both,False,False,5.989511001924701,4.383314793722333,第4天、第5天,7040
False,queue,False,True,5.179092464864051,6.023246467046747,第5天,7041
False,queue,False,True,10.177517470092743,0.17072832907098234,第3天,7042
False,queue,False,True,4.429212225591431,4.5151948029969295,第5天,7043
False,both,False,False,7.143138988665664,7.027782679468174,第2天、第3天、第5天,7044
False,queue,False,True,7.625539840166313,2.7059920190669193,第5天,7045
False,both,False,False,8.012768350452507,8.692401458476056,第3天、第5天,7046
False,queue,False,True,4.8972695052772615,1.9665955703169624,第4天,7047
True,none,True,True,2.725410128247016,1.4881269271211632,无,7048
False,queue,False,True,4.9273759202506255,1.93377270008658,第5天,7049
False,queue,False,True,4.764506935868645,3.8413446361510935,第5天,7050
False,traffic,True,False,11.4071312314782,1.1390388262502649,第1天、第2天,7051
False,both,False,False,3.732692599404172,1.7032381660338687,第5天,7052
False,queue,False,True,5.389073310803001,6.431943964100025,第5天,7053
False,queue,False,True,0.0,3.744646990322789,第5天,7054
False,both,False,False,14.752884825986616,4.381509415122698,第2天、第3天、第5天,7055
True,none,True,True,5.793765072373409,0.4531942990480725,无,7056
False,both,False,False,4.879713501281307,3.1306441042668665,第4天,7057
False,queue,False,True,4.235551145132124,6.2392098999905325,第5天,7058
False,both,False,False,7.112989414641897,4.707936849439896,第2天、第5天,7059
True,none,True,True,0.0,3.7500237452350516,无,7060
False,both,False,False,10.886174947303749,5.660484369490418,第3天、第4天、第5天,7061
False,queue,False,True,5.124058035483324,6.234544445730879,第5天,7062
False,queue,False,True,0.6497495858848643,5.535237049439974,第5天,7063
False,both,False,False,9.289523294072051,4.9289196485732205,第4天、第5天,7064
False,both,False,False,15.739055116811262,0.35155882938455196,第1天、第2天、第5天,7065
False,queue,False,True,4.281899864138287,3.8269408629126955,第5天,7066
False,both,False,False,8.690781463816803,6.733986942160827,第3天、第5天,7067
False,queue,False,True,9.05878373268757,2.7617110193106025,第5天,7068
True,none,True,True,3.41528467111399,6.70410232581337,无,7069
True,none,True,True,3.941792615718027,2.283115943651473,无,7070
False,both,False,False,13.370235753338585,4.7963860794556625,第3天、第5天,7071
False,both,False,False,9.238539295308032,3.155926330596869,第2天、第5天,7072
False,queue,False,True,15.251847543211717,1.2396016059428154,第2天、第3天、第5天,7073
False,queue,False,True,3.4033021957094975,2.8871590753155134,第5天,7074
False,both,False,False,6.743730486602546,8.445128077194132,第1天、第5天,7075
False,both,False,False,9.301078882416817,5.003509249684828,第1天,7076
False,both,False,False,9.40505320073318,3.5267890401139956,第1天、第5天,7077
False,both,False,False,17.691994315665614,1.0284366256224806,第1天、第2天、第5天,7078
False,both,False,False,7.675994550049691,4.763423351229161,第5天,7079
False,both,False,False,5.849036246373075,4.957704390303126,第5天,7080
True,none,True,True,3.475694249155448,0.0,无,7081
False,both,False,False,15.467422576689563,1.239364707981589,第3天、第5天,7082
False,queue,False,True,9.663625558881392,2.8928221836835917,第5天,7083
False,queue,False,True,3.805489622785805,6.861624943186725,第5天,7084
False,queue,False,True,2.1119970014793603,3.769375637273222,第5天,7085
False,both,False,False,10.359442856866135,0.46873444456143765,第2天、第4天、第5天,7086
True,none,True,True,7.42280178353567,3.3405798412230796,无,7087
False,both,False,False,8.141090158556372,2.122367439061099,第5天,7088
False,both,False,False,6.724223094374397,3.8096978066947065,第4天、第5天,7089
False,both,False,False,7.10283305151607,4.53618642668728,第5天,7090
False,traffic,True,False,9.700863199872797,0.6787754011982742,第5天,7091
True,none,True,True,5.85984798728261,4.2268513898352795,无,7092
False,traffic,True,False,10.90769838956547,3.419477261589324,第3天、第4天,7093
False,both,False,False,11.524104865300336,0.9202595915898646,第5天,7094
True,none,True,True,3.2470260388751493,0.4788672491565261,无,7095
False,both,False,False,8.227404140831027,4.817843183327714,第2天、第5天,7096
True,none,True,True,6.353483644577109,1.681151430175948,无,7097
False,both,False,False,14.878892891896019,5.371762098908901,第1天、第4天、第5天,7098
True,none,True,True,6.941521517417515,1.628020756407805,无,7099
False,queue,False,True,3.076070603413105,3.0232705882299946,第5天,7100
False,both,False,False,6.766700041553696,1.6033401921202342,第1天,7101
False,both,False,False,12.253103262578133,3.720137083751643,第5天,7102
True,none,True,True,0.0,5.06919303049281,无,7103
False,queue,False,True,2.8643290640420633,7.694234148784682,第4天、第5天,7104
False,both,False,False,3.6410572304929434,9.487613185613682,第5天,7105
False,queue,False,True,3.857184731588192,0.5386870692813926,第5天,7106
False,queue,False,True,2.7955696005484687,4.485400806490325,第5天,7107
True,none,True,True,3.7749688328331,2.763485643727455,无,7108
False,both,False,False,9.24564132112215,4.341504369308615,第5天,7109
False,both,False,False,12.010378009293204,1.424503957221414,第2天、第3天、第5天,7110
False,queue,False,True,4.692897964799703,6.148017752142958,第5天,7111
True,none,True,True,4.189922084732273,0.0,无,7112
False,queue,False,True,5.1375567138118186,4.4991984521411155,第4天,7113
False,both,False,False,8.290261210887659,3.887468251675385,第5天,7114
False,both,False,False,8.343360822316587,0.7607650094796599,第5天,7115
False,both,False,False,9.186691831814422,4.175698754426738,第2天、第5天,7116
False,queue,False,True,6.2521285735009915,1.5250910759322744,第2天,7117
False,queue,False,True,7.63825806142299,1.473237612307078,第4天、第5天,7118
False,both,False,False,17.691572661707998,1.1294421829667183,第3天、第4天、第5天,7119
False,queue,False,True,0.0,5.195078801928238,第5天,7120
True,none,True,True,8.345218055557174,2.548720207714164,无,7121
False,queue,False,True,3.1695887986387237,4.04690863253207,第5天,7122
False,queue,False,True,7.66716729059346,5.828142039760779,第3天、第5天,7123
True,none,True,True,7.112416290251455,0.8313252838727363,无,7124
False,queue,False,True,5.017430318499498,3.7977771853199593,第5天,7125
False,both,False,False,10.376315282088258,0.4773223908569031,第4天、第5天,7126
False,queue,False,True,0.4037126102859581,2.5061328671884224,第5天,7127
False,both,False,False,16.997042131495853,3.4768766639209066,第3天、第4天、第5天,7128
False,queue,False,True,10.284621019063653,6.170252793800528,第5天,7129
False,traffic,True,False,10.64463159473334,5.893885559627829,第1天、第2天、第4天,7130
False,both,False,False,10.98239710987382,1.5491276045787683,第5天,7131
False,queue,False,True,4.730057912810939,2.1324810228392033,第4天,7132
False,queue,False,True,3.348911371624007,4.05531222977115,第5天,7133
False,traffic,True,False,15.454921988809252,1.301148378051365,第4天,7134
False,both,False,False,7.021516964781384,4.737555568635448,第2天、第5天,7135
False,both,False,False,10.738017879981756,5.9715985028791,第2天、第3天、第5天,7136
False,both,False,False,7.023401199674554,0.5663757537083814,第5天,7137
False,both,False,False,10.5957618260833,2.455437935330673,第2天、第5天,7138
False,both,False,False,9.048338576225394,4.056925961314288,第2天、第5天,7139
False,both,False,False,4.448891664801943,7.650767136664211,第5天,7140
False,both,False,False,5.263361623842162,8.711313278912382,第3天、第5天,7141
False,queue,False,True,4.676187195757526,5.039177266146263,第5天,7142
False,both,False,False,14.46654503738525,1.6325486055630114,第2天、第4天、第5天,7143
True,none,True,True,3.260437847018898,2.629688323292262,无,7144
False,both,False,False,12.135707166309707,2.184561838099905,第3天、第5天,7145
False,both,False,False,2.758169855091913,5.341263305451738,第2天,7146
False,both,False,False,13.55206569641356,3.0660265479738826,第2天、第3天、第5天,7147
True,none,True,True,3.851231049691325,1.3445836970861205,无,7148
False,queue,False,True,6.980960473235207,1.5958519156281317,第3天、第5天,7149
False,both,False,False,13.493949490546466,4.011765336509683,第1天、第2天,7150
False,queue,False,True,7.854542884915167,3.9155362226679116,第3天、第4天、第5天,7151
False,queue,False,True,4.344347027166975,3.1828961050784805,第5天,7152
False,queue,False,True,6.111381243701842,2.2357378293371872,第5天,7153
False,queue,False,True,3.7290031461784525,4.799004459719155,第5天,7154
False,queue,False,True,7.01247799080213,4.127708606164402,第5天,7155
False,queue,False,True,4.86612195087579,2.045792136857854,第5天,7156
True,none,True,True,3.373637929728268,2.8750117051076893,无,7157
False,both,False,False,10.654358853860652,3.757751377711503,第2天,7158
False,queue,False,True,13.070264250645524,2.7334056120794656,第2天、第4天,7159
False,both,False,False,9.18298716944475,1.6593600008903724,第1天、第5天,7160
True,none,True,True,5.84677062743488,3.6261813912405927,无,7161
False,queue,False,True,5.4094752650970355,6.830728544086934,第5天,7162
False,traffic,True,False,8.405728547190332,3.6559393104476294,第5天,7163
False,queue,False,True,6.279278309771715,0.5881207927845276,第5天,7164
False,queue,False,True,4.509962581657701,0.8528008706792227,第5天,7165
True,none,True,True,1.4125022208947426,2.761231864984148,无,7166
False,both,False,False,7.902023058728384,2.7041174858580495,第2天、第3天,7167
False,queue,False,True,9.109196873573328,0.4788379836338432,第5天,7168
True,none,True,True,3.4769411809478985,0.0,无,7169
False,queue,False,True,7.385616489452141,2.118107431430845,第5天,7170
True,none,True,True,3.7805713421364557,6.1375534437686685,无,7171
False,queue,False,True,4.996161513973457,3.940976549593374,第5天,7172
False,queue,False,True,3.0132527372857827,5.7126630610510905,第4天、第5天,7173
False,both,False,False,7.104538079924047,5.707119840434044,第3天、第5天,7174
False,traffic,True,False,6.925008787870295,6.478831632638268,第4天,7175
False,queue,False,True,3.2692750888409385,2.8582457459405317,第5天,7176
True,none,True,True,6.040662437894278,1.0273756052325786,无,7177
False,queue,False,True,2.160631419256785,2.578030462589505,第3天,7178
False,both,False,False,7.927544782283741,6.092709233637471,第2天、第4天、第5天,7179
False,queue,False,True,4.225192962070178,3.186895794845866,第5天,7180
False,queue,False,True,3.97293870649899,1.4028572626288598,第5天,7181
True,none,True,True,11.071693902744057,1.1675891146290824,无,7182
False,queue,False,True,13.270040211195383,3.330324175972127,第2天、第5天,7183
False,queue,False,True,14.505255400337328,2.9040429643715617,第4天,7184
False,both,False,False,8.948827306937062,4.9626287539451255,第1天,7185
False,both,False,False,10.27239247716226,9.230674879700917,第2天、第5天,7186
False,queue,False,True,8.869003140020153,1.3118779523487767,第5天,7187
False,queue,False,True,1.053547854988052,2.9281008618305946,第5天,7188
False,both,False,False,11.374775101273112,4.732037958009251,第5天,7189
False,both,False,False,11.248460213426316,2.5351073329624194,第3天,7190
False,both,False,False,9.009098375547662,2.605932948319804,第5天,7191
False,both,False,False,11.252699419064658,7.9352856078359935,第3天、第5天,7192
False,both,False,False,5.4971479747495104,3.127618093203697,第2天,7193
False,both,False,False,9.063535780072838,4.982655518490615,第4天、第5天,7194
False,queue,False,True,6.585176799657697,3.427151917598501,第4天、第5天,7195
False,both,False,False,5.048204054090907,6.9087029663276445,第5天,7196
False,queue,False,True,5.6889733164481395,6.320016492125949,第2天、第5天,7197
False,both,False,False,7.814956524575919,3.6442243721527348,第2天、第5天,7198
False,both,False,False,11.742438502647161,4.665833669578464,第1天、第3天、第5天,7199
False,queue,False,True,10.508358567852042,3.0839738379200687,第4天、第5天,7200
False,both,False,False,10.312752268164187,4.614623548390719,第3天、第4天、第5天,7201
False,traffic,True,False,5.747164426781397,7.878488503224338,第4天,7202
True,none,True,True,5.661085984962973,3.0287350806862214,无,7203
False,both,False,False,13.489060198072648,3.7314940422321925,第1天、第2天、第5天,7204
False,both,False,False,8.076946182101086,2.4939195679117994,第1天、第5天,7205
True,none,True,True,5.603520832827989,0.0,无,7206
False,queue,False,True,5.395790437427921,2.3909605443171706,第5天,7207
False,both,False,False,11.721977418276678,3.282569416219542,第2天、第5天,7208
True,none,True,True,5.3590621149056386,4.347411663113981,无,7209
False,both,False,False,6.678848440473693,0.8356537466981546,第3天、第5天,7210
False,queue,False,True,12.568289063780352,3.658567199106252,第3天、第5天,7211
False,both,False,False,13.53998663049294,6.562677707482028,第2天、第3天、第5天,7212
False,queue,False,True,9.263145151573546,2.6892974170920083,第5天,7213
False,both,False,False,11.595672540068165,1.6107176148575824,第5天,7214
False,traffic,True,False,6.47547487506116,4.825961905615809,第4天,7215
False,queue,False,True,0.9390923153268018,6.281273573373015,第5天,7216
False,queue,False,True,10.756585897106234,1.2261733523998881,第4天、第5天,7217
False,both,False,False,13.8645994000078,2.494465799593818,第3天、第5天,7218
False,both,False,False,11.283100088433173,6.091847157956195,第2天、第5天,7219
False,queue,False,True,5.5831049785813835,4.491634510021494,第3天、第5天,7220
True,none,True,True,9.554189495659305,2.2587158301542027,无,7221
False,both,False,False,10.363417624326653,4.018442947918725,第4天、第5天,7222
False,queue,False,True,4.583743482263873,1.8225006641721597,第5天,7223
True,none,True,True,0.46520838229316797,2.2702289198652914,无,7224
False,queue,False,True,3.1450894342738116,4.965330209357567,第5天,7225
False,both,False,False,2.6110819386718727,4.707529302143915,第5天,7226
False,both,False,False,7.717177210721571,2.051376895008267,第1天、第5天,7227
True,none,True,True,5.6572087481319056,4.292597101998954,无,7228
False,traffic,True,False,10.432397780381278,2.9063537409369267,第5天,7229
False,both,False,False,14.510718799508883,2.618076679053666,第4天、第5天,7230
True,none,True,True,2.92423312008014,0.5102401592496876,无,7231
False,queue,False,True,2.0619211976998444,5.375394858832125,第5天,7232
True,none,True,True,4.747547800519232,0.4807416236610561,无,7233
False,queue,False,True,3.4985303762863493,7.921305486615372,第5天,7234
False,queue,False,True,5.836821872284562,1.1360245737182713,第2天,7235
False,both,False,False,10.391206031574741,2.6799206217267777,第2天、第3天、第5天,7236
False,queue,False,True,9.529830013501716,2.2738948298058235,第4天、第5天,7237
False,traffic,True,False,9.144115054039354,4.934253322280782,第3天,7238
True,none,True,True,1.3786832761340984,1.4162349184276428,无,7239
False,queue,False,True,3.351792204799512,4.9854708105596846,第5天,7240
False,both,False,False,8.662623678046703,2.054039717882439,第2天、第5天,7241
False,queue,False,True,6.592038681857308,3.8194659527317167,第5天,7242
True,none,True,True,7.279193032696202,2.5626321235225604,无,7243
False,queue,False,True,4.135043729827322,3.072136565583097,第3天,7244
False,both,False,False,7.010328066984867,3.5296437002973926,第2天,7245
False,traffic,True,False,4.027673935166185,2.96089781926528,第4天,7246
False,both,False,False,11.886330884583257,8.496306265842906,第2天、第3天、第5天,7247
False,queue,False,True,8.627555882204831,5.536856423324758,第3天、第5天,7248
False,both,False,False,11.75482192268795,4.666301964955673,第4天、第5天,7249
False,both,False,False,9.984556697562127,4.556928610418449,第1天、第4天、第5天,7250
False,both,False,False,4.8590199565293135,5.852591527242803,第2天、第5天,7251
False,both,False,False,14.935788533638375,4.097903697816538,第5天,7252
False,both,False,False,15.71974130550638,6.528085489630637,第1天、第2天、第4天、第5天,7253
False,both,False,False,3.8218371875918846,5.106210397682065,第4天、第5天,7254
False,queue,False,True,8.736625861902066,0.71653756506041,第2天、第5天,7255
False,queue,False,True,6.607593890934773,5.927290495489748,第2天、第5天,7256
False,queue,False,True,4.359415621279904,2.7836014516810375,第5天,7257
False,traffic,True,False,5.253063894106762,4.099014287385746,第3天,7258
False,queue,False,True,7.601981983166944,4.172689554028578,第5天,7259
False,both,False,False,9.188903408553799,5.12600499587127,第3天、第4天,7260
False,both,False,False,10.272746596393619,5.72549999311955,第4天、第5天,7261
False,queue,False,True,4.095904551753452,2.076481316919754,第5天,7262
False,queue,False,True,3.6641577388050193,5.142171995295973,第5天,7263
False,traffic,True,False,6.3554736562942615,3.8368875169075807,第2天,7264
False,both,False,False,5.206762631483022,5.803456519354341,第4天,7265
True,none,True,True,7.233658233075849,1.4032864895707537,无,7266
False,queue,False,True,3.6654071298749815,3.9231558516608835,第5天,7267
False,both,False,False,12.695324324035306,5.961219816394339,第1天、第3天、第5天,7268
False,both,False,False,10.375403998851382,4.665741940877054,第2天、第5天,7269
False,queue,False,True,6.10459661444748,2.039251233698139,第5天,7270
False,both,False,False,5.998404978956999,6.212929108957178,第3天、第5天,7271
False,both,False,False,11.617915451645485,4.1924498290441505,第5天,7272
False,queue,False,True,2.3413434092588186,8.061845448449656,第5天,7273
False,both,False,False,4.940673011308675,3.479511503167343,第5天,7274
False,both,False,False,11.187804678041891,4.962724443493007,第2天、第4天、第5天,7275
False,queue,False,True,1.3420410610977127,6.472654017887068,第5天,7276
False,both,False,False,11.75761075805718,2.253573284960787,第4天,7277
False,both,False,False,6.3900210646070805,2.6982929375605234,第5天,7278
False,queue,False,True,5.304957442799989,0.8273180736220247,第5天,7279
False,queue,False,True,2.073499009627151,2.7730104374361186,第5天,7280
True,none,True,True,2.5846265635222947,1.4535877646354094,无,7281
False,queue,False,True,3.35359659919658,6.142421993440543,第3天、第5天,7282
False,queue,False,True,7.636955735546053,3.655020548851087,第5天,7283
False,queue,False,True,8.104956079731407,3.7059860173780788,第3天、第5天,7284
False,traffic,True,False,3.8599831197533185,1.2349920552284586,第5天,7285
False,both,False,False,15.701052115331883,0.6936776775891421,第5天,7286
False,both,False,False,15.909374076273755,3.362300218836763,第4天、第5天,7287
False,both,False,False,11.150682523457387,4.369818460176301,第3天、第4天、第5天,7288
False,both,False,False,16.83892368015017,8.671841718900113,第1天、第2天、第4天、第5天,7289
False,both,False,False,13.775927830744871,6.637179705636763,第2天、第3天、第4天、第5天,7290
False,queue,False,True,6.074205355872545,4.343077623332423,第3天,7291
True,none,True,True,3.615090033247962,0.0,无,7292
True,none,True,True,5.3137601587294565,0.0,无,7293
False,both,False,False,10.064264211247298,2.5994937991075933,第2天、第3天,7294
False,both,False,False,14.853979597494565,5.7997828094246975,第1天、第2天、第5天,7295
False,both,False,False,3.115490234572924,5.841820092207858,第1天、第5天,7296
False,queue,False,True,9.285801358325054,4.368898973763708,第4天、第5天,7297
False,both,False,False,20.20722747093851,2.010317035419889,第1天、第4天、第5天,7298
False,both,False,False,9.450351583688619,5.405782016130362,第5天,7299
False,both,False,False,9.197398211371711,1.9125458290269541,第5天,7300
False,traffic,True,False,7.0129145241793776,3.351353463705877,第2天、第5天,7301
False,queue,False,True,2.42361568512669,1.7233170389775738,第5天,7302
False,both,False,False,6.081700472500857,6.169402090306061,第2天、第5天,7303
False,queue,False,True,4.06087944114161,7.255287358260914,第5天,7304
False,both,False,False,6.525852882428602,7.670547524226045,第2天、第5天,7305
False,queue,False,True,3.1376855324288515,5.156949735818955,第5天,7306
False,both,False,False,12.97217308157121,3.004608427492332,第5天,7307
False,both,False,False,16.55280577179112,0.0,第2天、第3天、第5天,7308
False,queue,False,True,1.3585221608316882,3.0211183763657363,第5天,7309
False,queue,False,True,9.415144748799007,0.978824267598936,第5天,7310
False,both,False,False,10.848477765825699,3.3126180186061274,第2天、第5天,7311
False,traffic,True,False,7.360518373460307,5.077787939295689,第5天,7312
False,queue,False,True,0.22697736646839173,5.577461830664969,第5天,7313
False,queue,False,True,4.5691420457077125,3.7494941987755612,第5天,7314
False,queue,False,True,7.107046293849752,2.0931497608573126,第4天,7315
False,queue,False,True,7.965943247688422,2.537836715438746,第5天,7316
False,both,False,False,5.1565934617812665,4.007991582679948,第5天,7317
False,both,False,False,6.989468124960749,6.149280265179448,第5天,7318
False,queue,False,True,6.670881543835145,2.9545850266407405,第4天、第5天,7319
False,queue,False,True,7.609757707397512,4.430849579950086,第5天,7320
True,none,True,True,4.1576208323771615,1.00285136469955,无,7321
False,queue,False,True,3.2340502543407164,3.001532680407739,第5天,7322
False,both,False,False,11.622080340152582,0.41330812690279795,第2天、第5天,7323
False,queue,False,True,5.62354220167858,4.624634273971122,第4天、第5天,7324
False,both,False,False,4.454252334822328,8.202564950497138,第5天,7325
False,queue,False,True,6.840959114572858,4.862294572493051,第5天,7326
False,traffic,True,False,11.013689019491915,3.669027479836979,第3天、第5天,7327
False,both,False,False,5.02993063555904,5.033235041140351,第5天,7328
False,both,False,False,13.812302187824402,2.1986559440055804,第3天、第4天,7329
False,queue,False,True,7.57765103205727,2.468389562353212,第3天、第4天,7330
False,both,False,False,9.510876788124548,2.294146929636741,第2天、第5天,7331
False,queue,False,True,6.589592813975253,5.7831310987113325,第5天,7332
False,queue,False,True,9.312303951592291,5.142266475224609,第4天、第5天,7333
True,none,True,True,7.831758070882294,2.6485115902717373,无,7334
False,both,False,False,6.041633303040273,9.170598168351082,第3天、第5天,7335
False,queue,False,True,8.125489142508133,4.131158037195682,第3天、第5天,7336
False,queue,False,True,8.629415997271987,3.1265028723574693,第3天、第5天,7337
False,queue,False,True,3.6829570367447593,4.077426413034323,第3天,7338
False,queue,False,True,7.117987526789589,0.0,第5天,7339
False,queue,False,True,3.4225415663281873,3.4816709418646266,第5天,7340
False,queue,False,True,8.031894031397368,4.17420671935235,第5天,7341
False,queue,False,True,8.218527936183225,5.922063720868069,第2天、第3天、第5天,7342
False,queue,False,True,4.3025183572208565,2.0290354446132577,第5天,7343
False,both,False,False,12.79525863029447,2.2340129161579547,第2天、第4天,7344
False,both,False,False,16.644898874385248,2.830035987381908,第2天、第4天、第5天,7345
False,queue,False,True,4.892005144904346,2.550153072244667,第3天、第5天,7346
False,queue,False,True,2.5809918770015416,5.61127742672369,第3天、第5天,7347
True,none,True,True,2.3037455734238934,1.8804926524426504,无,7348
False,both,False,False,12.769787333016524,4.578757883654727,第2天、第3天、第5天,7349
False,queue,False,True,3.7295291435741627,0.7425349423927456,第5天,7350
False,both,False,False,9.986377143604724,2.4994076314940377,第2天、第5天,7351
False,both,False,False,11.93339652752771,2.828261651683417,第2天、第5天,7352
False,queue,False,True,8.436970537837643,4.4425409047673945,第2天、第5天,7353
False,both,False,False,13.61691226128471,2.5768836429218123,第3天、第5天,7354
False,both,False,False,6.532505770690339,3.7423881906346814,第5天,7355
True,none,True,True,6.478459339536805,5.780089338279336,无,7356
False,both,False,False,9.51631951771172,4.327392359205065,第2天、第4天、第5天,7357
False,both,False,False,5.106960592291007,2.76807755287493,第5天,7358
False,queue,False,True,1.0755177897404908,7.604871370146799,第5天,7359
False,queue,False,True,0.3814545133474414,2.7734643251604827,第5天,7360
False,queue,False,True,4.729151400653387,3.9528186740380535,第2天、第5天,7361
False,queue,False,True,8.22774015381091,3.914676319455046,第3天、第4天、第5天,7362
False,both,False,False,10.691922086797256,6.123668860162704,第5天,7363
False,both,False,False,6.59351542495283,0.8882037189826951,第5天,7364
False,queue,False,True,4.012933493108008,7.840963545547812,第5天,7365
False,both,False,False,8.576138865870773,6.705179875547763,第2天、第5天,7366
False,both,False,False,4.687298210280326,6.243828015112776,第2天、第5天,7367
False,both,False,False,9.527142816187753,5.992180431796933,第1天、第5天,7368
False,queue,False,True,5.303721860173827,2.212721659058449,第5天,7369
False,both,False,False,4.934497781408558,8.267630758777711,第3天、第5天,7370
False,both,False,False,10.532604703292428,1.5196506134460854,第2天、第5天,7371
False,traffic,True,False,18.846082305113967,1.0401666323113608,第3天、第4天,7372
False,both,False,False,8.172222085135958,6.961060073492675,第3天、第4天、第5天,7373
False,queue,False,True,8.775548593379611,2.1168671149077927,第4天、第5天,7374
True,none,True,True,5.4161717539584915,2.295112142694005,无,7375
False,both,False,False,9.099283722827854,5.941158832472846,第1天、第4天,7376
False,traffic,True,False,7.350297884219616,2.4398034825973918,第5天,7377
False,queue,False,True,3.0154384142811415,5.219022287035311,第5天,7378
False,queue,False,True,5.357480161555317,1.2562046426700735,第5天,7379
False,queue,False,True,7.025314811498005,3.432282280876164,第4天、第5天,7380
False,both,False,False,10.298247654069979,5.03457208233067,第2天、第3天、第5天,7381
False,both,False,False,10.306496120297304,1.8148283785813104,第5天,7382
False,queue,False,True,3.6753133685437787,3.355730897069697,第5天,7383
False,both,False,False,18.338666952106433,7.549452022487955,第1天、第2天、第3天、第5天,7384
False,both,False,False,5.7460307722257005,4.147003611465143,第3天、第5天,7385
False,both,False,False,10.515390324369013,0.6232871580362691,第1天、第4天、第5天,7386
False,queue,False,True,1.6552788358226853,2.546218842915093,第5天,7387
False,queue,False,True,8.55278924017638,1.1863865594910923,第5天,7388
False,both,False,False,6.180459895861171,1.7746575205020392,第2天、第5天,7389
False,both,False,False,4.802290149432817,4.237444514521869,第2天、第5天,7390
False,both,False,False,9.281038321773686,3.3059434417701667,第5天,7391
False,both,False,False,14.905445513902553,3.183297507509186,第2天、第3天、第5天,7392
False,both,False,False,11.715144653795502,1.466790944618013,第2天、第5天,7393
False,queue,False,True,5.460210649718476,3.9381070381989542,第5天,7394
False,both,False,False,12.29510868980965,6.254220988814799,第3天、第4天、第5天,7395
False,queue,False,True,7.490933800286535,3.7765180805771705,第5天,7396
False,traffic,True,False,9.320542833985131,1.2128961058037708,第4天,7397
False,queue,False,True,7.065384332596977,7.79887473838801,第3天、第5天,7398
False,queue,False,True,3.410063196355579,6.281274745949871,第5天,7399
False,both,False,False,15.257769136613245,5.993660579321079,第2天、第3天、第5天,7400
False,both,False,False,8.17522384350062,4.413408083491298,第4天、第5天,7401
True,none,True,True,1.504074386169871,3.4353789662703984,无,7402
False,both,False,False,8.51311694432961,4.189412412793925,第5天,7403
False,queue,False,True,4.760715496023564,8.237556642016223,第5天,7404
False,both,False,False,9.522123828017298,5.45227675773007,第2天,7405
False,both,False,False,10.707040582756083,2.376399060760278,第4天、第5天,7406
False,both,False,False,6.254720698095829,4.8991462192865125,第1天、第2天,7407
True,none,True,True,2.08268929446581,2.5082409563085406,无,7408
True,none,True,True,0.06181545831319235,0.0,无,7409
False,queue,False,True,9.884003570681756,5.221100595870764,第5天,7410
False,queue,False,True,2.564087763431176,8.06456664596309,第5天,7411
False,both,False,False,10.543797045462892,4.713819732014287,第4天、第5天,7412
False,both,False,False,9.955591495722235,4.048742370978554,第2天、第5天,7413
False,both,False,False,9.206579993264803,3.072509492773981,第3天、第4天、第5天,7414
False,both,False,False,10.486063435623876,2.5260018584898227,第4天、第5天,7415
False,both,False,False,9.954864388467133,4.026958974335889,第4天、第5天,7416
False,queue,False,True,3.9026494156930482,7.390040882435624,第5天,7417
False,both,False,False,7.856135273099373,6.967947080466406,第4天、第5天,7418
True,none,True,True,0.6227440727779415,2.389873454703288,无,7419
False,queue,False,True,9.567065908843059,2.0812642749933277,第5天,7420
False,both,False,False,7.418524521711657,5.4168124460440925,第2天、第5天,7421
False,queue,False,True,6.589721699382349,4.575600845982008,第5天,7422
False,queue,False,True,8.340671279117876,1.8631645067836942,第5天,7423
True,none,True,True,4.716459202182151,2.3589691268898028,无,7424
False,both,False,False,5.5945711146466195,7.732584202664708,第4天、第5天,7425
False,both,False,False,7.023727835409506,2.448366631421689,第5天,7426
True,none,True,True,6.718315306547522,2.585771639639375,无,7427
False,queue,False,True,6.221437585378533,1.564748608165901,第5天,7428
True,none,True,True,5.6581955117625125,5.413781927198267,无,7429
False,queue,False,True,6.333940262290815,3.200072124380657,第5天,7430
True,none,True,True,4.564298352232525,0.8519453361026523,无,7431
False,both,False,False,10.761771061730784,6.82949367017954,第2天、第4天、第5天,7432
False,both,False,False,9.064167333522889,6.776632086535801,第3天、第5天,7433
False,both,False,False,3.9170816321339257,6.720827535761823,第2天,7434
False,queue,False,True,0.0,6.963244490545912,第5天,7435
False,both,False,False,6.309383548064401,3.1202797683039263,第5天,7436
False,both,False,False,7.909845084382933,8.65114784149903,第1天、第4天、第5天,7437
False,traffic,True,False,8.834355751349706,2.653397976191445,第2天,7438
False,both,False,False,9.178872875035166,0.7422240091063941,第2天,7439
False,queue,False,True,13.216282899274692,0.6206769130960221,第5天,7440
False,queue,False,True,4.1829371557017065,3.043140557393445,第5天,7441
False,queue,False,True,4.431881767761766,6.505663724140369,第5天,7442
False,queue,False,True,9.104082219013968,5.6451644527068705,第3天、第4天、第5天,7443
False,both,False,False,16.31183102376682,3.2257232366211057,第3天、第4天、第5天,7444
False,queue,False,True,3.8403134309232896,4.36518985715735,第4天、第5天,7445
False,queue,False,True,8.818991696886574,2.167159283659965,第3天,7446
False,both,False,False,15.824762819508098,2.5568571459224714,第2天、第5天,7447
False,both,False,False,11.773205130426344,6.018525643513405,第3天、第4天,7448
False,queue,False,True,5.1629622712582535,1.6199795747276338,第4天、第5天,7449
True,none,True,True,0.11565263374720192,1.5282168177878932,无,7450
False,queue,False,True,4.168788582448828,1.539342279597959,第5天,7451
False,traffic,True,False,7.517485510052875,3.8187404792599944,第4天,7452
False,both,False,False,8.172932850810101,5.620193316402194,第3天、第5天,7453
False,both,False,False,8.966828439969806,6.9939030112266405,第4天、第5天,7454
False,both,False,False,13.495893568397973,2.026888961957291,第2天、第5天,7455
False,queue,False,True,5.878671207681549,8.082524104658386,第5天,7456
False,both,False,False,8.941988584339857,6.41941598081216,第2天、第3天、第5天,7457
False,both,False,False,5.907249849368968,5.620103406628641,第1天、第4天,7458
False,queue,False,True,5.9808295848764566,7.708092814845708,第4天、第5天,7459
False,both,False,False,9.15057662412865,6.019076667955499,第3天、第5天,7460
False,traffic,True,False,9.059461500070002,3.0021279253917736,第5天,7461
True,none,True,True,0.0,6.721225386567204,无,7462
False,queue,False,True,7.870376795901754,3.915071283798114,第3天、第5天,7463
False,both,False,False,8.043067418239266,2.687043174234847,第2天、第5天,7464
True,none,True,True,2.841732574804644,3.7192899599086364,无,7465
True,none,True,True,4.040058723816064,2.1704485009550725,无,7466
True,none,True,True,5.646989268830237,2.0644836427240754,无,7467
False,both,False,False,13.714837212670684,3.3487991238109727,第5天,7468
True,none,True,True,5.8786335671924,5.030376221353439,无,7469
False,both,False,False,11.444702238154003,2.191778207281419,第2天、第5天,7470
False,both,False,False,6.310278413621331,4.319988250434784,第4天、第5天,7471
False,both,False,False,15.012355027827294,2.582258822674622,第2天、第3天、第5天,7472
False,both,False,False,4.162793464851882,7.55238833513323,第5天,7473
False,queue,False,True,8.348266031609091,4.771924480294924,第3天、第4天、第5天,7474
True,none,True,True,3.3170894524635663,3.9091327969677776,无,7475
False,queue,False,True,6.200172590646403,3.2208966113197413,第5天,7476
False,both,False,False,11.183580446905648,4.00626003608695,第2天、第4天、第5天,7477
False,both,False,False,6.399904250732419,4.774107857160492,第4天、第5天,7478
False,both,False,False,6.336523686923419,5.336852773641162,第1天、第4天,7479
False,both,False,False,15.554653260588683,8.275649210441834,第2天、第3天、第4天、第5天,7480
True,none,True,True,4.425201166293267,0.046029715770767865,无,7481
False,queue,False,True,1.0686470377942476,3.0110973179620393,第5天,7482
False,queue,False,True,2.946119690781021,6.066529348637945,第5天,7483
False,both,False,False,4.343382387626339,6.8013904583418885,第5天,7484
False,both,False,False,3.241311883553887,3.2457414640548183,第5天,7485
False,queue,False,True,2.8326062773591203,5.138965040361201,第5天,7486
True,none,True,True,1.6650661248285914,2.084048324509367,无,7487
True,none,True,True,6.22582885282288,2.575850440822149,无,7488
False,both,False,False,5.397306273928673,4.229300679612296,第5天,7489
False,traffic,True,False,11.351709731459863,0.0,第4天,7490
False,queue,False,True,10.371375330639841,2.4698303109687973,第5天,7491
False,traffic,True,False,9.167974038599803,1.5217814318696719,第3天,7492
False,queue,False,True,1.2548609276264766,7.361772377641108,第5天,7493
False,queue,False,True,0.7084046463085195,3.798599806613048,第5天,7494
False,queue,False,True,5.373048338916634,4.699027129788789,第4天,7495
False,queue,False,True,6.958406653667014,2.837373564553218,第5天,7496
False,queue,False,True,5.3454095329164675,2.4979359001917123,第5天,7497
True,none,True,True,3.431896514207029,0.0,无,7498
True,none,True,True,5.2765894265850894,1.0423110506667226,无,7499
False,both,False,False,13.385900273590828,2.59336267809591,第3天、第4天、第5天,7500
False,both,False,False,9.41839517271108,6.20572308189192,第5天,7501
False,both,False,False,20.148626335385607,2.9542379772677574,第1天、第4天、第5天,7502
False,both,False,False,5.028269663471651,3.833198486532976,第2天、第5天,7503
False,both,False,False,7.778310957168031,3.9105697235562342,第1天,7504
False,queue,False,True,3.975642703051072,0.4283759637382828,第3天,7505
False,queue,False,True,4.7312642722033065,1.7644483586886646,第5天,7506
False,queue,False,True,1.0111705044815678,5.159590182794948,第5天,7507
False,both,False,False,9.411891245141613,3.0954534854010274,第4天、第5天,7508
False,queue,False,True,6.271183399565091,2.5495712483936073,第5天,7509
False,queue,False,True,4.589517845152534,6.298759631150593,第3天,7510
False,both,False,False,5.448271722826378,3.476742374160441,第5天,7511
False,both,False,False,7.543684912917005,7.427732906117784,第2天、第5天,7512
False,queue,False,True,0.6603179923613005,4.7798321519424345,第5天,7513
False,both,False,False,12.34831422206943,1.6105832153938149,第2天、第5天,7514
False,queue,False,True,9.579183453689827,1.7895521106723327,第5天,7515
True,none,True,True,4.770629886558845,6.277409628701184,无,7516
True,none,True,True,1.1258419208786594,2.5194408580161336,无,7517
False,queue,False,True,5.2909948143806025,2.0571696027405983,第4天、第5天,7518
False,queue,False,True,6.382524138672529,3.8621021482843414,第5天,7519
False,queue,False,True,4.442893833374592,6.384083354273921,第5天,7520
False,both,False,False,15.027099866675409,1.0331053416584774,第1天、第5天,7521
False,traffic,True,False,5.4366805412423975,7.719657081740953,第1天、第4天,7522
False,queue,False,True,9.743017368586386,3.4058174760343123,第2天,7523
False,both,False,False,9.55953123130043,3.1495172469711514,第3天、第5天,7524
False,both,False,False,9.739415638638302,1.9789916876910567,第2天、第5天,7525
False,both,False,False,3.955656264904959,6.627973991622983,第2天、第5天,7526
False,both,False,False,9.161178747583401,3.283769836017722,第4天、第5天,7527
True,none,True,True,2.7085150156246054,2.688017939552611,无,7528
False,both,False,False,9.95009172065294,3.5525363330018296,第3天、第5天,7529
False,queue,False,True,7.241480956835671,3.183602182319978,第4天、第5天,7530
False,queue,False,True,6.898350767823214,1.7455577048147586,第4天、第5天,7531
False,traffic,True,False,9.542613267853547,1.1695713410027584,第3天,7532
True,none,True,True,6.253725974155911,3.389459741481978,无,7533
False,both,False,False,3.5610454937746603,7.139344431591324,第3天,7534
False,both,False,False,11.185798226809638,1.0351743043901926,第2天、第5天,7535
False,traffic,True,False,6.25852900633687,2.8938283703631713,第1天,7536
True,none,True,True,9.639958371021173,0.0,无,7537
False,queue,False,True,6.29521387954634,5.002438088532955,第3天、第5天,7538
False,traffic,True,False,6.469670015331884,2.344293305818695,第5天,7539
False,both,False,False,14.792498717842996,0.6501841790736964,第5天,7540
False,queue,False,True,6.028649212874319,6.017088402971108,第3天、第4天,7541
False,both,False,False,10.681746886409602,4.351580234289985,第5天,7542
False,both,False,False,7.487882796186081,2.252010044384823,第2天、第5天,7543
False,both,False,False,8.52757494660439,3.887563996059874,第4天、第5天,7544
True,none,True,True,2.8580542398830806,1.6105511044484873,无,7545
False,both,False,False,6.97693100922533,3.64198744546671,第2天、第5天,7546
False,both,False,False,5.095566449909392,5.470362513579358,第2天、第5天,7547
False,queue,False,True,6.980316356424355,0.9767536606193004,第5天,7548
False,queue,False,True,5.29312547509725,2.09755557088896,第2天,7549
False,queue,False,True,7.0709967221328585,5.617337990336652,第5天,7550
False,both,False,False,7.261593649683326,1.1273254586503338,第4天、第5天,7551
False,both,False,False,12.32524676940061,3.3149224081123454,第3天、第5天,7552
False,queue,False,True,7.960192849901136,1.5045998808190861,第5天,7553
False,both,False,False,7.13690523232699,5.049108773419514,第2天、第5天,7554
False,queue,False,True,5.770880678131017,3.0587489428202916,第5天,7555
False,both,False,False,15.574487193780993,9.890778944450178,第1天、第2天、第3天、第4天、第5天,7556
False,both,False,False,7.426427729334609,2.2235156254417716,第5天,7557
False,both,False,False,7.73353516560651,5.525547209513427,第2天、第5天,7558
False,both,False,False,6.986547619852994,4.671863915172254,第5天,7559
False,queue,False,True,6.654777586018451,2.90104982510685,第5天,7560
False,queue,False,True,12.080873948381113,2.821196980689583,第5天,7561
False,both,False,False,6.955451602375068,3.6227986389098774,第3天,7562
False,traffic,True,False,5.879959531302616,6.107015809332319,第1天,7563
False,both,False,False,9.948972291635494,2.6633417331946414,第5天,7564
False,both,False,False,12.451163584493363,0.0,第2天、第5天,7565
False,both,False,False,4.230262485549078,6.204288713436683,第5天,7566
True,none,True,True,0.4480005470450514,4.822654637335202,无,7567
False,both,False,False,9.09219423512933,3.796727793797496,第4天、第5天,7568
False,both,False,False,17.11009367679452,0.31938239722806616,第3天、第4天,7569
False,queue,False,True,3.68903803402003,3.32523530099637,第5天,7570
False,both,False,False,3.2503014844940123,1.9723021783471442,第5天,7571
False,queue,False,True,4.746815295556609,3.630363681574817,第3天,7572
False,queue,False,True,6.432748180087054,4.061442509841921,第5天,7573
True,none,True,True,0.1890053947579372,0.2550814206608977,无,7574
False,both,False,False,10.603331400217797,2.644713957308283,第3天、第5天,7575
False,queue,False,True,3.9837105065799125,4.77514517696259,第2天、第5天,7576
False,both,False,False,10.18921806271508,0.779749858635762,第2天,7577
False,queue,False,True,5.582847460810492,5.292806288489933,第4天、第5天,7578
False,both,False,False,7.935442065155434,3.1930416261412753,第2天、第5天,7579
False,both,False,False,9.710892354128616,2.32461391962417,第2天、第5天,7580
False,both,False,False,12.5182605906964,3.5301063186775634,第2天、第5天,7581
False,queue,False,True,1.5535008499488856,0.9322257271189306,第5天,7582
False,both,False,False,16.003042372387412,1.42921073958067,第2天、第3天、第5天,7583
False,both,False,False,5.619382039499728,0.8171042259408168,第5天,7584
False,queue,False,True,6.282411960162972,2.825770672598349,第3天,7585
False,both,False,False,7.787483867081219,3.998621421896085,第5天,7586
True,none,True,True,8.253919069499414,1.6462559977741669,无,7587
False,queue,False,True,2.4080853428529556,1.6107134343642062,第5天,7588
True,none,True,True,0.0,3.429801156736776,无,7589
False,queue,False,True,3.247335680499413,5.514808667169996,第4天,7590
False,queue,False,True,5.9270296672943,5.353326270308486,第5天,7591
False,queue,False,True,4.367505265961596,5.836069655480513,第5天,7592
False,queue,False,True,7.552179169932721,0.5268500113859895,第3天,7593
False,queue,False,True,5.234828277588436,4.092729708804864,第3天、第5天,7594
False,queue,False,True,6.101094201924006,2.6111176202419255,第5天,7595
False,queue,False,True,1.2536622742630712,7.977365285484712,第5天,7596
False,both,False,False,11.659357425190642,5.688839311417314,第3天、第5天,7597
True,none,True,True,8.93379488070404,6.279769613875285,无,7598
False,both,False,False,14.013726272773978,7.024395350586831,第1天、第3天、第4天、第5天,7599
True,none,True,True,0.0,0.5033785143229492,无,7600
False,both,False,False,9.620568949286326,4.962233524017508,第5天,7601
False,queue,False,True,3.991090456895992,1.2231654475229652,第5天,7602
False,both,False,False,13.663076911647696,5.436583293257801,第2天、第5天,7603
False,both,False,False,4.705908772509966,7.488643054052733,第5天,7604
True,none,True,True,2.3243930559210875,0.9165234457970644,无,7605
True,none,True,True,5.588892349062224,3.4505886481650947,无,7606
True,none,True,True,3.8888251498822344,2.7101209113506384,无,7607
False,queue,False,True,6.028352689573359,5.615318001978754,第5天,7608
False,queue,False,True,6.665297536163187,5.325797142616594,第5天,7609
False,traffic,True,False,7.436811755317176,2.5485098394327594,第3天,7610
False,both,False,False,19.714246469176953,3.32547000646592,第2天、第3天、第5天,7611
False,traffic,True,False,5.0726468975751455,1.8926196098392176,第3天,7612
False,both,False,False,8.308038352466658,4.519071894400855,第2天、第3天、第5天,7613
False,both,False,False,9.338993425537048,2.884476906648918,第3天、第4天,7614
False,both,False,False,12.101273049248432,2.190457861811205,第4天、第5天,7615
False,both,False,False,11.869584904799584,4.65948998437518,第1天、第4天、第5天,7616
False,both,False,False,2.418636916454997,2.5475357448653058,第2天,7617
False,both,False,False,6.708921545494778,4.702040251689268,第2天、第5天,7618
True,none,True,True,4.878331227179664,2.9921437424596165,无,7619
False,both,False,False,2.4925538217838907,5.65035896764232,第2天、第5天,7620
False,both,False,False,5.620649642488818,8.548639110836124,第5天,7621
False,both,False,False,3.1068754659660596,5.6559488140478775,第2天、第5天,7622
False,both,False,False,8.69600343300959,2.703797987140161,第3天、第5天,7623
False,queue,False,True,4.3695014505409,2.9598402657731206,第4天、第5天,7624
False,queue,False,True,5.286132558055094,3.3369496512378594,第5天,7625
False,queue,False,True,2.1963765253376337,6.99574202053387,第5天,7626
False,queue,False,True,8.658175325941365,0.8774903793020888,第5天,7627
False,both,False,False,14.15476081604804,8.013160584577053,第1天、第3天、第4天、第5天,7628
False,both,False,False,11.758689394497459,4.769849192983457,第2天、第5天,7629
False,both,False,False,12.397255730898802,3.5192267131644748,第2天、第5天,7630
False,both,False,False,9.22495485089645,1.5182363589846841,第5天,7631
False,both,False,False,8.427126320789469,0.48303554722312614,第2天、第3天,7632
False,queue,False,True,7.685140213275548,5.346049199487394,第4天、第5天,7633
False,queue,False,True,8.02463458499889,1.25701456103595,第5天,7634
False,queue,False,True,5.942328582176916,6.087589909826724,第5天,7635
False,queue,False,True,4.481191465419998,0.6088577311651109,第5天,7636
False,queue,False,True,7.7727876751057075,1.2867567142686118,第2天、第3天,7637
False,both,False,False,11.952134250097943,4.160614583832856,第4天、第5天,7638
False,queue,False,True,2.240819080608888,3.283605230284434,第5天,7639
False,both,False,False,8.035851093936603,4.807995207349186,第4天、第5天,7640
False,both,False,False,13.642397078963919,4.204938805186972,第1天、第5天,7641
False,queue,False,True,4.6217008650712295,5.0126615575988795,第5天,7642
False,queue,False,True,4.3968621622940285,4.176039541665955,第5天,7643
False,queue,False,True,7.139553345733856,1.324700076856204,第3天、第5天,7644
False,queue,False,True,7.344173322040248,1.5490960714905682,第3天,7645
False,both,False,False,16.4978200456696,1.2987583528242954,第2天,7646
False,both,False,False,7.827706042342063,4.566749816247732,第1天、第5天,7647
False,traffic,True,False,9.865072130647107,1.279087999124335,第5天,7648
False,both,False,False,9.402306317891929,2.079501549970127,第4天、第5天,7649
True,none,True,True,5.920780540918222,0.8214849931505045,无,7650
False,queue,False,True,9.962482852421351,2.146975733938267,第5天,7651
False,queue,False,True,7.157640641071708,4.955463238989526,第5天,7652
False,queue,False,True,6.477598234696874,2.9192837520855655,第5天,7653
False,queue,False,True,5.353015570057677,1.013978038704562,第5天,7654
False,both,False,False,19.299597640412337,3.076637230987944,第4天、第5天,7655
False,queue,False,True,9.586287844528268,2.8052040275877435,第2天、第5天,7656
False,both,False,False,11.454483153201913,2.2095013551004676,第2天、第5天,7657
False,both,False,False,11.258024244983366,5.828985783132724,第2天、第5天,7658
False,queue,False,True,8.321379193428752,3.1396514466898466,第5天,7659
False,both,False,False,3.218831166864917,1.9929842759745067,第2天、第5天,7660
False,traffic,True,False,10.881952247533917,3.2931709872534323,第3天,7661
False,both,False,False,8.264159188977096,1.8210175224176557,第2天,7662
False,both,False,False,4.89918217839645,7.012646322707459,第5天,7663
False,both,False,False,9.546139138280672,0.0011119781911903548,第2天、第5天,7664
False,queue,False,True,3.559267353674607,6.778219450730845,第5天,7665
False,both,False,False,14.749669672201025,4.047047888446345,第2天、第5天,7666
True,none,True,True,7.780546097622035,2.7383674317897944,无,7667
False,queue,False,True,9.942581630201381,2.3305228077301816,第3天,7668
True,none,True,True,5.020122877953971,2.4872213327060617,无,7669
False,both,False,False,13.099524197916448,1.9941982612891176,第4天、第5天,7670
False,queue,False,True,4.878732213501715,1.8148781001911523,第5天,7671
False,both,False,False,11.733278101467535,2.735071323207257,第2天,7672
True,none,True,True,6.4527130149982,0.44265220179778864,无,7673
False,both,False,False,7.710221330767059,3.9543116995356904,第5天,7674
False,both,False,False,17.578197509922838,3.685180977097029,第1天、第2天、第5天,7675
False,queue,False,True,1.2819969964959306,3.9742661677958964,第5天,7676
True,none,True,True,7.484597222934415,1.6278630676918033,无,7677
False,both,False,False,7.500934941346485,3.1350760752177247,第2天,7678
False,both,False,False,10.384598248266675,5.06676611149216,第3天、第5天,7679
False,both,False,False,5.019382138405868,7.827126137174705,第4天、第5天,7680
False,both,False,False,10.712084627294782,2.515931412826982,第4天、第5天,7681
False,both,False,False,12.607499062234897,2.519834867581637,第5天,7682
False,both,False,False,7.8512256036372765,3.0980832934674254,第5天,7683
False,both,False,False,5.276119942834267,3.9703721880344824,第2天、第4天,7684
False,queue,False,True,4.891255463410097,1.332797689245438,第5天,7685
False,both,False,False,4.034527629027723,7.719422572349009,第1天、第5天,7686
False,both,False,False,14.149108752649186,2.219152416366898,第5天,7687
False,traffic,True,False,5.08616023820032,5.954451795594048,第1天,7688
False,both,False,False,7.286101906916041,4.860035241806411,第2天、第5天,7689
False,queue,False,True,13.104148728529292,1.9268886778142789,第5天,7690
False,queue,False,True,6.078517926992664,3.7494407776155008,第5天,7691
False,both,False,False,13.179080309625938,2.9643637742572153,第3天、第4天,7692
False,queue,False,True,11.193305120961007,3.515459678945632,第2天,7693
False,queue,False,True,3.6748214671061663,1.3565713273580906,第5天,7694
True,none,True,True,4.058745128881951,2.9003209229669156,无,7695
False,both,False,False,9.127078827708297,4.10603354531308,第5天,7696
False,queue,False,True,8.290015625678219,5.903883829051949,第2天、第4天、第5天,7697
False,queue,False,True,9.565418088992468,1.3986289176684579,第4天、第5天,7698
False,queue,False,True,0.0,4.448229949808138,第5天,7699
False,queue,False,True,3.875535477120673,5.134491457243268,第5天,7700
False,traffic,True,False,8.095275293778776,0.0,第1天,7701
False,both,False,False,12.693900037095604,1.2084604454194319,第3天、第5天,7702
False,queue,False,True,4.609925174436631,0.0,第4天,7703
False,both,False,False,8.014646475095581,2.222511515018044,第5天,7704
False,queue,False,True,6.810014548900575,6.8636949144874855,第5天,7705
False,queue,False,True,9.081039948902431,3.313949654410409,第2天、第5天,7706
False,both,False,False,9.10921376653385,1.1025005414873235,第1天、第5天,7707
False,queue,False,True,5.032939280926277,1.9060410814823907,第5天,7708
False,queue,False,True,7.611081327176416,2.4336100888434418,第5天,7709
True,none,True,True,0.425183500150246,4.599139920943656,无,7710
False,traffic,True,False,9.891370250857584,2.285930000956572,第4天,7711
True,none,True,True,7.286731410679198,2.4609832717532836,无,7712
False,both,False,False,13.93844430962811,5.025685594822189,第1天、第2天,7713
False,queue,False,True,1.5359806101690494,1.8441182552871185,第5天,7714
False,both,False,False,9.37309085127044,5.178394846437668,第1天、第5天,7715
False,both,False,False,2.166301153507707,4.045562421512388,第5天,7716
False,queue,False,True,8.454013963951695,2.1994986108430647,第4天、第5天,7717
False,queue,False,True,4.792553140207553,2.071824328202737,第5天,7718
False,both,False,False,4.3154196548284025,5.531427590482239,第4天、第5天,7719
True,none,True,True,10.795358108441594,1.8614548453878783,无,7720
False,queue,False,True,5.948655011946261,2.0462710624629468,第4天、第5天,7721
False,queue,False,True,7.039852526048467,4.6251066569705115,第2天、第4天、第5天,7722
True,none,True,True,2.5918213751905093,3.976590422767553,无,7723
False,queue,False,True,11.139127977804645,4.808866654706793,第3天、第5天,7724
False,both,False,False,3.5452533073312518,4.449439958089999,第2天,7725
True,none,True,True,5.853330996696201,1.9996032721536987,无,7726
False,queue,False,True,2.1827815570034494,4.849273863885762,第5天,7727
False,both,False,False,8.819654360845933,2.925369220990013,第5天,7728
False,queue,False,True,4.6650795501271904,3.098126635475113,第5天,7729
False,both,False,False,11.127831051167295,2.8291887480254174,第1天、第5天,7730
False,both,False,False,10.579064857452497,4.895513710441898,第2天、第4天、第5天,7731
True,none,True,True,2.6277061762773237,7.936613285241642,无,7732
False,both,False,False,8.731475540001204,4.264192748518317,第1天、第5天,7733
False,both,False,False,11.818236371296528,3.8078831246658895,第2天、第3天、第5天,7734
False,queue,False,True,7.621403428851446,4.633381638570588,第5天,7735
False,both,False,False,11.26147925551885,6.348312289100049,第3天、第4天、第5天,7736
False,traffic,True,False,7.648172779497905,0.6220729735263749,第1天,7737
False,both,False,False,9.321638985769198,3.3176676430474314,第1天、第5天,7738
False,both,False,False,12.77653875528837,1.7838471064362111,第1天、第3天、第5天,7739
False,both,False,False,3.9156024619175294,7.385689718100411,第5天,7740
False,queue,False,True,5.071661107734698,7.223141182825321,第5天,7741
False,queue,False,True,6.338624434968256,3.0844423015977904,第5天,7742
False,both,False,False,7.935894367506906,2.967715513602232,第3天、第5天,7743
False,queue,False,True,8.42599440979751,4.215138963381506,第5天,7744
False,queue,False,True,5.241549536575024,4.226705472065139,第5天,7745
False,both,False,False,11.703003734376804,5.149902155725613,第4天、第5天,7746
False,both,False,False,11.040325051497723,3.3225260711101883,第1天、第5天,7747
False,queue,False,True,3.0388790917813737,9.656590667703803,第5天,7748
True,none,True,True,2.8880540948300677,0.0,无,7749
True,none,True,True,5.05719545611083,1.6866390417436223,无,7750
False,both,False,False,9.39028617362869,6.474383529027913,第1天、第2天、第5天,7751
False,queue,False,True,2.9433001760656374,1.2895203678607758,第5天,7752
False,both,False,False,15.37238983524502,0.2695688694588868,第2天、第3天,7753
False,both,False,False,3.767518748945329,5.929239129471531,第2天,7754
False,queue,False,True,5.862788035691274,1.258250807356955,第5天,7755
False,traffic,True,False,7.604939743039992,3.5194502660216243,第3天,7756
False,queue,False,True,3.7922491453508016,4.779372187569255,第5天,7757
False,queue,False,True,3.4748002490005563,5.760420213819224,第5天,7758
False,queue,False,True,1.250873168989036,5.732139610111273,第5天,7759
False,queue,False,True,5.346205336296025,5.142579562036275,第5天,7760
False,queue,False,True,5.182710696640247,5.868669727267151,第2天、第3天,7761
False,both,False,False,8.26525715688175,5.102007240038549,第5天,7762
False,queue,False,True,8.136081554822892,0.0,第5天,7763
False,both,False,False,11.437053786956453,4.8085971088133626,第2天、第5天,7764
False,queue,False,True,8.288544392828877,0.0,第5天,7765
False,queue,False,True,8.882654954310299,3.6821792278064347,第4天、第5天,7766
False,traffic,True,False,12.359966740025154,4.295381760911002,第3天、第4天,7767
True,none,True,True,8.625086340622811,0.7772805183912602,无,7768
False,both,False,False,18.546952197892143,4.776376787009883,第2天、第4天、第5天,7769
True,none,True,True,4.175067807433415,5.222975278323467,无,7770
True,none,True,True,5.938115541718548,1.4941697192113208,无,7771
False,queue,False,True,6.980331224113543,3.9222344843021846,第5天,7772
False,queue,False,True,2.1421340436659926,2.295074174370347,第5天,7773
False,both,False,False,8.757292655635336,3.397437507529125,第1天、第5天,7774
False,queue,False,True,6.879797993306903,5.277125362238877,第5天,7775
True,none,True,True,4.300139284153387,0.0,无,7776
False,queue,False,True,10.439027850030904,3.957613442226749,第5天,7777
False,both,False,False,7.931771769789535,7.2062499234098105,第3天、第5天,7778
False,both,False,False,11.94178404141223,8.957521442127916,第2天、第3天、第5天,7779
False,both,False,False,16.80881704623682,2.568568323407526,第2天、第4天、第5天,7780
False,both,False,False,2.9700256344575022,3.0833415005438947,第5天,7781
False,queue,False,True,3.6879723985218016,4.681407710081059,第4天、第5天,7782
False,both,False,False,4.406646444052405,6.979233291410519,第5天,7783
False,both,False,False,6.1878332988243105,6.209389667216504,第2天、第5天,7784
False,both,False,False,9.589443476208164,4.801727004132591,第2天、第5天,7785
False,both,False,False,6.720690910355984,3.0114548920556445,第5天,7786
True,none,True,True,3.4894983702738576,3.5283114721884417,无,7787
False,traffic,True,False,10.326215569702434,2.8500540943956603,第3天,7788
False,both,False,False,7.605921085863846,2.9781113116667846,第4天、第5天,7789
False,both,False,False,9.609162418609314,4.046167167147722,第4天、第5天,7790
False,both,False,False,12.743073683034254,3.531999124162436,第2天,7791
False,both,False,False,11.20697766801571,5.2907037302966975,第4天、第5天,7792
False,both,False,False,4.535394998279592,1.8878258215510049,第5天,7793
False,both,False,False,12.544545256473505,5.569391844180691,第3天、第5天,7794
False,queue,False,True,6.767842464660271,0.9068013957939369,第5天,7795
False,both,False,False,12.554160950125777,0.9364370294248247,第3天、第5天,7796
False,both,False,False,10.117942319348927,2.0675079331029202,第2天、第4天,7797
True,none,True,True,2.927058381589283,0.0,无,7798
True,none,True,True,5.566287598595599,0.0,无,7799
False,queue,False,True,2.474023580866607,4.079285005781477,第5天,7800
False,both,False,False,10.055645475552232,1.4378667572450476,第3天、第5天,7801
False,queue,False,True,3.645889281715756,5.636110506941715,第5天,7802
False,queue,False,True,6.633802002986065,5.236627713429256,第3天、第5天,7803
False,both,False,False,8.724999731385058,6.61419595505976,第4天、第5天,7804
False,both,False,False,15.314712772964075,0.9343505141375579,第1天、第3天、第5天,7805
False,queue,False,True,4.005923114685947,5.877112647844969,第5天,7806
False,queue,False,True,7.464934616576087,2.3801839676213374,第5天,7807
False,queue,False,True,1.3416446452930924,1.7876666816048228,第5天,7808
False,queue,False,True,1.409226599113189,7.584586453945864,第5天,7809
False,queue,False,True,9.968129628427372,0.0,第5天,7810
False,both,False,False,7.607721991456654,5.896389247711105,第2天、第5天,7811
True,none,True,True,2.08737385921106,0.0,无,7812
False,traffic,True,False,6.885917268469093,6.2137617707463875,第3天,7813
False,queue,False,True,8.418872727780995,1.9805294839443173,第5天,7814
False,both,False,False,2.42669812753901,8.767529565736728,第2天、第5天,7815
False,both,False,False,5.619157298452187,7.361072641372275,第3天、第5天,7816
False,queue,False,True,5.666269456507486,7.353516830215199,第5天,7817
False,both,False,False,11.525405398635497,4.1414318319847565,第2天、第5天,7818
False,both,False,False,12.136552465767796,7.962533656822288,第1天、第2天、第3天,7819
False,both,False,False,12.383470783557303,0.9048740576412377,第4天、第5天,7820
False,both,False,False,4.835449047463739,6.239963490730286,第5天,7821
False,both,False,False,18.459465828235263,0.14318708745620257,第3天、第4天、第5天,7822
False,queue,False,True,10.485763962919712,2.9851865323538833,第5天,7823
False,both,False,False,9.740612310749288,1.5771473444130124,第5天,7824
False,queue,False,True,6.372261964500494,7.39783901976619,第5天,7825
False,queue,False,True,12.09576215954511,1.4080606145372574,第3天、第5天,7826
True,none,True,True,6.450423553826104,2.756472456318396,无,7827
True,none,True,True,0.0,2.803916509137615,无,7828
True,none,True,True,7.962457079198117,0.7417008885727558,无,7829
False,both,False,False,4.516397065939823,5.725994216702954,第5天,7830
False,both,False,False,10.938527433942719,3.715848529839481,第2天、第4天、第5天,7831
False,queue,False,True,5.076421418075732,0.6916188466713389,第5天,7832
False,both,False,False,6.1874019176065875,5.46364487446184,第2天、第5天,7833
False,both,False,False,5.994830831462784,2.50982779968138,第4天,7834
False,both,False,False,15.827814882181675,2.6831402486080305,第3天、第4天、第5天,7835
False,both,False,False,9.374824592325314,6.423436537144264,第5天,7836
False,both,False,False,5.15187764155648,4.055213986540966,第5天,7837
False,traffic,True,False,16.185981370886378,0.9007141754441654,第3天、第5天,7838
False,both,False,False,12.007363205383868,3.4726427655070164,第2天、第4天、第5天,7839
True,none,True,True,2.5167408696796687,1.5059619072899348,无,7840
False,queue,False,True,4.497331035470152,1.491713733283171,第5天,7841
False,queue,False,True,3.3859474924287447,3.35704290915435,第5天,7842
True,none,True,True,1.396138321508166,1.0453070569099168,无,7843
False,both,False,False,3.829610875506427,4.666675293429912,第2天、第5天,7844
False,both,False,False,8.008958046461702,5.990576822340099,第1天、第2天、第3天,7845
False,queue,False,True,3.0350706885597356,4.010895197231856,第5天,7846
False,queue,False,True,15.508194898977012,2.498015249073864,第3天,7847
False,queue,False,True,0.0,6.187721828153482,第5天,7848
True,none,True,True,9.07507827393536,0.5775120641601484,无,7849
False,queue,False,True,4.681271426306156,4.419295540788831,第5天,7850
False,both,False,False,6.544390303350795,3.9449671247476403,第5天,7851
False,queue,False,True,2.532854515737591,5.440168277197059,第5天,7852
False,both,False,False,14.009390288090417,3.4643139370761613,第2天、第3天、第4天、第5天,7853
False,both,False,False,14.044375614619893,3.409517557968633,第2天、第4天、第5天,7854
False,queue,False,True,3.1016240034736065,7.6118809669479015,第5天,7855
False,queue,False,True,7.955465926005976,2.9217793637432665,第5天,7856
False,queue,False,True,11.617850710186323,0.0,第5天,7857
False,both,False,False,11.373333767389646,2.2739407940491576,第4天,7858
False,queue,False,True,8.524785829510932,2.3038195255628775,第5天,7859
False,both,False,False,6.73014960175717,4.116502340505993,第5天,7860
False,queue,False,True,6.648674590961786,1.3502535067983554,第3天,7861
False,both,False,False,12.179455373743524,5.75330692753603,第2天、第3天、第5天,7862
False,queue,False,True,6.495151636108332,3.149663471424555,第5天,7863
False,queue,False,True,1.5673208755850951,6.272614338011119,第5天,7864
False,both,False,False,3.9685952090900236,1.0563243616514943,第5天,7865
True,none,True,True,0.40420021398829387,0.28727949148922216,无,7866
False,queue,False,True,1.6095298549590031,4.4964495989334505,第5天,7867
False,both,False,False,6.381522586470482,4.4831284462830805,第4天、第5天,7868
False,queue,False,True,7.0026481368540345,3.1035099374730195,第5天,7869
False,queue,False,True,2.6095469843245045,4.440118817960164,第5天,7870
False,queue,False,True,6.190238803501138,4.464639864103173,第5天,7871
False,both,False,False,3.157049802471985,1.7676876843311033,第2天、第5天,7872
False,queue,False,True,7.884105402540399,0.0,第5天,7873
True,none,True,True,6.100955794032073,2.1921505227837565,无,7874
False,both,False,False,3.229023828849674,1.5872118906872945,第5天,7875
True,none,True,True,4.130575866074888,2.6920457207694035,无,7876
False,queue,False,True,6.241824465079159,5.066820979521486,第5天,7877
False,both,False,False,11.750463392629632,4.726487693977922,第2天、第3天、第5天,7878
False,queue,False,True,2.0414412168788747,2.9987483204333634,第3天、第5天,7879
False,queue,False,True,7.376275233144993,5.6302740729615675,第3天、第5天,7880
False,both,False,False,12.847559129424674,4.120235872178856,第2天、第3天、第5天,7881
False,queue,False,True,0.0,2.0915446795483623,第5天,7882
False,both,False,False,10.17788332879666,4.734200723975628,第5天,7883
False,queue,False,True,1.8869251910237441,1.6310769695346945,第5天,7884
False,queue,False,True,4.143559039327071,3.0337842311035046,第5天,7885
True,none,True,True,3.2112405594238798,1.2619413277800489,无,7886
False,queue,False,True,0.17701951966950757,1.9415156662548472,第5天,7887
False,queue,False,True,6.988085452346015,2.070972433752818,第5天,7888
False,both,False,False,7.9365081144062675,5.039474483545288,第1天、第3天,7889
False,queue,False,True,4.7264047695485205,4.536629781039482,第5天,7890
True,none,True,True,3.2819034527137023,2.475278856478223,无,7891
False,queue,False,True,6.646228469731613,5.191490285217508,第2天、第5天,7892
False,queue,False,True,5.195454727295422,1.9494182008031218,第3天,7893
False,both,False,False,11.863182345993144,3.5871426265945217,第4天、第5天,7894
False,both,False,False,9.375524878479364,5.6730495141204855,第5天,7895
False,queue,False,True,11.953295208183933,1.7763507472273694,第5天,7896
False,queue,False,True,7.456249488545094,2.826877659920215,第3天,7897
False,queue,False,True,0.4075746380877289,3.603969440842346,第5天,7898
False,queue,False,True,0.7699123898263809,2.832472938306556,第5天,7899
False,queue,False,True,8.816665375564021,1.7703405139950208,第5天,7900
False,both,False,False,9.626142991588603,1.2835562531513307,第5天,7901
False,both,False,False,9.785566519028073,0.5184430221211462,第3天、第5天,7902
False,queue,False,True,5.674363430827356,6.963064521312018,第5天,7903
False,both,False,False,2.618764752878686,4.806399701302996,第4天、第5天,7904
False,queue,False,True,7.353049976057169,1.7649075336957138,第4天、第5天,7905
False,both,False,False,2.966837229181265,6.541022081889276,第2天,7906
False,both,False,False,9.94814730942058,6.7469483094394915,第5天,7907
False,queue,False,True,1.8713130506475053,6.27927517675008,第5天,7908
False,queue,False,True,2.967186405404065,4.350180642890529,第5天,7909
False,both,False,False,5.333326047936216,5.141938875971432,第2天、第5天,7910
False,both,False,False,9.37563021775304,3.1743809608358498,第4天、第5天,7911
False,queue,False,True,4.317139192215706,2.9572836696788656,第5天,7912
True,none,True,True,3.373577669920537,2.494932096724152,无,7913
False,both,False,False,6.633781327223511,1.9235489811037243,第2天、第5天,7914
False,queue,False,True,4.22081023970807,2.731924264975971,第5天,7915
False,both,False,False,8.561913378100169,6.793799551107748,第2天、第3天、第4天、第5天,7916
False,both,False,False,11.570518654878729,4.44782898189081,第2天、第3天,7917
True,none,True,True,7.500718825969878,0.128380219812251,无,7918
False,both,False,False,7.889800388522274,1.8493421155136922,第4天、第5天,7919
False,both,False,False,13.533315604235801,4.259119771868738,第1天、第2天、第3天、第5天,7920
False,queue,False,True,8.361486305248448,2.973099863084415,第5天,7921
True,none,True,True,0.0,3.799523756776943,无,7922
True,none,True,True,4.697687632782776,2.0531701750590345,无,7923
False,both,False,False,5.919024142019579,5.5691629858673135,第5天,7924
False,both,False,False,6.540367628779686,7.821898117141666,第2天、第3天、第5天,7925
False,queue,False,True,3.5074924586937994,1.4984505647097928,第5天,7926
True,none,True,True,3.3870838122862654,4.514938655336599,无,7927
False,queue,False,True,4.57467799969561,3.446379559699061,第5天,7928
False,queue,False,True,6.760032747654059,3.4189114937512413,第5天,7929
True,none,True,True,4.480270773076671,2.481736389658579,无,7930
False,queue,False,True,1.3066808422555312,4.387911819961104,第5天,7931
False,both,False,False,11.047768873553443,0.14875482350919755,第2天、第4天,7932
False,both,False,False,6.3590952474775175,6.32271724539971,第5天,7933
False,queue,False,True,7.634167438730511,0.6273411990850305,第3天,7934
False,both,False,False,6.413780078346453,3.8150884822714533,第2天、第4天,7935
False,queue,False,True,2.0518446030669892,6.026326348919909,第5天,7936
False,both,False,False,6.110843430553668,9.029859142239669,第2天、第4天、第5天,7937
False,both,False,False,12.730071177156773,2.0589291636281724,第4天,7938
False,both,False,False,9.5137322334016,2.36962111373633,第2天、第5天,7939
False,both,False,False,7.48080808375354,3.7119847586807717,第5天,7940
False,both,False,False,7.092456656681717,2.1578196616936856,第5天,7941
False,both,False,False,10.502396087657345,2.603795751232886,第4天、第5天,7942
False,queue,False,True,10.082894326140622,1.4851677413750433,第5天,7943
False,both,False,False,11.830261153350907,4.892225574660619,第5天,7944
False,both,False,False,8.580404522991095,5.999190626958541,第3天、第5天,7945
False,queue,False,True,4.974548990851757,7.124460040267368,第3天、第5天,7946
False,both,False,False,15.969871242441302,5.227120731245227,第3天、第5天,7947
False,queue,False,True,12.74996443248191,3.9284261721894924,第5天,7948
False,both,False,False,9.632242604311163,6.7190018452546365,第5天,7949
False,traffic,True,False,12.269176892283944,3.5372841017806533,第2天,7950
False,both,False,False,5.751879434845879,4.888456036173934,第5天,7951
False,both,False,False,2.353832455674709,6.723790038614311,第2天、第5天,7952
False,both,False,False,3.7712384712154394,4.074831177847928,第2天、第5天,7953
False,queue,False,True,8.59936489977391,1.8852198719310023,第5天,7954
False,both,False,False,10.371035199643455,1.7236593202007646,第3天、第4天,7955
False,queue,False,True,1.1028891320387584,5.444090795474066,第5天,7956
False,queue,False,True,3.682132330823106,3.220325628431816,第5天,7957
False,both,False,False,12.10757067878303,8.195428036653139,第1天、第5天,7958
False,both,False,False,8.548128576567143,3.089313464972955,第5天,7959
False,both,False,False,15.72081472316491,0.982716751463603,第4天、第5天,7960
False,both,False,False,8.00437518434372,0.0,第4天,7961
False,both,False,False,11.604240879317517,5.254382842098203,第3天、第4天、第5天,7962
False,traffic,True,False,9.182579989225648,2.512829755365242,第1天,7963
False,both,False,False,8.223162064116385,4.040211692837157,第3天、第5天,7964
False,both,False,False,15.293928407870023,3.9095127810204944,第4天、第5天,7965
False,both,False,False,13.812250213601232,4.593702319408142,第2天、第4天、第5天,7966
True,none,True,True,7.323358794596992,1.7510385051974757,无,7967
False,both,False,False,10.666782719340214,3.164437187664288,第5天,7968
False,both,False,False,9.052611042988337,2.0932749458102493,第2天、第5天,7969
False,queue,False,True,9.071825498906124,0.9361697430009672,第5天,7970
False,queue,False,True,8.772525349975647,3.977806124660339,第5天,7971
True,none,True,True,8.294929602804586,0.914411026280366,无,7972
False,traffic,True,False,11.033174479571546,2.0960202106043617,第3天,7973
False,both,False,False,6.816420556942312,0.9467193518159598,第5天,7974
False,queue,False,True,7.3292281227255005,4.645790432280843,第5天,7975
False,both,False,False,10.76126852327393,5.800333266005238,第2天、第5天,7976
False,both,False,False,13.456340483397515,4.984291682116682,第3天、第4天、第5天,7977
False,both,False,False,13.290888347025582,1.5303961863143016,第4天、第5天,7978
False,queue,False,True,7.223641169686391,0.9745555649894886,第5天,7979
False,queue,False,True,13.287254575885495,2.365598684741987,第4天、第5天,7980
False,both,False,False,12.93769603694782,5.141253303230093,第1天、第5天,7981
False,queue,False,True,2.856681787404793,5.566446121548953,第5天,7982
False,queue,False,True,10.361580109497801,5.062693497324348,第3天、第4天、第5天,7983
False,traffic,True,False,7.812794504267752,2.5012797483655977,第4天,7984
False,both,False,False,8.541594541681892,2.732100249299783,第3天、第5天,7985
True,none,True,True,7.240875060790477,0.3096024943444097,无,7986
False,queue,False,True,5.676572888809822,9.11031674573666,第4天、第5天,7987
False,both,False,False,14.623699155297397,2.0505327651862806,第2天、第3天,7988
False,both,False,False,6.882598715091274,7.098319684122513,第5天,7989
False,queue,False,True,5.811722709138766,4.503700374404194,第5天,7990
False,queue,False,True,7.705830732946422,2.619856592863213,第3天,7991
True,none,True,True,2.755572930669471,4.009109984942602,无,7992
False,both,False,False,8.385623769787653,3.325766812628336,第2天、第5天,7993
False,both,False,False,9.255222836123126,0.0,第2天,7994
True,none,True,True,5.479087994227987,1.9748407056668995,无,7995
True,none,True,True,1.7875532468374744,2.1382661588876815,无,7996
False,both,False,False,5.336269082381746,2.9455958754008034,第5天,7997
True,none,True,True,7.470552566679349,3.2352158926192196,无,7998
False,queue,False,True,11.604720835178666,0.0,第5天,7999
False,queue,False,True,7.0685070032538935,0.0,第2天,8000
False,both,False,False,10.725520288014577,4.443566759385964,第4天、第5天,8001
False,queue,False,True,0.25325106012163656,7.088220061491744,第5天,8002
False,both,False,False,9.008496960794623,3.5328110258488588,第1天、第5天,8003
False,both,False,False,13.995995579060619,1.2381396728638514,第3天、第5天,8004
False,queue,False,True,7.837426125408091,0.9141652644564697,第5天,8005
False,queue,False,True,1.2442418625463394,2.616392744664277,第5天,8006
False,both,False,False,4.514083474959029,2.9433844599691463,第5天,8007
False,both,False,False,11.557238515154953,0.16697231297250958,第5天,8008
False,both,False,False,10.066534369221447,7.138133254280538,第3天、第4天、第5天,8009
False,traffic,True,False,6.9795665083525,3.3938247407628976,第3天,8010
False,both,False,False,12.432386762888624,5.177296002510952,第3天、第4天、第5天,8011
False,both,False,False,9.37062254576118,4.510151715660834,第1天、第5天,8012
False,queue,False,True,4.9077578068210865,3.815126145767524,第4天,8013
False,queue,False,True,3.589602370022267,4.044950613165929,第5天,8014
False,both,False,False,11.414507938753392,1.0016036325461501,第3天、第5天,8015
False,queue,False,True,3.2615066698843282,1.4055415386161663,第5天,8016
False,both,False,False,12.466885399564983,3.606225978663825,第3天、第5天,8017
False,both,False,False,3.9443145297462863,5.8731037274606575,第5天,8018
False,queue,False,True,4.633405933850553,5.91363250908929,第5天,8019
False,queue,False,True,3.8816781345351226,6.140568688429903,第5天,8020
False,both,False,False,6.7797843907425035,0.5853872289247699,第5天,8021
False,both,False,False,10.758954516647549,2.8314177002091125,第4天、第5天,8022
False,queue,False,True,8.033793966437965,1.9711467079839355,第3天,8023
False,both,False,False,9.318942864458727,6.882775713580971,第1天、第3天、第5天,8024
False,both,False,False,7.672837248293589,4.404202090766456,第2天、第4天、第5天,8025
False,queue,False,True,4.023029299632798,4.607892057451117,第2天、第5天,8026
False,queue,False,True,3.691457545488399,1.9440785972600128,第5天,8027
False,queue,False,True,0.6535209959356041,2.383377517132563,第5天,8028
False,queue,False,True,9.88184966257213,2.230687331622955,第5天,8029
True,none,True,True,8.81516102572968,1.3634664961649978,无,8030
False,queue,False,True,2.9583230057910765,1.2627240132962498,第5天,8031
False,queue,False,True,1.152790028750124,7.818305372614241,第2天、第5天,8032
True,none,True,True,9.465221364927523,2.7637545127103937,无,8033
False,both,False,False,10.810484840098507,1.028242258402675,第3天、第5天,8034
False,both,False,False,10.887233678115127,7.822129728901863,第1天、第2天、第5天,8035
True,none,True,True,11.057718996649019,0.554857780993379,无,8036
False,both,False,False,10.940691190548225,4.621786431346688,第2天、第5天,8037
False,both,False,False,11.715123771449276,0.0,第2天、第5天,8038
False,both,False,False,6.860484497221336,7.445651161063222,第2天、第5天,8039
False,both,False,False,10.411236117820874,4.425011998589453,第1天、第3天、第5天,8040
True,none,True,True,1.5110781854276358,3.8807989691458515,无,8041
False,both,False,False,9.742469875503751,1.4526650155322502,第4天、第5天,8042
False,both,False,False,5.202714313799221,5.102486026148032,第2天、第5天,8043
False,queue,False,True,6.527990486790628,5.433379802472476,第3天、第5天,8044
False,queue,False,True,10.572087580452786,5.967076436913876,第5天,8045
False,both,False,False,3.8435023500310592,4.921337246850678,第5天,8046
True,none,True,True,5.99773078701494,1.7666647839899674,无,8047
False,both,False,False,6.484704080231764,5.657320744135088,第3天、第5天,8048
True,none,True,True,7.6946591049045585,2.851690795799615,无,8049
False,queue,False,True,1.2325570017388094,0.9089607979245367,第5天,8050
False,queue,False,True,7.303973449756528,3.5844381075452065,第3天、第5天,8051
False,both,False,False,9.682693621841235,5.337188920904085,第2天、第4天、第5天,8052
False,queue,False,True,4.106139049817745,1.8299131611111583,第5天,8053
False,queue,False,True,9.462785344034057,2.514975098508132,第5天,8054
False,both,False,False,6.222992908574076,0.9542577898770436,第5天,8055
False,queue,False,True,9.298944063355727,3.1043090341738933,第4天、第5天,8056
True,none,True,True,2.0926774055437702,3.5979404658758307,无,8057
False,both,False,False,5.626736851625946,6.063030983489263,第5天,8058
False,both,False,False,5.497797482315763,6.495931287217923,第3天、第5天,8059
False,queue,False,True,2.5559548224518904,2.373474195235737,第5天,8060
True,none,True,True,1.4533250485006741,4.858013312353193,无,8061
True,none,True,True,5.40523491300228,3.2715796115814357,无,8062
False,both,False,False,9.566681645339866,3.5628976291148318,第5天,8063
False,queue,False,True,6.991472975297665,4.562004845076567,第2天、第5天,8064
False,both,False,False,8.91881116529195,5.8438096164289846,第2天、第3天、第5天,8065
True,none,True,True,5.726711818726411,3.765182486787028,无,8066
False,queue,False,True,5.870708930496643,5.679451607657899,第3天、第5天,8067
True,none,True,True,0.0,6.2318505652794425,无,8068
False,queue,False,True,11.307216623083043,4.244890433182995,第5天,8069
True,none,True,True,6.214397872342633,0.0,无,8070
True,none,True,True,1.2582811432168752,3.3721011136708867,无,8071
False,both,False,False,10.467187683023628,0.8974081709406622,第2天、第5天,8072
False,queue,False,True,1.1037169397205575,4.839066550735831,第5天,8073
False,both,False,False,10.500346089905069,2.9445821614859646,第2天、第5天,8074
False,both,False,False,10.21475210304623,5.099306957299554,第5天,8075
False,queue,False,True,4.333778284229389,0.775445475985558,第5天,8076
False,both,False,False,10.379298191311767,3.4759402428621398,第2天、第5天,8077
False,queue,False,True,4.686865139605463,3.5256938460019986,第2天、第5天,8078
False,traffic,True,False,8.130031269031779,4.791893949296191,第5天,8079
False,queue,False,True,3.309959485257036,3.9757967007128654,第3天,8080
True,none,True,True,4.641549826936733,5.998731918586966,无,8081
False,both,False,False,3.837677496618137,4.627969254095362,第2天,8082
False,queue,False,True,2.3091479574940483,6.636482005957005,第5天,8083
True,none,True,True,2.7825285111910842,3.3211176258384763,无,8084
False,queue,False,True,0.0,6.923571771566183,第5天,8085
False,queue,False,True,4.7414959611380265,5.584029180439044,第5天,8086
False,queue,False,True,7.70385890763981,3.2057809198149587,第5天,8087
False,both,False,False,11.756743774183173,4.050414677215437,第1天、第2天,8088
False,queue,False,True,1.3212800070067197,4.467902315239886,第2天,8089
False,both,False,False,8.727159458155214,4.225400349106209,第5天,8090
False,both,False,False,7.895831489478612,5.570934108877804,第5天,8091
False,both,False,False,5.798307954208774,4.36703225459374,第3天、第5天,8092
False,both,False,False,6.583746347105978,8.658875417189284,第5天,8093
False,queue,False,True,3.4540533800912376,3.1418033581673055,第5天,8094
False,traffic,True,False,9.999409062587128,0.0,第2天,8095
True,none,True,True,3.2172894297786803,1.772971785108954,无,8096
False,both,False,False,7.15663808137167,3.7714242700339344,第3天、第5天,8097
True,none,True,True,9.565964674217767,2.2949160433958435,无,8098
True,none,True,True,6.460947751560587,0.0,无,8099
False,both,False,False,13.736398480099872,2.86768474750406,第1天、第2天、第5天,8100
False,both,False,False,4.169153101848647,7.7879049543811,第1天、第5天,8101
False,both,False,False,6.835404492694587,2.8196737940942347,第5天,8102
False,both,False,False,10.65591587274969,4.441121607653242,第3天、第5天,8103
False,queue,False,True,1.8077760782600025,1.3000010716235892,第5天,8104
False,both,False,False,10.304833530090537,8.639890427505216,第5天,8105
False,queue,False,True,6.523378949438198,0.49357937162003973,第4天、第5天,8106
False,both,False,False,7.844440898379911,6.623003743916351,第5天,8107
True,none,True,True,0.5649770924174069,3.482796188739954,无,8108
False,queue,False,True,7.577728605926792,7.195334820918427,第3天、第5天,8109
True,none,True,True,4.316554944972237,1.1951931946720407,无,8110
False,queue,False,True,6.9947170734127795,4.1359255873842775,第5天,8111
False,both,False,False,11.015168555262399,4.0322079460017335,第1天,8112
False,both,False,False,3.860355747825108,1.9016765968258103,第2天、第5天,8113
False,both,False,False,8.886424583810157,0.3229795592853114,第2天,8114
False,traffic,True,False,7.085542207421051,2.742002483217399,第5天,8115
True,none,True,True,2.5355415762102593,2.584913680540004,无,8116
False,both,False,False,12.346885184950688,1.2083695805887538,第4天、第5天,8117
False,queue,False,True,6.443582714681286,6.140737301069347,第5天,8118
False,both,False,False,13.2347082590691,1.907947964800632,第5天,8119
False,traffic,True,False,10.149585451214087,2.9988608785586286,第4天,8120
False,queue,False,True,9.942839524488718,1.0400203310277316,第5天,8121
False,both,False,False,13.351351221756541,3.4415351992398224,第3天、第5天,8122
False,both,False,False,12.157050884174321,5.140624072739401,第3天、第4天、第5天,8123
False,queue,False,True,8.947638674296572,4.058403874613178,第2天、第5天,8124
False,both,False,False,15.12314823851857,1.6707989897723123,第2天、第3天、第5天,8125
True,none,True,True,1.3154452148938363,0.9761265450756131,无,8126
False,both,False,False,6.044360079703615,3.6651140800281854,第2天,8127
False,both,False,False,11.073315417919488,2.197827013739035,第2天、第5天,8128
False,both,False,False,6.132068700803155,3.9866373481876924,第2天,8129
False,both,False,False,17.836913169915565,0.6496772025807103,第3天、第5天,8130
False,both,False,False,12.967205901146079,5.557276887235162,第3天、第5天,8131
False,both,False,False,7.686478386536885,0.6608322606992166,第2天、第5天,8132
False,queue,False,True,0.0,8.165970386110791,第5天,8133
False,both,False,False,15.428310910169149,2.854367332621858,第2天、第4天、第5天,8134
False,queue,False,True,4.382307272402493,3.2645341375022303,第5天,8135
False,queue,False,True,6.195232404299949,4.451608168150731,第5天,8136
False,queue,False,True,4.0282901133733695,7.351097540214336,第2天,8137
False,both,False,False,12.567568822768681,2.6345498097953204,第3天、第5天,8138
False,both,False,False,9.768731193718285,1.9030117224403598,第2天、第5天,8139
False,both,False,False,13.059649363781519,2.9622768080957815,第4天、第5天,8140
False,both,False,False,3.5835634746773173,6.819871348034775,第5天,8141
False,queue,False,True,8.22018171320644,4.088458227632104,第5天,8142
True,none,True,True,4.4603280219753945,2.083439461360256,无,8143
False,queue,False,True,9.36229075140222,3.0131863673335895,第4天、第5天,8144
False,queue,False,True,10.131914634368492,0.0,第2天、第4天、第5天,8145
False,queue,False,True,3.2610094628963076,2.003800658004407,第5天,8146
True,none,True,True,0.6745192415798215,2.3968905803927076,无,8147
False,queue,False,True,11.426252359791297,7.264312808907892,第5天,8148
False,both,False,False,7.41328065749812,4.147636203510945,第4天、第5天,8149
False,both,False,False,5.362426684744549,9.751023110143858,第1天、第5天,8150
False,both,False,False,8.063136559522242,3.550017335009831,第4天、第5天,8151
False,queue,False,True,4.2339591789848265,3.8654859663526135,第5天,8152
True,none,True,True,8.344802380859997,0.26166424747857964,无,8153
False,both,False,False,12.263908267467903,2.7971920790106575,第3天、第5天,8154
False,queue,False,True,7.3408297381538,5.406309198799949,第3天,8155
False,both,False,False,11.486956606664815,2.2531378569630824,第2天、第5天,8156
False,queue,False,True,15.184878758492172,3.520637856023448,第2天、第3天、第5天,8157
False,both,False,False,16.054250892059258,4.900527460521721,第2天、第5天,8158
False,queue,False,True,0.0,3.930336161741483,第2天,8159
False,traffic,True,False,13.66142070663286,2.7831840287282734,第3天、第5天,8160
False,both,False,False,13.896222302777435,0.0,第4天,8161
False,both,False,False,16.04228864372488,1.5342910604450197,第4天,8162
False,queue,False,True,4.908660850363123,2.1617416365530326,第5天,8163
False,queue,False,True,6.721749121687095,0.8005319315699507,第5天,8164
False,traffic,True,False,10.16324697280845,2.5133340934003434,第4天,8165
False,both,False,False,10.677028440123168,4.5594983565470715,第3天、第4天、第5天,8166
False,queue,False,True,7.231452222386597,3.7703025422122347,第4天、第5天,8167
False,queue,False,True,4.340370486062385,4.053547755787988,第5天,8168
False,queue,False,True,1.7434167037563766,3.8323245500502465,第5天,8169
False,queue,False,True,5.680115555607141,4.564031295594653,第2天、第5天,8170
False,both,False,False,4.283927950845263,2.470185933925361,第2天、第5天,8171
False,both,False,False,9.473753227090878,2.9282232298095803,第5天,8172
False,both,False,False,7.0628749919180205,4.091756247424945,第5天,8173
False,both,False,False,11.89323504679226,6.193831220916288,第2天、第3天、第4天、第5天,8174
False,queue,False,True,0.0,4.229556242671991,第5天,8175
True,none,True,True,5.753868424781748,4.720143166540991,无,8176
False,queue,False,True,2.78666461929307,4.994463079080149,第5天,8177
False,both,False,False,11.099718334862036,2.0177730793641064,第2天,8178
False,both,False,False,10.077994551760803,2.8915294315686086,第4天,8179
False,both,False,False,17.81192978625099,4.586352911034102,第2天、第4天、第5天,8180
False,both,False,False,2.6858478966096344,5.117759798605191,第2天,8181
True,none,True,True,3.17948919851791,1.310340510923013,无,8182
False,queue,False,True,6.694722109088982,2.7235982217287873,第4天,8183
False,both,False,False,8.97470284439894,4.020579890680199,第2天、第5天,8184
False,traffic,True,False,9.477429192637844,2.912757411785357,第3天,8185
True,none,True,True,0.059083794879355944,2.937846410580907,无,8186
False,queue,False,True,4.127031836502576,2.6904352068376953,第4天、第5天,8187
False,queue,False,True,7.729032784444472,3.8929642610986197,第5天,8188
False,queue,False,True,7.030964512683724,0.0,第5天,8189
False,both,False,False,13.78530638137851,2.0921747694212707,第4天、第5天,8190
False,both,False,False,8.986394244077355,4.1693197049497925,第2天、第5天,8191
False,queue,False,True,4.901676304790741,2.241505763392073,第4天、第5天,8192
False,queue,False,True,5.5194767297382,6.250824459986294,第4天,8193
False,queue,False,True,0.0,4.007343945346924,第5天,8194
False,both,False,False,11.999556799099686,5.93618293442433,第2天、第4天、第5天,8195
False,queue,False,True,7.697171730744336,6.262405307856305,第5天,8196
False,both,False,False,8.176353311835982,2.195000378904436,第4天、第5天,8197
False,queue,False,True,0.0,4.653913783086964,第5天,8198
False,traffic,True,False,9.81850907290411,2.917543106825248,第5天,8199
False,both,False,False,7.440098784032351,5.304529410311278,第2天、第5天,8200
False,both,False,False,9.545679237568963,4.4214376290766895,第5天,8201
False,both,False,False,7.190825126337609,0.5472473633287698,第1天、第5天,8202
False,queue,False,True,4.793291652046629,6.437830655278098,第5天,8203
True,none,True,True,8.657075213734046,3.3208546052822987,无,8204
False,queue,False,True,5.334749217968119,4.630793997098146,第5天,8205
False,both,False,False,15.141524373387293,0.7589896419726971,第2天、第4天,8206
False,both,False,False,9.361785100851407,3.8416762780441664,第2天、第5天,8207
False,both,False,False,13.232732166921538,1.0949005241983572,第2天、第4天、第5天,8208
False,queue,False,True,7.230044866854479,3.3139681304071638,第5天,8209
False,both,False,False,7.29567172989929,2.203028324446123,第5天,8210
False,both,False,False,6.729043722842482,1.3042754580201268,第2天,8211
False,queue,False,True,6.939533346067231,5.4062347935275294,第4天、第5天,8212
False,both,False,False,10.327811755163548,1.196216767653547,第1天、第5天,8213
False,queue,False,True,3.8783250417948834,4.21489501057577,第5天,8214
False,queue,False,True,8.791041700587893,2.2541193773103148,第2天,8215
False,queue,False,True,8.83062917089057,0.7704136193877384,第5天,8216
False,queue,False,True,10.203965968365196,3.9843446752412,第3天、第5天,8217
False,both,False,False,7.609985214521234,2.675535501887243,第1天、第5天,8218
False,queue,False,True,3.576458743577236,2.778319208325545,第5天,8219
False,both,False,False,10.980414630369744,2.913891104897478,第5天,8220
False,queue,False,True,2.6727481777515227,6.247142263291142,第5天,8221
False,both,False,False,10.194755782372514,1.834796946825695,第2天,8222
False,both,False,False,6.026620643358965,7.278682519925436,第3天、第5天,8223
False,queue,False,True,6.2716872732128675,1.0623111130158165,第5天,8224
True,none,True,True,4.9675569852143795,4.461241728169335,无,8225
False,queue,False,True,6.180079973328034,5.653410331196845,第2天,8226
False,queue,False,True,5.843343977525121,3.1101464952662567,第5天,8227
False,both,False,False,8.09847178245813,0.9383391977672365,第2天、第4天,8228
False,both,False,False,9.599116426227015,7.311763483353425,第4天、第5天,8229
False,queue,False,True,3.4785203150648356,3.5810592118772133,第5天,8230
False,both,False,False,7.749696359906437,4.438896876517758,第2天,8231
True,none,True,True,4.694377314592817,2.49624683100994,无,8232
False,both,False,False,5.625882009305254,5.894924537668826,第2天、第5天,8233
False,both,False,False,14.101984528772958,1.5831028817700528,第1天、第5天,8234
False,queue,False,True,7.420290260168172,4.329481995875083,第3天、第5天,8235
False,both,False,False,8.264159036183152,9.120439866090772,第2天、第3天、第5天,8236
False,queue,False,True,7.2474497056725635,5.283368545075911,第5天,8237
False,queue,False,True,6.103914156562443,5.515787319589556,第3天、第5天,8238
False,queue,False,True,7.391142362058121,6.370245316900137,第5天,8239
True,none,True,True,2.1811427771762526,3.971642512905456,无,8240
False,queue,False,True,7.9949081167230185,0.6427545178698186,第5天,8241
False,both,False,False,9.784233679040172,7.56283710484333,第1天、第2天、第3天,8242
True,none,True,True,4.3451210430893665,2.302710275550739,无,8243
False,both,False,False,13.550786723130956,3.65037381487631,第2天、第5天,8244
False,both,False,False,11.714174161195206,5.425570436298402,第3天、第5天,8245
False,both,False,False,9.378482970201624,1.9575553386030973,第2天、第3天,8246
False,both,False,False,3.760873223695445,3.9355400587929035,第2天、第5天,8247
False,queue,False,True,2.5676413623688665,2.844248004729067,第5天,8248
True,none,True,True,4.09294142746978,1.71104824389692,无,8249
False,both,False,False,7.823785814242329,4.26575234881563,第2天、第3天、第5天,8250
False,queue,False,True,6.182624703805163,4.778167864094628,第5天,8251
True,none,True,True,5.092357183512004,5.315786095486056,无,8252
False,both,False,False,7.0772314360709405,5.489602542542593,第2天、第3天、第5天,8253
False,both,False,False,10.522285388968958,0.0,第2天、第5天,8254
False,queue,False,True,7.23127403644941,2.9908012068712733,第5天,8255
False,queue,False,True,1.9644384298810853,4.543953447369887,第5天,8256
False,queue,False,True,3.698976573426327,1.5972995582361507,第5天,8257
True,none,True,True,0.8228153238853118,1.9025769911917902,无,8258
False,queue,False,True,4.0080592102147,4.894221644167598,第5天,8259
False,both,False,False,6.5142437221240215,6.462043357018725,第2天、第4天、第5天,8260
False,queue,False,True,1.0666362997682977,5.011348383334864,第5天,8261
True,none,True,True,3.7421374105880534,1.6878577437802318,无,8262
False,queue,False,True,1.8817115205012915,4.415448354891559,第5天,8263
False,queue,False,True,4.349363437686411,1.9574407946010486,第5天,8264
False,queue,False,True,3.8643143579297456,3.440079378749358,第5天,8265
False,both,False,False,11.946400328796628,0.22766871801679367,第4天、第5天,8266
False,queue,False,True,1.9733904370039503,8.592637889481296,第5天,8267
False,both,False,False,4.952600161943856,5.143256409226187,第2天、第5天,8268
False,both,False,False,17.432370199494443,2.7047950113128976,第2天、第3天、第5天,8269
False,both,False,False,12.18736430695193,1.1559245509297964,第1天、第3天、第5天,8270
False,queue,False,True,2.9870263700044735,1.5769619974122455,第5天,8271
False,queue,False,True,14.796971252707365,3.445539674436917,第3天、第5天,8272
False,queue,False,True,6.355470063076549,3.4957708018766955,第3天、第5天,8273
False,both,False,False,10.774626989818595,3.340334441965398,第3天、第5天,8274
False,both,False,False,7.859270467899142,4.336532724225688,第5天,8275
False,both,False,False,13.325735868478912,0.0,第2天、第5天,8276
False,queue,False,True,7.0984233731240804,4.814867630441907,第3天、第5天,8277
False,queue,False,True,6.223857666855481,8.042125746230878,第4天、第5天,8278
False,both,False,False,13.294950734972904,2.3791277663951407,第1天、第2天,8279
False,queue,False,True,1.0942360023181021,6.548844832290502,第5天,8280
False,both,False,False,13.40001947687682,3.3500706708158985,第3天、第4天、第5天,8281
False,queue,False,True,3.5650775561673265,2.957101351446865,第5天,8282
False,queue,False,True,9.323135642395254,4.2098362507893246,第4天、第5天,8283
True,none,True,True,6.356886722477726,0.1430576575850434,无,8284
True,none,True,True,11.439120188823226,1.533779510637731,无,8285
False,queue,False,True,7.97758915954897,0.4803189421769838,第3天、第5天,8286
False,traffic,True,False,7.5468016567667,4.304218943286232,第4天,8287
False,queue,False,True,7.729347531127345,5.579633141359178,第4天,8288
False,both,False,False,17.456269450241216,5.4126229255361356,第1天、第2天、第5天,8289
False,both,False,False,11.082162800213457,1.1883685051715747,第2天、第5天,8290
False,both,False,False,10.998444171979076,3.255108552291407,第2天、第4天、第5天,8291
False,queue,False,True,8.3611956109612,4.826338710626347,第5天,8292
False,both,False,False,9.763359171144199,4.321364259990461,第1天,8293
False,both,False,False,14.249447258806477,0.6832409799228254,第2天、第5天,8294
False,both,False,False,11.026373191394415,4.890048843180349,第2天、第4天、第5天,8295
True,none,True,True,6.690718131457192,2.904903362083541,无,8296
False,both,False,False,10.278413785910425,6.290284801123859,第2天、第4天、第5天,8297
False,both,False,False,6.721975061585054,8.283523309177639,第3天、第5天,8298
False,queue,False,True,2.8531699743709584,2.079991943035027,第2天、第5天,8299
False,both,False,False,6.07747327170784,5.935594980795435,第2天、第5天,8300
False,both,False,False,10.062307644186314,3.6792127843931137,第4天、第5天,8301
False,queue,False,True,4.889636299508513,0.9863381375296482,第5天,8302
False,both,False,False,14.06016435274324,0.8924596730801883,第3天、第4天、第5天,8303
False,queue,False,True,0.0,6.12025721173692,第5天,8304
False,both,False,False,15.673560641066844,2.4521833115020417,第4天、第5天,8305
False,queue,False,True,5.911298046250481,1.3046167750641589,第5天,8306
False,queue,False,True,6.1011042618011935,3.1354057792172316,第5天,8307
False,queue,False,True,7.814111916940605,2.4335588218707684,第5天,8308
False,queue,False,True,5.717959930038176,5.069590767934658,第5天,8309
False,queue,False,True,1.6216119597247416,6.391465294563903,第5天,8310
False,queue,False,True,6.916393177446034,5.457244487732391,第4天、第5天,8311
False,traffic,True,False,9.69595981088006,1.3553333076854672,第2天,8312
False,queue,False,True,4.326675241772354,7.083762230193448,第5天,8313
False,queue,False,True,4.634905570087717,3.2547507038785706,第2天,8314
False,both,False,False,15.20338111161768,1.2373098903178494,第2天、第5天,8315
False,both,False,False,7.025238859415891,2.946555005325378,第5天,8316
True,none,True,True,5.4242299469610575,1.6478553285951607,无,8317
True,none,True,True,2.380136107748309,2.817546970874259,无,8318
False,both,False,False,11.537679807666745,4.3803384836920145,第3天、第4天、第5天,8319
True,none,True,True,4.041448573329168,2.6521704904501986,无,8320
False,traffic,True,False,9.378476968937113,4.962578161621156,第1天,8321
False,both,False,False,9.101670376057454,5.9388905723315,第2天、第3天,8322
False,queue,False,True,3.358739195596848,0.59696061904882,第5天,8323
False,both,False,False,11.485571975941685,1.9505962818230604,第2天,8324
False,queue,False,True,4.002387434971758,2.8557023611570225,第5天,8325
False,queue,False,True,7.590093870026653,1.2400121945690474,第3天,8326
False,both,False,False,13.644012786342977,2.0365664985193987,第5天,8327
False,both,False,False,7.130486806989624,2.9631243827721105,第2天、第5天,8328
False,both,False,False,15.487292948887436,1.8022748935686725,第4天、第5天,8329
False,queue,False,True,6.19200467363286,0.0,第5天,8330
False,queue,False,True,5.166532748621855,3.9397948573093307,第5天,8331
True,none,True,True,4.194793541377061,3.1813870482666733,无,8332
False,queue,False,True,5.705763376118465,1.0708746708456949,第5天,8333
False,both,False,False,6.108477564944319,6.940839902746569,第1天、第4天,8334
True,none,True,True,0.24079759830323066,2.7975947435829287,无,8335
False,queue,False,True,3.738171271297017,5.105054331172937,第5天,8336
False,queue,False,True,6.993743441677395,2.2456174378231473,第5天,8337
False,queue,False,True,4.858625396186068,4.110648280880698,第5天,8338
False,queue,False,True,3.9182545601893852,5.847575701849194,第4天,8339
False,queue,False,True,5.002679226104863,3.730066619468172,第4天、第5天,8340
False,both,False,False,9.55286431837687,5.757915863017618,第5天,8341
True,none,True,True,4.949097109225774,0.9766047608820336,无,8342
False,both,False,False,12.923749955987361,0.0,第4天、第5天,8343
False,both,False,False,10.856425790514379,5.100554203582568,第5天,8344
True,none,True,True,7.57485066730147,1.6288429674609857,无,8345
False,both,False,False,13.962351621783114,2.615677742745698,第2天、第3天、第5天,8346
True,none,True,True,1.5538654038875268,0.7206331683084123,无,8347
False,queue,False,True,7.415962779175512,1.980527534156538,第2天,8348
False,queue,False,True,2.9233189054634217,3.8960551968438897,第2天、第5天,8349
False,queue,False,True,5.923495903132129,3.843474579296366,第5天,8350
False,both,False,False,7.541157300422574,5.713319626089781,第2天、第5天,8351
False,queue,False,True,11.4688103250351,5.8692526452674585,第4天、第5天,8352
False,both,False,False,7.356399917886195,0.9494690151912099,第5天,8353
False,queue,False,True,0.0,5.3615054487400915,第5天,8354
True,none,True,True,3.252560010768057,1.2555741142186605,无,8355
False,queue,False,True,4.428269970182278,0.0,第3天,8356
False,both,False,False,14.18737347619902,3.7629650687788483,第2天、第4天、第5天,8357
False,queue,False,True,10.090568022979838,2.8326760366145036,第4天,8358
False,both,False,False,7.435029760508286,3.074700884091641,第3天、第5天,8359
False,both,False,False,10.062587604952292,4.704927450054221,第5天,8360
True,none,True,True,0.0,1.4129583224298377,无,8361
False,queue,False,True,3.730356125991607,3.0900922850394528,第5天,8362
False,both,False,False,9.857914044112677,4.66781378846145,第2天、第3天、第5天,8363
False,queue,False,True,13.352340905453389,0.6503367970539177,第3天、第4天,8364
False,both,False,False,14.652472053975682,3.6274629451755205,第3天、第4天、第5天,8365
False,both,False,False,8.977209117874155,4.400025720936933,第1天、第5天,8366
False,queue,False,True,4.612007785742356,1.3425498031703225,第5天,8367
False,queue,False,True,8.612832937437311,2.639081747221115,第2天、第5天,8368
False,queue,False,True,3.2367237615379105,4.6386737025870595,第4天、第5天,8369
False,queue,False,True,2.727620275450277,2.7331797827144553,第5天,8370
False,queue,False,True,6.743292948387641,3.0718243064705577,第4天,8371
False,both,False,False,14.91651189140655,5.363564034414518,第3天、第5天,8372
False,queue,False,True,2.1068707780001508,5.734110654521258,第5天,8373
True,none,True,True,5.565901652887392,2.1993584691590238,无,8374
False,queue,False,True,6.841497851550898,2.497397135050843,第5天,8375
False,queue,False,True,1.880068363676746,2.115517293671791,第5天,8376
False,queue,False,True,8.090671586722774,4.064953024816517,第5天,8377
False,queue,False,True,3.88717697637408,7.9418923521087175,第2天、第3天、第5天,8378
False,traffic,True,False,17.694131896429813,1.328839886767043,第3天,8379
False,queue,False,True,8.56711820910151,0.9954927388028554,第5天,8380
True,none,True,True,4.665743293421862,3.6815045432990328,无,8381
False,queue,False,True,8.586177760318272,4.029064918553128,第5天,8382
False,queue,False,True,4.604568898021728,5.728940766801737,第4天、第5天,8383
False,both,False,False,10.51533212080031,0.0,第2天,8384
False,both,False,False,12.325266628917785,2.8936694195638473,第2天、第3天、第5天,8385
False,both,False,False,7.088790981698809,1.6220123478479673,第5天,8386
False,both,False,False,13.2837233570723,1.5437587936620163,第4天、第5天,8387
False,both,False,False,12.445189866115587,5.152181898860541,第5天,8388
False,both,False,False,12.24763387388098,1.8733176715559006,第1天,8389
False,both,False,False,11.317945362000977,2.961796625591608,第2天,8390
True,none,True,True,4.648883836787867,1.8800517488063258,无,8391
False,both,False,False,6.784161864824856,4.899015387917399,第3天、第5天,8392
True,none,True,True,1.2675444903561606,4.3622392902484055,无,8393
False,both,False,False,8.243602770232933,4.766471722669187,第3天、第5天,8394
False,queue,False,True,0.010500126769240115,4.117827569111722,第5天,8395
False,queue,False,True,2.98812684968239,5.515907553837716,第5天,8396
False,traffic,True,False,12.529049812466788,5.223182191928423,第2天、第3天,8397
False,both,False,False,4.33567860566454,7.5611436486685895,第5天,8398
False,both,False,False,8.117734213050468,4.256921429768646,第2天、第4天,8399
False,both,False,False,3.4516893752415623,5.984934472774716,第5天,8400
False,queue,False,True,2.06689930688842,5.445142083039957,第5天,8401
False,both,False,False,12.3919663989717,5.598127498400595,第1天、第2天、第5天,8402
False,queue,False,True,4.350359361242462,3.5695410762792648,第5天,8403
False,both,False,False,10.077052072731693,9.891716491775245,第3天、第5天,8404
True,none,True,True,4.5163032221100305,6.235450047445411,无,8405
False,queue,False,True,5.117063781877452,3.593299314418897,第5天,8406
False,queue,False,True,1.5279039539001493,7.326521351311794,第4天、第5天,8407
True,none,True,True,3.0174810050882943,6.1246955032204635,无,8408
False,queue,False,True,6.082943077823969,3.7814030975741844,第4天、第5天,8409
False,queue,False,True,10.057623001198937,0.6077066276803138,第5天,8410
False,queue,False,True,7.294081039025402,2.204145007823767,第5天,8411
False,queue,False,True,11.219492412217965,1.5987669177225103,第4天,8412
False,queue,False,True,4.225934837279514,0.875984652644383,第5天,8413
False,both,False,False,8.644901320763118,3.135066590716324,第4天、第5天,8414
False,queue,False,True,7.113631890232707,4.266817711238271,第5天,8415
False,both,False,False,9.432326175979611,5.403844947837742,第3天、第5天,8416
True,none,True,True,4.640992823969635,0.8963296866201338,无,8417
False,both,False,False,11.355898684473836,2.3356934899475617,第5天,8418
False,both,False,False,9.495215235461178,4.629724755416699,第5天,8419
False,both,False,False,9.129450824219123,5.173989540368428,第3天、第5天,8420
True,none,True,True,3.7262519987941918,0.5982729361189347,无,8421
False,both,False,False,6.607779154396664,3.3353173326308956,第3天、第5天,8422
False,both,False,False,7.4372445886398335,2.7901701826479837,第5天,8423
False,both,False,False,9.446969316793721,2.7675133101161045,第4天,8424
False,both,False,False,8.6600216193703,5.937349325413477,第5天,8425
True,none,True,True,4.428972025308429,1.1058412813425718,无,8426
False,queue,False,True,1.0220338852334179,5.498907816965853,第5天,8427
False,queue,False,True,3.4783091478484685,3.920551212895846,第5天,8428
True,none,True,True,10.88938689811862,4.146326715556168,无,8429
False,both,False,False,8.760629853046723,1.2724417144086786,第4天、第5天,8430
False,queue,False,True,8.748900032309118,0.9381318678447723,第5天,8431
False,queue,False,True,2.5087635876773575,5.027290643840568,第2天,8432
False,queue,False,True,1.8773174727034592,6.055324297914696,第5天,8433
False,queue,False,True,0.0,1.2668804849847137,第5天,8434
False,both,False,False,8.688263248788346,4.635114963295464,第3天、第5天,8435
False,both,False,False,11.623839434211519,4.271032481891228,第4天、第5天,8436
False,queue,False,True,9.763017979944516,0.0,第2天、第5天,8437
False,both,False,False,11.697602098235176,3.5833129846794556,第1天、第2天,8438
False,queue,False,True,6.585161226067999,7.414667664388078,第2天、第5天,8439
False,both,False,False,12.34979688622516,2.6412697606636675,第2天、第5天,8440
True,none,True,True,4.138684120305984,1.0849459827007135,无,8441
False,both,False,False,11.535166977074896,2.9906216098047502,第2天、第5天,8442
False,queue,False,True,5.361836280851621,5.826237534339825,第3天、第5天,8443
False,traffic,True,False,7.568473559621602,1.2262426369920691,第4天,8444
False,traffic,True,False,8.701615430525248,4.593692449653397,第3天,8445
False,queue,False,True,9.422171406532286,5.787562731289702,第4天、第5天,8446
True,none,True,True,4.704082819509642,2.013283419759112,无,8447
False,both,False,False,1.95435677527354,4.769609454210157,第5天,8448
False,traffic,True,False,9.00509659304168,2.023086803820951,第5天,8449
False,queue,False,True,7.148980677010177,2.4558090635422394,第3天、第5天,8450
False,traffic,True,False,8.023774055489085,1.149785991148165,第2天,8451
False,both,False,False,10.708114208802455,0.0,第4天、第5天,8452
False,both,False,False,9.08289821982169,0.5078161166563517,第2天、第5天,8453
False,queue,False,True,4.949924606403856,6.2253061263218505,第5天,8454
True,none,True,True,6.247351218475366,3.612352596879051,无,8455
False,queue,False,True,4.6005373164881185,2.9806178443519618,第5天,8456
False,both,False,False,10.48789761247481,3.6642717166577197,第2天、第3天、第5天,8457
False,queue,False,True,4.660069645411983,3.2664565656168083,第5天,8458
False,queue,False,True,2.540200636667489,0.9857475247917525,第5天,8459
False,both,False,False,13.435298205285306,4.5167906457646625,第5天,8460
True,none,True,True,0.0,3.9882517055913094,无,8461
False,both,False,False,7.703185486712734,4.029434924533622,第4天、第5天,8462
False,queue,False,True,2.905052393426798,5.2344935722022194,第5天,8463
False,queue,False,True,2.2756722727764496,4.648001500297039,第4天,8464
False,queue,False,True,6.550145348507405,1.4667417370475562,第5天,8465
False,both,False,False,11.948380831068595,4.841994068840103,第3天、第5天,8466
False,traffic,True,False,6.2520387988675346,7.349995368182748,第2天,8467
False,queue,False,True,9.853073982092248,4.339847138881579,第3天、第5天,8468
False,queue,False,True,3.2052254287539954,3.21072611475457,第5天,8469
False,queue,False,True,6.50628298014089,0.8431627781411987,第5天,8470
False,queue,False,True,4.427545480818564,3.229220255039438,第3天、第5天,8471
False,both,False,False,14.136264205406395,1.841815480467777,第5天,8472
False,both,False,False,9.601933162894259,2.4634860215334853,第2天、第5天,8473
False,both,False,False,15.672282278308867,5.752750884049896,第2天、第3天、第5天,8474
False,both,False,False,5.272827200482753,2.9699423391565105,第5天,8475
False,queue,False,True,8.072777089441935,0.9827254325724221,第5天,8476
False,both,False,False,7.075320790380328,4.903547540055376,第3天、第5天,8477
False,both,False,False,5.792949309861865,5.685460889293857,第3天、第5天,8478
False,both,False,False,13.019989033722753,4.254433715482843,第2天、第4天、第5天,8479
False,both,False,False,7.7062921935672675,4.013851933290674,第2天、第4天,8480
False,both,False,False,4.933522308577906,6.804864964749872,第2天、第5天,8481
True,none,True,True,3.7363734072320867,1.22729119737332,无,8482
False,queue,False,True,1.9403555177346288,3.5682567277739476,第5天,8483
False,both,False,False,11.531912672365527,3.996906941735783,第3天、第5天,8484
True,none,True,True,7.35439480245298,3.190609787895698,无,8485
False,both,False,False,1.7121191560911135,4.355810154579927,第5天,8486
True,none,True,True,10.057579383212154,2.5494680646360877,无,8487
True,none,True,True,3.5306920838943583,1.7428257593169358,无,8488
False,queue,False,True,6.9489169371227035,1.81877376379079,第4天、第5天,8489
False,queue,False,True,3.4859241642343437,1.121557487133603,第5天,8490
True,none,True,True,2.5541649984629426,2.4071718128687594,无,8491
False,both,False,False,10.907484330454716,3.0964667445731946,第3天、第4天、第5天,8492
False,traffic,True,False,12.183250679029724,2.804435667351527,第1天,8493
True,none,True,True,3.8398339100640424,4.262497567856577,无,8494
False,both,False,False,7.2756671617910325,2.381182285515072,第2天、第5天,8495
False,both,False,False,7.324502196726939,1.4864428196919168,第5天,8496
True,none,True,True,4.073021147451058,3.326785096366223,无,8497
False,both,False,False,8.25005773364206,5.052207376849243,第3天、第4天,8498
True,none,True,True,2.3818749865754754,0.8775406124229206,无,8499
False,traffic,True,False,9.761502573169789,0.5718641596822513,第3天,8500
False,queue,False,True,5.13484897703744,6.320613417694036,第5天,8501
False,both,False,False,5.640560477461165,3.6822297105089064,第5天,8502
False,both,False,False,12.679907805732803,0.7448834534423044,第5天,8503
False,queue,False,True,9.137734584514666,0.6177251046744671,第4天、第5天,8504
False,both,False,False,2.978167026679136,4.846523578346883,第4天、第5天,8505
False,both,False,False,13.458733353591604,1.1429097364664624,第4天、第5天,8506
True,none,True,True,0.3397156027359921,3.9727290925460537,无,8507
False,both,False,False,15.842184794068478,3.0044993935800943,第2天、第4天、第5天,8508
False,both,False,False,11.007380881200309,2.4491596437348813,第2天、第5天,8509
False,both,False,False,5.278699574702792,7.474442487828273,第1天、第5天,8510
False,queue,False,True,2.9341314649668924,7.70017125867361,第5天,8511
False,queue,False,True,9.102348175431558,5.2486101421182685,第5天,8512
False,queue,False,True,11.625740284709583,2.8408022581162093,第5天,8513
False,both,False,False,13.631794536717308,3.542733940473978,第1天、第5天,8514
True,none,True,True,7.9234326599537885,0.0,无,8515
False,queue,False,True,2.9835183836598516,3.063555794615878,第5天,8516
False,queue,False,True,9.605100354156615,5.193454838998987,第2天、第3天、第4天,8517
False,queue,False,True,7.116084615557707,1.2662937436584691,第2天,8518
True,none,True,True,8.290611915477589,1.2799625719367214,无,8519
True,none,True,True,6.49396690092165,0.683721602639773,无,8520
False,both,False,False,8.156726037390765,3.104246582379697,第4天,8521
False,both,False,False,7.903153425980801,6.818737118933949,第2天、第3天、第5天,8522
False,both,False,False,7.782696126593651,0.7853518580679909,第5天,8523
False,queue,False,True,0.0,2.445618995466625,第5天,8524
False,both,False,False,3.3543492191994377,2.7627837007400764,第2天,8525
False,both,False,False,8.151405009727188,5.005752950491653,第1天、第2天,8526
False,both,False,False,8.260952387020602,4.596906860508467,第5天,8527
False,queue,False,True,4.916084696348592,6.34348659809037,第2天、第5天,8528
False,both,False,False,10.496865759041436,3.500496927342408,第2天、第4天、第5天,8529
False,both,False,False,6.878460960712953,4.559714478923509,第2天、第5天,8530
False,queue,False,True,6.038442406712978,4.864859299231203,第5天,8531
False,both,False,False,2.1432952674334556,5.9615529527465085,第5天,8532
False,both,False,False,7.7519909878915465,2.7001756405556603,第4天、第5天,8533
False,queue,False,True,4.763793122582294,6.870390076156438,第5天,8534
False,both,False,False,14.018127602904418,4.449443141762864,第1天、第3天、第5天,8535
False,both,False,False,8.463662092063414,3.8397336889214535,第3天、第5天,8536
False,queue,False,True,8.268247141548942,2.7965504227961313,第5天,8537
False,both,False,False,4.639467206591249,5.026736209221973,第5天,8538
False,both,False,False,12.494914255257807,5.2552542217436775,第4天、第5天,8539
False,both,False,False,6.941658444900449,6.171675764907686,第3天、第5天,8540
False,both,False,False,10.499953783692193,3.303457335861517,第3天、第5天,8541
False,both,False,False,3.680100245445578,3.430834989324772,第5天,8542
False,queue,False,True,7.246669720867778,4.948313243150503,第5天,8543
False,both,False,False,5.886768429978677,5.984642313778123,第3天、第5天,8544
False,both,False,False,13.725210812299755,2.139663491729085,第2天、第4天,8545
False,both,False,False,8.740986749342186,7.682609298045975,第3天、第4天,8546
False,both,False,False,15.561279188391747,3.3971832712543257,第3天、第4天、第5天,8547
True,none,True,True,5.584162525848086,1.6280652608870059,无,8548
False,both,False,False,3.693240292432678,2.9449038941943533,第5天,8549
False,both,False,False,9.76893881117065,4.762851885641175,第2天、第4天、第5天,8550
False,both,False,False,12.908541180254302,0.0,第5天,8551
False,both,False,False,13.902487957212713,3.6170865073183007,第3天、第5天,8552
True,none,True,True,0.0,3.020282751763854,无,8553
False,queue,False,True,4.138679633719757,4.187094994821722,第5天,8554
False,queue,False,True,9.163377403487921,4.705074659889628,第5天,8555
False,both,False,False,10.241138556855715,6.376124448453062,第2天、第4天、第5天,8556
False,both,False,False,3.766818882656538,5.921869287828738,第5天,8557
False,both,False,False,11.627950775531438,5.607854152502774,第1天、第5天,8558
False,queue,False,True,4.719416938324797,3.127409534743454,第2天,8559
False,queue,False,True,3.5250298534242126,3.2183863476256755,第5天,8560
True,none,True,True,1.9927171324061042,4.2342568341678195,无,8561
False,both,False,False,8.209316751066638,2.057267589767388,第4天、第5天,8562
False,both,False,False,15.917064657068174,0.9777527158207109,第2天、第3天、第5天,8563
False,both,False,False,17.96903442621736,3.359322321416662,第3天、第4天,8564
False,traffic,True,False,9.249611388953834,2.441670306843383,第5天,8565
False,queue,False,True,3.738852586846516,0.5380405933920576,第5天,8566
False,queue,False,True,9.030237627638193,1.486960986158071,第5天,8567
False,both,False,False,17.118697158231193,0.9251397364956693,第3天、第4天、第5天,8568
True,none,True,True,8.270356766229268,1.402758341568831,无,8569
False,both,False,False,10.913932121597895,1.1161187565215132,第3天、第5天,8570
False,queue,False,True,5.2469132536163094,4.870870906925328,第4天、第5天,8571
False,both,False,False,11.013292478599535,4.064039105975629,第5天,8572
False,both,False,False,10.275887629374887,3.391516361972112,第3天,8573
False,traffic,True,False,4.07142372485572,7.534575974183762,第1天,8574
False,both,False,False,8.814985796670165,5.793925552195718,第3天、第5天,8575
False,both,False,False,10.737824480987465,6.7084200501283755,第4天、第5天,8576
False,queue,False,True,10.591080217786649,0.44998119804904657,第2天、第4天,8577
False,queue,False,True,4.7236822140530315,8.075737806402955,第5天,8578
False,queue,False,True,2.777990129207255,4.480851646221176,第5天,8579
False,both,False,False,12.108431698647014,1.4274358771861935,第2天、第5天,8580
False,queue,False,True,8.149803091525012,3.0035212846537,第5天,8581
False,queue,False,True,3.8723782670034534,0.7408317366962104,第5天,8582
False,both,False,False,7.4679682781046886,3.2849849771114927,第2天,8583
True,none,True,True,2.331794088769192,0.8686267533829721,无,8584
False,both,False,False,14.846914919654811,5.256707796223473,第3天、第5天,8585
False,queue,False,True,4.5640474064440815,0.0,第5天,8586
True,none,True,True,3.2398574808037086,3.710883354677327,无,8587
False,queue,False,True,5.603787977513077,8.429414734928828,第4天,8588
False,both,False,False,16.40761508842376,0.7229153943424406,第2天、第5天,8589
True,none,True,True,3.5450640969289666,3.7586367212726097,无,8590
False,both,False,False,16.317114295765567,3.5712941128244173,第2天、第3天、第5天,8591
False,queue,False,True,7.390873469698308,2.4949396466828304,第4天,8592
False,both,False,False,7.730882465293865,1.6956923449851666,第4天,8593
False,queue,False,True,6.270540534010266,1.7283935398435446,第5天,8594
False,both,False,False,7.632863285837983,4.795311302644363,第1天、第2天、第5天,8595
False,both,False,False,5.79311259056929,5.845355468602586,第3天、第5天,8596
False,both,False,False,9.803887017644744,1.4612437972841337,第3天、第5天,8597
False,queue,False,True,12.589612066305047,3.360683917460195,第3天、第5天,8598
False,both,False,False,9.396172882815776,3.8163986765016205,第1天、第2天、第5天,8599
False,both,False,False,19.8040256661541,0.9607977969024767,第2天、第3天、第4天、第5天,8600
False,traffic,True,False,5.851158113029786,4.353644472276319,第2天、第4天,8601
False,both,False,False,15.965632001492018,3.8184466575260623,第1天、第4天、第5天,8602
False,both,False,False,16.344668095912912,3.198427266116699,第1天、第4天、第5天,8603
False,queue,False,True,5.3770099725649905,1.3717845980309438,第5天,8604
False,queue,False,True,0.6056743673750999,6.780533338688293,第5天,8605
False,traffic,True,False,7.682561721782129,1.9516145619925047,第1天,8606
False,queue,False,True,6.964889144738921,6.580256100460065,第4天、第5天,8607
False,both,False,False,12.288099088785176,3.421090117778294,第3天、第4天、第5天,8608
False,both,False,False,9.970424988294432,4.088654283945367,第5天,8609
True,none,True,True,7.872823431740503,1.127441426254216,无,8610
False,both,False,False,10.875658414193012,3.6047451328835223,第4天、第5天,8611
False,traffic,True,False,7.684021549325393,4.3963009041469885,第3天,8612
False,queue,False,True,3.99978007512284,5.144916848280191,第4天、第5天,8613
False,queue,False,True,5.452270803140912,1.565744461158289,第5天,8614
False,queue,False,True,6.911946412361662,1.7451996828569838,第4天、第5天,8615
False,queue,False,True,9.437481934306996,5.443348918911889,第4天、第5天,8616
False,both,False,False,10.100527316402971,4.38382168086998,第2天、第3天、第5天,8617
False,both,False,False,6.507763589832877,2.8576211770216107,第2天、第5天,8618
False,queue,False,True,8.359934382826127,3.109855572157935,第2天、第5天,8619
False,queue,False,True,5.299666688451878,4.778083542252817,第5天,8620
False,queue,False,True,5.615135554434763,1.7621130259746491,第4天、第5天,8621
False,queue,False,True,3.2215107740438405,2.657453663854043,第5天,8622
False,queue,False,True,0.38850264999197304,6.564601410773007,第5天,8623
False,queue,False,True,9.186835286227794,1.1317447371681175,第5天,8624
False,queue,False,True,10.128261063267,2.2103276148263014,第4天、第5天,8625
False,queue,False,True,4.221877343661998,3.4262772240169785,第2天、第5天,8626
False,both,False,False,8.615234623787464,3.45116045491711,第2天、第5天,8627
False,queue,False,True,4.217039728747186,7.076985805222534,第5天,8628
False,both,False,False,10.388844347341895,6.655286386904933,第2天、第5天,8629
False,traffic,True,False,7.209598912281139,4.949514570337625,第3天,8630
False,both,False,False,7.687921449715863,5.668031542692434,第1天、第5天,8631
False,both,False,False,9.081669397907081,1.1219069582624506,第5天,8632
True,none,True,True,4.301222750414193,4.674247450267349,无,8633
True,none,True,True,1.1050218960105043,1.6901077410388583,无,8634
True,none,True,True,5.144064184619056,2.73464593711575,无,8635
False,both,False,False,11.844941101234168,4.170156467276785,第4天、第5天,8636
False,both,False,False,8.223992400825939,3.8154043524993293,第2天、第5天,8637
False,both,False,False,12.083183160164445,5.9695935362933055,第2天、第5天,8638
False,queue,False,True,6.1312318687169345,1.5204725241307875,第5天,8639
False,both,False,False,9.753395988419143,3.274025403339155,第2天,8640
True,none,True,True,0.0,1.4924286319907942,无,8641
False,both,False,False,12.825802390944334,2.106971880863086,第2天、第4天,8642
False,queue,False,True,17.092458874871394,0.0,第4天,8643
True,none,True,True,1.2549883857998507,2.2090043796625176,无,8644
False,both,False,False,11.130800878871765,1.985239359985586,第3天、第5天,8645
False,queue,False,True,5.889359546693282,1.5950761769375021,第5天,8646
False,queue,False,True,3.9643440618040584,5.01363792487557,第5天,8647
False,queue,False,True,12.59822193527165,3.116221306794155,第3天、第4天、第5天,8648
False,both,False,False,8.28549645359508,5.192853687179674,第4天、第5天,8649
False,both,False,False,11.64044139697869,2.464809228897649,第5天,8650
False,queue,False,True,4.91997996969294,2.463875325527221,第5天,8651
False,both,False,False,13.282852889833256,6.827931742189582,第2天、第5天,8652
False,queue,False,True,5.91572079986861,2.8715640777041616,第5天,8653
False,both,False,False,5.1111749720549815,4.039036073686425,第5天,8654
False,both,False,False,3.738183494446835,3.697909176190305,第2天,8655
False,queue,False,True,1.510651920399933,3.029184386305646,第5天,8656
False,queue,False,True,12.216253437120711,5.345400937715366,第5天,8657
False,both,False,False,9.74743122115473,2.6606371747573285,第3天,8658
False,queue,False,True,11.383283133873677,3.047177842342786,第2天、第5天,8659
False,both,False,False,5.100445634160414,4.469533422551701,第2天、第5天,8660
False,both,False,False,8.99746222024902,6.024421286529089,第1天、第5天,8661
False,both,False,False,12.588227843442732,3.3742689939538204,第2天、第4天、第5天,8662
False,both,False,False,7.799252760530056,4.060080058363651,第5天,8663
False,both,False,False,6.559768340562667,7.501652011433381,第5天,8664
False,both,False,False,8.143693496738724,4.506859768553232,第2天、第5天,8665
False,queue,False,True,3.9478932473445605,1.8257509755640284,第5天,8666
False,queue,False,True,2.3868736040443874,7.5899899801846615,第5天,8667
False,queue,False,True,2.3181987083391506,5.603367944660052,第5天,8668
False,queue,False,True,7.0240592174626455,1.7911988574006945,第5天,8669
False,both,False,False,5.00119396070866,2.9138060418556404,第5天,8670
False,queue,False,True,5.43170010665408,2.104486063774867,第5天,8671
False,traffic,True,False,7.276725067330295,6.779193219051841,第5天,8672
False,both,False,False,5.551602889978447,4.4390915678426275,第1天、第5天,8673
False,queue,False,True,8.223138450172918,5.183908458931867,第3天,8674
False,traffic,True,False,4.142733718906133,2.4018613985869326,第2天,8675
False,queue,False,True,10.834870039039261,1.1128376346579398,第2天,8676
False,queue,False,True,9.894491017470045,1.810191646335568,第5天,8677
False,both,False,False,9.681178704688016,7.3298690715581705,第5天,8678
False,both,False,False,4.39322977266563,3.8667002943360025,第5天,8679
False,queue,False,True,8.313561258482517,2.6995877409229307,第4天、第5天,8680
False,queue,False,True,1.7636034804444758,10.05436523090264,第4天、第5天,8681
False,queue,False,True,1.5457077477994257,1.8882303893090604,第5天,8682
False,queue,False,True,4.114699572235789,7.343522957222606,第2天、第5天,8683
False,queue,False,True,10.076257111055646,3.4569214533016908,第5天,8684
False,both,False,False,7.437361107844662,1.4370925243399586,第3天、第5天,8685
False,queue,False,True,2.787234237959499,4.641585150728516,第5天,8686
False,both,False,False,9.422072605377071,3.2701659150483375,第2天,8687
False,queue,False,True,3.317254406397093,7.977883127631043,第5天,8688
False,queue,False,True,4.291012632051806,3.240678512631355,第5天,8689
False,both,False,False,6.737123849537841,5.516281351752158,第2天、第5天,8690
False,both,False,False,8.85530042044465,2.6478500669305403,第2天、第3天、第5天,8691
False,queue,False,True,2.346694653666006,2.6838279806198795,第5天,8692
True,none,True,True,2.9759099966080234,0.8058867785950059,无,8693
False,both,False,False,5.422004640381886,6.946386201319528,第2天、第3天、第5天,8694
False,both,False,False,11.824224521697047,2.498510603061378,第3天、第5天,8695
False,both,False,False,7.576927013570711,3.0273652217202907,第4天,8696
False,queue,False,True,10.039911348510742,0.0,第5天,8697
False,both,False,False,5.013739908520106,6.274967594236362,第3天、第5天,8698
False,both,False,False,8.82681270894674,3.938554679919784,第5天,8699
False,both,False,False,11.716682819583424,5.492560171410227,第2天、第5天,8700
True,none,True,True,9.888674735848806,2.2112786048973803,无,8701
False,both,False,False,8.441599715799349,2.735171806757785,第2天、第3天、第5天,8702
False,queue,False,True,6.53591492511239,4.586460286568283,第5天,8703
False,both,False,False,11.646416795390293,5.176723278975006,第4天、第5天,8704
True,none,True,True,4.480052018412273,4.495515209318714,无,8705
True,none,True,True,3.7085482177645033,3.0066435821313187,无,8706
False,queue,False,True,4.389363239696643,5.775750713304576,第3天、第5天,8707
False,queue,False,True,2.291749246319812,5.733601267112074,第5天,8708
False,both,False,False,7.779653340575665,3.4092789466591675,第5天,8709
False,both,False,False,5.85992859977114,2.121174065009235,第1天、第5天,8710
False,traffic,True,False,5.78846385667786,4.629736397328332,第1天,8711
True,none,True,True,8.729358619984591,0.0,无,8712
False,both,False,False,11.136783474445371,2.7703863050686017,第4天、第5天,8713
False,both,False,False,9.554902414563326,1.8314921036448644,第5天,8714
False,queue,False,True,5.756810895184916,4.530779699211047,第5天,8715
False,both,False,False,12.554388769182518,6.283031292510977,第2天、第4天、第5天,8716
False,both,False,False,8.69777155280305,2.4641421791568074,第3天,8717
False,both,False,False,2.6454230004227868,4.187402215415466,第5天,8718
True,none,True,True,2.720812282607721,0.07538066146588174,无,8719
False,both,False,False,4.352843257070966,3.625537476120334,第4天、第5天,8720
False,both,False,False,2.9212769611586924,3.1626487086211674,第2天、第5天,8721
False,both,False,False,13.345220805609904,3.7836850546224836,第2天、第3天,8722
False,both,False,False,3.081466120586166,3.0134212656151913,第5天,8723
False,queue,False,True,5.126094584014529,1.9626933234264423,第5天,8724
False,both,False,False,4.794183033355435,9.429055794509257,第2天、第5天,8725
True,none,True,True,2.8135704520898694,7.062178125107449,无,8726
False,traffic,True,False,9.842864363925251,6.684336393845186,第3天,8727
False,both,False,False,8.67392317372282,1.4568077585578392,第5天,8728
False,queue,False,True,7.050755371493322,4.7838409499121815,第3天、第5天,8729
False,queue,False,True,6.695716504528417,0.7450878303104209,第5天,8730
False,both,False,False,9.572103020573191,2.1149088155576905,第4天、第5天,8731
False,both,False,False,10.18236906217907,1.4181583453934803,第2天、第5天,8732
False,queue,False,True,5.242934936976457,3.4197850899851288,第5天,8733
True,none,True,True,3.6765507948146006,1.287394866260981,无,8734
False,queue,False,True,6.73324430270805,6.792203974297678,第5天,8735
False,queue,False,True,3.9057769976769916,4.69152671022779,第5天,8736
False,both,False,False,18.873347727953202,2.359029858130825,第1天、第5天,8737
True,none,True,True,5.8001516017623755,1.5654797203089554,无,8738
True,none,True,True,5.879424022485138,0.0,无,8739
False,both,False,False,3.5302103777590244,3.522968225830568,第5天,8740
False,both,False,False,11.182629040994392,3.0459319660902997,第3天、第5天,8741
True,none,True,True,3.138014494080788,5.565283014876382,无,8742
False,both,False,False,7.141427746322804,5.062021260764714,第3天、第5天,8743
False,both,False,False,6.419300016243281,4.984818374538163,第3天、第5天,8744
False,queue,False,True,2.408515524429142,2.840482754495472,第5天,8745
False,queue,False,True,7.342800777557343,0.0,第2天、第3天,8746
False,queue,False,True,4.611100381684874,4.904309351085472,第5天,8747
False,both,False,False,7.907832733138325,2.5551396972957456,第5天,8748
False,queue,False,True,2.9873947319103706,3.2825517326710068,第5天,8749
False,traffic,True,False,5.819993375759481,4.554079799874798,第4天,8750
False,both,False,False,1.6536822775093065,5.42501069976549,第5天,8751
True,none,True,True,6.9930858741263915,0.0,无,8752
True,none,True,True,6.9189141637989575,2.0881600001246925,无,8753
False,queue,False,True,6.433290160546033,3.4577903965673276,第3天、第5天,8754
False,both,False,False,6.728053859585843,1.2461220581507093,第2天,8755
False,both,False,False,13.698504945070589,0.23429399814582474,第4天、第5天,8756
False,traffic,True,False,8.718999655403112,3.882151070808509,第1天,8757
False,both,False,False,16.714856078296137,4.628720893465287,第2天、第3天、第5天,8758
False,both,False,False,7.515859120368032,0.6263485513632406,第5天,8759
False,queue,False,True,3.4903116887804018,2.1828334290085554,第5天,8760
False,queue,False,True,9.050501436182534,0.0,第5天,8761
False,queue,False,True,8.868347086429191,4.487159157377953,第5天,8762
True,none,True,True,0.0,1.8699894169924058,无,8763
False,queue,False,True,5.957147742892876,0.6053223990742311,第5天,8764
False,queue,False,True,6.1608276561423105,1.8820439590872702,第4天,8765
True,none,True,True,6.456836923594679,3.4721215130534255,无,8766
True,none,True,True,2.484068512149301,5.544456055958306,无,8767
False,queue,False,True,7.2603923089283855,3.582120866617452,第5天,8768
False,queue,False,True,2.508512828318898,1.7575196779472133,第5天,8769
False,queue,False,True,3.2888912619689346,3.645368732164908,第5天,8770
False,both,False,False,10.258203979248975,3.1569422742834887,第2天,8771
False,both,False,False,7.955273337637243,2.3524370738822227,第3天、第5天,8772
False,both,False,False,9.014569117551062,6.382272003894249,第3天、第5天,8773
False,queue,False,True,12.235939088175861,0.9482042291317782,第5天,8774
False,queue,False,True,2.767530015717421,0.5625093947663777,第5天,8775
False,queue,False,True,4.505122842286521,0.8835236462000589,第5天,8776
False,queue,False,True,2.3167045161953497,5.401503358945414,第5天,8777
True,none,True,True,6.181296125140195,0.3142290503449381,无,8778
False,both,False,False,11.221599123494178,4.143339738569784,第2天、第5天,8779
False,queue,False,True,0.0,4.091961084320392,第5天,8780
False,queue,False,True,5.193178468428076,1.6739586199526761,第4天、第5天,8781
False,queue,False,True,10.74081627859384,0.748133900663592,第5天,8782
False,both,False,False,13.235746430563685,2.893747266569746,第1天、第5天,8783
False,queue,False,True,9.427911229256885,2.748970128673279,第4天、第5天,8784
False,queue,False,True,6.154512110943086,2.9340815707016557,第5天,8785
False,queue,False,True,0.23586882909086615,4.731582708311919,第5天,8786
False,queue,False,True,5.17387353703452,1.063914726483418,第4天,8787
False,both,False,False,10.792397243016271,5.117089096812814,第2天、第4天、第5天,8788
False,both,False,False,2.3459683110932836,6.634688615455801,第5天,8789
False,traffic,True,False,10.151655473080693,2.6980218772476565,第3天,8790
True,none,True,True,11.18304408691526,0.253649242052974,无,8791
False,queue,False,True,9.152268104780466,2.6441027015317355,第5天,8792
False,both,False,False,8.278472743258783,3.8006791572425533,第1天、第5天,8793
False,queue,False,True,6.639595202303652,1.848080802394008,第5天,8794
False,both,False,False,7.359497814374223,1.1896700833610279,第5天,8795
False,queue,False,True,2.1756611902473733,9.071968759796984,第3天、第5天,8796
False,queue,False,True,4.004080589076262,0.7207067238134874,第5天,8797
False,queue,False,True,0.8848170648259825,4.538988041946618,第5天,8798
True,none,True,True,2.414321716769221,0.6055265570028252,无,8799
False,both,False,False,10.017192305664734,2.929603096901841,第3天、第5天,8800
False,both,False,False,7.881390243925981,5.631396366117869,第2天、第3天、第5天,8801
True,none,True,True,7.129429971080077,1.7054089401642378,无,8802
False,queue,False,True,11.298684440435425,0.48258009869633545,第3天、第5天,8803
False,queue,False,True,5.864476897904771,4.295077673330559,第5天,8804
False,queue,False,True,7.752223281834186,2.979712973857986,第5天,8805
False,both,False,False,13.368729926309445,2.6139382575643952,第2天、第5天,8806
False,queue,False,True,9.301246591356291,5.496775218821807,第3天、第5天,8807
False,queue,False,True,2.394932054790673,6.662990502115363,第5天,8808
False,both,False,False,2.4534216917245786,4.421564842416015,第2天、第5天,8809
False,queue,False,True,7.02401170997939,5.782118486373463,第2天、第5天,8810
False,queue,False,True,8.571032403578307,5.212412972637352,第4天、第5天,8811
False,both,False,False,11.735219001890439,5.871100435291383,第2天、第5天,8812
False,both,False,False,3.8845081136004413,6.023087458045424,第3天、第4天,8813
False,queue,False,True,7.526215924828762,1.6743942386812476,第5天,8814
False,both,False,False,7.313757529962612,3.282709889976706,第1天、第5天,8815
False,both,False,False,10.75430449305064,2.3089173425310294,第2天、第5天,8816
False,both,False,False,8.149485352900928,3.012525242718836,第2天、第5天,8817
False,both,False,False,17.050636471256738,2.2960736903732313,第2天、第5天,8818
False,queue,False,True,4.425267753993552,2.8929113115188416,第5天,8819
False,queue,False,True,6.576402759840976,1.8526017629211036,第3天、第5天,8820
False,both,False,False,11.343762651904342,1.3695254030936574,第1天、第5天,8821
False,queue,False,True,2.788733857659044,5.253444956887221,第5天,8822
False,queue,False,True,2.5741813910158395,2.2263348705203687,第5天,8823
False,queue,False,True,3.2866719137017033,3.111958077377685,第5天,8824
False,both,False,False,7.222858044953954,6.898475103725027,第5天,8825
False,queue,False,True,6.5570216869230595,4.8954143252683675,第5天,8826
False,both,False,False,8.15641015510418,6.696910504988285,第2天、第4天、第5天,8827
False,both,False,False,9.728671682909168,2.7844106221688847,第2天、第5天,8828
False,queue,False,True,10.301492339144628,1.4658090538973265,第3天、第5天,8829
True,none,True,True,8.697937120443143,0.0,无,8830
False,both,False,False,10.478115005235878,6.425355662307164,第2天、第5天,8831
True,none,True,True,6.677235916821271,2.7871341156431035,无,8832
False,both,False,False,12.592139484874195,1.4742554848008442,第2天、第5天,8833
False,queue,False,True,3.924988126796411,0.6867555127986595,第3天,8834
False,traffic,True,False,9.126897885279387,1.8450068373333133,第5天,8835
False,both,False,False,4.217048699525992,3.354491442549725,第2天、第5天,8836
False,both,False,False,12.364788345034352,1.3381574432871393,第4天、第5天,8837
False,both,False,False,5.703151331885779,5.813425063288035,第3天、第5天,8838
False,both,False,False,5.346483096684597,7.040350747143626,第1天、第5天,8839
False,queue,False,True,11.905633614633746,2.947988835393332,第3天、第4天,8840
True,none,True,True,3.2729304747638963,3.962192480848424,无,8841
False,queue,False,True,5.782877587378192,0.0,第5天,8842
False,queue,False,True,4.722310681602223,5.040866033195238,第2天、第5天,8843
False,queue,False,True,9.418989041318566,5.499237699189544,第3天,8844
False,queue,False,True,2.6713165277127464,6.083524924256482,第5天,8845
False,both,False,False,8.921643866716433,7.4425275521195,第3天、第5天,8846
True,none,True,True,0.35576992954212605,2.3484449554098217,无,8847
True,none,True,True,5.797181940271033,4.27255709742599,无,8848
False,both,False,False,10.450217048040765,4.663584277655037,第2天、第5天,8849
False,queue,False,True,4.3347925013883595,2.2261905336570327,第5天,8850
False,queue,False,True,13.243712003629282,0.1767995484727165,第5天,8851
False,both,False,False,17.343656135243812,0.57518908397601,第1天、第3天、第4天、第5天,8852
False,queue,False,True,8.867678507484083,3.5853805184250502,第4天、第5天,8853
False,both,False,False,6.986358552252203,2.8033894887075625,第5天,8854
False,both,False,False,8.804631247347977,2.9471206854849092,第2天、第5天,8855
False,both,False,False,6.4350706798440385,8.567584987300043,第2天、第3天,8856
False,queue,False,True,4.420086041078465,1.7246359474884514,第5天,8857
False,both,False,False,6.86071577142423,6.204830258841469,第3天、第5天,8858
False,queue,False,True,4.987189619517207,1.4011690806499768,第5天,8859
False,both,False,False,9.433960827006121,4.7594934615135065,第3天、第5天,8860
False,queue,False,True,0.0,7.139544567569827,第5天,8861
False,queue,False,True,7.461036675768266,1.3099981796763327,第5天,8862
False,queue,False,True,7.54239665607221,3.23634625097353,第5天,8863
False,queue,False,True,6.488943006243569,3.279574109638366,第5天,8864
True,none,True,True,6.667257658746848,1.5535941104585271,无,8865
False,queue,False,True,1.2204299883531302,3.9793544056585004,第5天,8866
False,both,False,False,14.070793962325961,7.623426854364949,第2天、第3天、第4天、第5天,8867
False,queue,False,True,5.556782730059281,2.7319981592621274,第3天,8868
True,none,True,True,8.213059750700003,0.21406021699822897,无,8869
False,both,False,False,9.152523945132023,5.796858450815282,第3天、第5天,8870
False,queue,False,True,2.540954201480982,5.659527461858984,第5天,8871
False,queue,False,True,6.332509166928196,4.120010684382223,第3天、第5天,8872
False,both,False,False,10.631015737019105,2.018118813076513,第3天、第5天,8873
False,both,False,False,9.886144254816271,2.483369916574717,第2天、第3天,8874
False,both,False,False,8.659952166675263,8.782821107874797,第5天,8875
False,queue,False,True,5.020169050183207,1.2236828884994377,第5天,8876
False,queue,False,True,1.9776496552546576,2.3792964455523515,第5天,8877
False,queue,False,True,5.6637273548991605,2.432463312373721,第3天,8878
False,both,False,False,11.8605898720249,3.2996694103463033,第2天、第4天、第5天,8879
False,both,False,False,7.666882627328846,3.229636045572219,第5天,8880
False,both,False,False,9.868146691906656,3.8449544349550013,第3天、第5天,8881
True,none,True,True,4.9051815989418515,2.1756399144975305,无,8882
False,both,False,False,14.653120954108962,5.766922970279868,第2天、第3天、第4天,8883
False,queue,False,True,0.27687169713683085,4.405890455428053,第5天,8884
False,queue,False,True,9.632707026728529,0.9419875005588273,第5天,8885
False,both,False,False,8.662786849878119,5.394682893272272,第5天,8886
False,both,False,False,14.117375643449915,6.62176708574965,第3天、第5天,8887
False,both,False,False,8.288434187696339,6.9845809423062715,第3天、第5天,8888
False,both,False,False,17.581433466688743,2.476053388092027,第4天、第5天,8889
False,both,False,False,5.6106493678279294,4.211618544074903,第2天、第5天,8890
False,both,False,False,6.887835789696871,5.106083254485171,第5天,8891
False,queue,False,True,6.983142010282194,4.006084787730077,第5天,8892
False,both,False,False,7.506362765880819,2.738293241140721,第2天、第5天,8893
False,both,False,False,12.2736715357871,4.142604024748303,第2天、第4天,8894
False,queue,False,True,5.3956513092909075,2.580830483669386,第2天,8895
False,both,False,False,10.72012023567818,1.917743577243126,第4天、第5天,8896
False,both,False,False,9.636388100998154,2.344710351395606,第3天、第5天,8897
False,queue,False,True,9.982605135723242,2.694176619633409,第4天、第5天,8898
False,queue,False,True,2.4030604844442607,5.737071041100101,第3天、第5天,8899
False,both,False,False,10.5786906086407,0.0,第2天、第5天,8900
False,both,False,False,10.526994361860954,6.7707129182134675,第3天、第5天,8901
False,queue,False,True,2.0996019266936736,2.9537252082225516,第5天,8902
False,both,False,False,3.071109686921182,4.258794225283192,第5天,8903
False,queue,False,True,6.416037336737622,5.757436561287326,第3天、第5天,8904
False,queue,False,True,9.005940836423019,3.2647235317868613,第5天,8905
False,queue,False,True,1.9616469294743784,1.0686627237615194,第5天,8906
False,queue,False,True,6.214090139678129,5.61317579708621,第3天、第5天,8907
False,both,False,False,11.524060883322331,5.592169498341723,第4天、第5天,8908
False,queue,False,True,4.8040221867214,4.336959189132443,第2天、第5天,8909
False,queue,False,True,2.571440548557191,4.558866978072055,第5天,8910
False,both,False,False,4.2834208251560915,7.230627732888177,第3天、第5天,8911
False,queue,False,True,5.1813740271589594,4.1387998176075875,第5天,8912
False,both,False,False,11.595257457119384,0.5427464609192172,第2天、第3天,8913
False,both,False,False,7.967770646717464,3.0619816082063998,第3天、第5天,8914
False,queue,False,True,7.751792340509892,0.0,第5天,8915
False,both,False,False,9.892782818814501,1.9279466661967013,第2天,8916
False,queue,False,True,4.340228419594681,6.051830615129806,第5天,8917
False,both,False,False,16.81117435021548,5.5862517530906555,第1天、第3天、第5天,8918
False,queue,False,True,5.848369691173357,7.927891432915928,第4天、第5天,8919
False,queue,False,True,8.34574186817495,0.0,第5天,8920
False,traffic,True,False,7.696313569273586,2.6450789678749693,第4天,8921
True,none,True,True,2.9004475959567513,7.187826565664631,无,8922
False,both,False,False,14.761547138990931,4.409442192632086,第1天、第3天、第4天、第5天,8923
False,both,False,False,11.318395052642654,3.235779971478734,第3天、第5天,8924
True,none,True,True,11.302909246697025,0.6217989249810797,无,8925
False,both,False,False,14.297656058845465,1.5132430569730073,第5天,8926
False,both,False,False,4.823433167293786,6.900810262731015,第2天,8927
False,both,False,False,9.733751030316565,5.213644255613503,第3天、第4天、第5天,8928
False,both,False,False,9.751111905478846,4.485316262046935,第5天,8929
False,both,False,False,5.718617994394217,5.549718971738725,第2天、第5天,8930
False,both,False,False,5.2686454703156445,8.941302129726456,第1天、第5天,8931
False,both,False,False,20.940736660867227,3.344051583127303,第2天、第4天、第5天,8932
False,both,False,False,4.9451078861059665,6.436361147757574,第3天,8933
False,queue,False,True,4.912988380196033,5.88439654290803,第5天,8934
False,both,False,False,12.251135347413133,1.0422267409205501,第5天,8935
False,both,False,False,9.37399960282881,2.404840809612686,第3天、第5天,8936
False,both,False,False,4.930190084452539,6.969019335554738,第3天、第5天,8937
False,both,False,False,6.283247225964557,3.3071458680251853,第2天、第5天,8938
False,traffic,True,False,11.983508944532492,2.978339312300288,第3天、第4天,8939
False,both,False,False,17.55679575348288,3.711854736647779,第2天、第4天、第5天,8940
False,queue,False,True,8.570491120033477,2.952316632703346,第5天,8941
False,both,False,False,12.76238164473169,3.6175405161154366,第2天、第5天,8942
False,both,False,False,14.92759165293283,0.0,第2天、第4天、第5天,8943
True,none,True,True,11.703598645182206,0.0,无,8944
False,queue,False,True,6.631951885691885,1.436753964655848,第5天,8945
True,none,True,True,5.882926193883385,0.6297056862424134,无,8946
False,both,False,False,12.880365623173079,5.72253076668403,第3天、第5天,8947
False,both,False,False,4.343808680557652,1.8000500870607343,第5天,8948
False,both,False,False,5.645270182255984,5.270090921866801,第4天、第5天,8949
False,queue,False,True,9.067426162765045,1.3447918120743485,第4天,8950
False,both,False,False,9.572981784788716,1.342502920079729,第4天,8951
False,both,False,False,16.94037056268267,3.3092422380418736,第1天、第4天、第5天,8952
False,queue,False,True,1.664683311078682,1.3256456837827275,第5天,8953
False,both,False,False,11.006918181235202,3.672663561596077,第2天、第5天,8954
False,both,False,False,11.753622085290454,3.7600254652763527,第2天,8955
False,queue,False,True,2.3712534539209353,2.7881742840585293,第5天,8956
False,both,False,False,3.9262087525917755,4.8609427364633895,第1天、第5天,8957
False,both,False,False,3.9250228332731956,5.615744395351273,第2天、第5天,8958
False,both,False,False,6.868554489592494,5.776909964797769,第2天、第5天,8959
False,queue,False,True,8.532726679133434,6.375924436066781,第5天,8960
False,traffic,True,False,6.3868233383793065,4.983537548852086,第1天,8961
False,queue,False,True,10.454527501735143,3.3421164654504825,第4天、第5天,8962
False,both,False,False,13.096186389702565,2.880886128963944,第2天、第3天、第5天,8963
False,both,False,False,15.827676412137237,3.8886990209103507,第2天、第3天、第5天,8964
False,both,False,False,6.302983827385713,2.683985224015579,第5天,8965
False,both,False,False,4.594349455716613,8.49112083925024,第2天、第5天,8966
False,both,False,False,12.717137600843444,1.906695056902948,第2天、第5天,8967
True,none,True,True,4.879248327841262,0.4495177762112892,无,8968
False,queue,False,True,7.751969722305436,7.277772819053288,第4天、第5天,8969
False,queue,False,True,6.021368703593354,3.662375706686965,第4天、第5天,8970
False,both,False,False,8.776818633238081,5.036429921355845,第5天,8971
False,both,False,False,9.432473680860701,3.843597040515761,第2天、第5天,8972
True,none,True,True,9.885588662011838,2.652732939946474,无,8973
True,none,True,True,3.5877120310544175,6.198004104029854,无,8974
False,queue,False,True,8.21667431041631,1.0988026591843325,第5天,8975
False,queue,False,True,3.867127896891754,3.3814601940466913,第5天,8976
False,queue,False,True,7.1229707169931515,3.9010023316796216,第3天、第5天,8977
False,queue,False,True,7.207154730615343,4.8008785610015225,第5天,8978
False,both,False,False,15.942111667459695,3.038678127734721,第3天、第4天、第5天,8979
False,queue,False,True,3.318325483727259,3.5981190247494945,第5天,8980
False,queue,False,True,8.459219177666267,1.507495361845502,第5天,8981
False,both,False,False,9.084265233102808,4.767662911003257,第2天、第5天,8982
True,none,True,True,4.088836480937537,2.9103104320393873,无,8983
False,both,False,False,10.741889977670604,6.354267300672797,第1天、第2天、第5天,8984
False,queue,False,True,5.258595223556847,0.37830574709948994,第4天,8985
False,queue,False,True,3.2241392758403147,0.9108220635845633,第5天,8986
False,queue,False,True,12.495833559988299,1.0011233675450022,第2天,8987
False,queue,False,True,0.0,5.50705516860745,第5天,8988
False,both,False,False,11.671271687864644,2.9203834047078994,第3天、第4天、第5天,8989
False,both,False,False,10.093003422127865,10.408707157069731,第2天、第3天、第4天、第5天,8990
False,both,False,False,11.371195633697129,1.2638324543906425,第2天、第5天,8991
False,queue,False,True,5.870020118266086,2.692544932027245,第5天,8992
False,both,False,False,8.688477524681785,5.560537558021021,第2天、第4天、第5天,8993
False,queue,False,True,2.552852244157883,4.893703239725273,第5天,8994
False,queue,False,True,11.505693787989342,1.5438108721592116,第4天、第5天,8995
False,both,False,False,15.43601997146452,2.294383233219375,第2天、第4天、第5天,8996
False,both,False,False,16.885413326359746,0.15137580700186215,第5天,8997
False,both,False,False,14.946776722174613,9.992396405533535,第1天、第2天、第4天、第5天,8998
False,both,False,False,12.090479857153355,5.805647016760052,第4天、第5天,8999
False,queue,False,True,7.634326698083144,1.634074171841404,第5天,9000
True,none,True,True,5.424382927860003,2.2392758824914027,无,9001
False,queue,False,True,3.3961310907538236,4.749626343530454,第5天,9002
True,none,True,True,0.8969654780723683,2.6302153047081207,无,9003
False,both,False,False,9.398887491851074,0.6607633432299103,第2天、第5天,9004
False,both,False,False,6.1932280694984865,6.599792272953836,第4天、第5天,9005
False,both,False,False,13.948945459206016,2.018739737455448,第4天、第5天,9006
False,traffic,True,False,4.197743696330966,2.6206995671453184,第1天,9007
True,none,True,True,7.4027440136563625,1.79184336433945,无,9008
False,both,False,False,10.304807798356308,3.141137083484318,第2天、第4天,9009
False,both,False,False,12.051017267806978,3.4972331502546012,第2天、第5天,9010
False,queue,False,True,5.280915903363281,0.9222009880860322,第5天,9011
False,queue,False,True,3.026228408291493,7.40227088422066,第2天、第5天,9012
False,both,False,False,4.331182232741723,4.045858719840611,第5天,9013
True,none,True,True,1.2798506303221378,2.515234090308189,无,9014
False,both,False,False,8.803387030749779,0.5760509916207566,第4天,9015
False,both,False,False,10.414351892253277,0.9924104801187933,第5天,9016
False,both,False,False,9.737985815430715,6.864142402705958,第2天、第3天、第5天,9017
False,both,False,False,11.589297271895287,1.6329097868801177,第2天、第5天,9018
False,queue,False,True,8.731047557240881,0.17301754892342702,第5天,9019
False,both,False,False,10.468696220080627,2.4468258954464455,第4天、第5天,9020
True,none,True,True,2.944085278510617,3.665263246310375,无,9021
False,both,False,False,8.857965022584242,2.9173484284593907,第2天、第5天,9022
False,both,False,False,17.758139487006904,5.0945285442878925,第1天、第3天、第5天,9023
False,queue,False,True,3.78095931139811,1.4739948956047582,第2天,9024
False,queue,False,True,3.7057378354759245,6.133149181101675,第4天、第5天,9025
True,none,True,True,10.46560525354262,0.3947074159125956,无,9026
False,both,False,False,5.255858643722233,7.912556144474838,第1天,9027
False,queue,False,True,4.066519560126249,1.4610822661551848,第5天,9028
False,queue,False,True,8.23716278868137,3.6643008719949357,第3天、第5天,9029
False,both,False,False,7.532326059150883,7.650983142825724,第2天、第5天,9030
True,none,True,True,1.5533999520204893,4.435669200125416,无,9031
False,queue,False,True,8.07464369783745,2.2771304844436218,第5天,9032
False,both,False,False,10.25074216033475,6.8396898951673615,第3天、第5天,9033
False,queue,False,True,5.946832895597397,1.1933985966359577,第5天,9034
False,both,False,False,10.69916761720368,1.4132891147061437,第5天,9035
False,both,False,False,7.394025497008133,3.667665652522367,第2天、第4天,9036
False,queue,False,True,3.1942608203076666,2.4980460505264714,第5天,9037
False,queue,False,True,2.2761481793177682,4.228734458775314,第5天,9038
False,queue,False,True,6.990198316184786,4.793958030427545,第2天、第5天,9039
False,queue,False,True,4.035236610774457,2.3968856346751264,第5天,9040
False,queue,False,True,3.7122294199901766,3.1100998055099534,第4天、第5天,9041
False,both,False,False,7.364823793467897,3.3454417112564165,第5天,9042
False,queue,False,True,9.320778571202148,1.0858962714525333,第5天,9043
False,queue,False,True,9.845580201718244,2.2508758777315037,第2天、第4天、第5天,9044
False,both,False,False,10.355196218105817,4.150380972079386,第3天、第5天,9045
False,both,False,False,11.74121567065656,2.045244468318767,第2天、第3天、第5天,9046
False,both,False,False,16.866144800788327,1.7804403272142415,第4天、第5天,9047
False,both,False,False,10.310754018381989,2.39973635123462,第2天、第5天,9048
False,queue,False,True,8.094143917012069,3.6335753526562162,第5天,9049
False,both,False,False,9.794692019626867,3.299781310618342,第2天、第5天,9050
False,queue,False,True,7.494731611613643,4.631858358878813,第5天,9051
False,both,False,False,9.846430830563827,5.023263905973575,第4天、第5天,9052
False,traffic,True,False,8.428128415118923,3.699610349805899,第4天,9053
False,both,False,False,7.130609351527763,3.494699772413809,第5天,9054
True,none,True,True,8.123345114324092,0.9094884438480711,无,9055
False,queue,False,True,8.093855737336982,0.3142458136063465,第5天,9056
False,queue,False,True,6.186009960217533,4.502701162295387,第5天,9057
False,both,False,False,11.429046315519757,2.6940769039608914,第4天、第5天,9058
False,both,False,False,12.978995279057925,2.080343995644222,第4天、第5天,9059
False,both,False,False,3.8862960075837125,8.53468407874767,第1天、第5天,9060
False,queue,False,True,5.607967118501912,4.194585469743246,第5天,9061
False,both,False,False,6.321391793219524,6.767875377009747,第2天、第5天,9062
True,none,True,True,3.373425144876675,4.515680617702946,无,9063
False,queue,False,True,1.5475847699866416,6.027560885221733,第5天,9064
False,queue,False,True,11.62759393947968,2.3358158797757635,第3天、第5天,9065
False,both,False,False,5.762285619921787,1.9204768042541382,第2天、第5天,9066
False,queue,False,True,0.0,2.371674604634116,第5天,9067
False,queue,False,True,5.837662773346382,4.648577238792749,第5天,9068
False,both,False,False,15.29653977382096,7.370439107489495,第1天、第4天、第5天,9069
False,both,False,False,6.551354982384254,4.629935431677485,第2天、第5天,9070
True,none,True,True,3.671208148753729,1.0083330150034568,无,9071
False,both,False,False,7.3840690605801615,2.388760102860495,第5天,9072
False,both,False,False,10.118004723565408,0.0,第3天、第5天,9073
False,both,False,False,3.1784922152193498,2.5874683927712567,第5天,9074
False,both,False,False,9.425911769488257,3.4106999246370275,第1天、第5天,9075
False,traffic,True,False,7.479481036067539,5.7416066101013525,第1天,9076
False,both,False,False,11.191768187865728,1.4813794395310214,第1天、第5天,9077
False,queue,False,True,3.45116053418211,1.0686403313534816,第5天,9078
False,both,False,False,7.8976942776504835,4.063582030915494,第5天,9079
False,both,False,False,4.793106096835893,2.195483621755023,第4天、第5天,9080
False,both,False,False,5.038546254194005,6.100526347690963,第4天、第5天,9081
False,traffic,True,False,9.051703830805131,0.509714272209696,第5天,9082
True,none,True,True,4.670247770044459,1.7062742931727297,无,9083
False,both,False,False,9.442682567587358,5.486977667523339,第2天、第5天,9084
False,both,False,False,7.572360581198383,4.899017170328464,第5天,9085
False,both,False,False,7.041444910775055,2.732651319446793,第5天,9086
False,both,False,False,12.691280673150994,2.972857653632844,第3天、第5天,9087
False,both,False,False,6.20571302344101,3.7509875584658494,第5天,9088
False,both,False,False,15.421995898884214,3.7609981705023405,第1天、第5天,9089
False,queue,False,True,10.371774341721883,1.7105831586339988,第4天、第5天,9090
True,none,True,True,6.160785148567388,2.4053969015065437,无,9091
False,queue,False,True,7.6703659568903735,4.551147126565976,第5天,9092
False,queue,False,True,4.800310818629817,4.883449453593578,第5天,9093
False,both,False,False,6.460151500652703,1.9925179010726266,第3天、第5天,9094
False,queue,False,True,4.256044827287129,3.9293426381757244,第5天,9095
False,both,False,False,10.451902693440699,3.5043711838597336,第1天、第4天、第5天,9096
True,none,True,True,3.5397924849895706,1.4502523900193374,无,9097
False,both,False,False,14.104824638552923,7.376510524515206,第3天、第5天,9098
False,queue,False,True,7.60429490110043,1.4142391861176558,第5天,9099
False,queue,False,True,12.955989355407834,2.2184719525278647,第5天,9100
False,queue,False,True,4.670177913735968,1.2320370733961696,第5天,9101
False,both,False,False,11.963312901879112,1.2421637035123427,第1天、第5天,9102
False,both,False,False,8.290618210651925,5.390238806858653,第2天、第5天,9103
False,both,False,False,9.161398209065077,7.402712595444326,第3天、第5天,9104
False,queue,False,True,3.3800561070084005,7.298793494190718,第5天,9105
False,queue,False,True,7.523039700056822,0.9975675538276775,第5天,9106
False,queue,False,True,4.922431692398275,2.761259790145818,第5天,9107
False,queue,False,True,2.1311468179065045,5.8294651288372705,第5天,9108
False,both,False,False,9.083213006417555,5.919779974604602,第2天、第5天,9109
False,queue,False,True,3.1901043443142125,2.8648966385939696,第5天,9110
False,both,False,False,14.11169838634342,2.3108962284486276,第2天、第3天、第5天,9111
False,both,False,False,7.916145663491712,0.40232150968779135,第5天,9112
False,both,False,False,11.992172597966498,3.799876442551568,第2天、第5天,9113
False,queue,False,True,4.04029694403096,1.5279536816614885,第5天,9114
False,queue,False,True,6.53809690360119,2.6245369742188203,第5天,9115
False,queue,False,True,10.538054996541764,2.8638456356098323,第3天、第4天,9116
False,queue,False,True,2.996662318877905,2.455430683512149,第2天,9117
False,both,False,False,12.38869985555981,0.4482758925985125,第5天,9118
False,both,False,False,7.8608673379269245,4.378229425852592,第2天,9119
False,queue,False,True,5.740791216939602,5.153751131224019,第5天,9120
False,queue,False,True,7.092486203642725,0.7753853870333747,第5天,9121
False,both,False,False,10.843617915965625,4.490230468176491,第3天、第5天,9122
False,traffic,True,False,8.769084062828624,0.0,第5天,9123
False,both,False,False,8.138270989357368,5.020152186960777,第2天、第5天,9124
False,queue,False,True,4.498348913620917,3.5975103307363714,第5天,9125
False,both,False,False,6.3789409034505145,2.3178687351958023,第2天、第5天,9126
False,traffic,True,False,12.186308017895879,4.085559708349952,第3天、第4天,9127
False,both,False,False,10.842248698975558,5.398151550759221,第2天、第3天、第5天,9128
False,both,False,False,7.356608163096737,7.3405724490809385,第5天,9129
False,queue,False,True,6.673656669800774,0.8435772794842545,第5天,9130
False,both,False,False,13.402932876027045,0.0,第5天,9131
False,both,False,False,12.018393943927995,5.306200393526573,第3天、第5天,9132
False,both,False,False,18.58031815320386,2.289820689695696,第5天,9133
False,both,False,False,14.237368667896096,2.3153578460708313,第2天、第3天、第5天,9134
False,both,False,False,9.921577832805038,5.399199185271085,第2天、第3天,9135
False,both,False,False,11.59865374815339,4.937500112302517,第5天,9136
False,queue,False,True,7.9850143400064955,8.474607133430524,第5天,9137
False,both,False,False,13.665448843511694,4.6433871623826155,第5天,9138
False,both,False,False,9.307862998755681,3.230475942083351,第2天、第4天,9139
False,both,False,False,6.817445126808998,4.622003881050351,第1天、第2天、第5天,9140
False,queue,False,True,2.5015474592066047,5.162887064923301,第5天,9141
False,queue,False,True,0.6292614289217107,5.428352926957704,第5天,9142
False,both,False,False,3.334363264494579,5.443401030781224,第2天,9143
False,both,False,False,4.43965939659187,5.498763270476997,第3天、第5天,9144
False,both,False,False,7.142267623969183,7.663844260019133,第5天,9145
False,queue,False,True,8.979023310829858,1.518390634319411,第4天,9146
False,both,False,False,4.889503347456547,4.184375541014735,第5天,9147
False,both,False,False,9.918763888076056,4.1470018479454795,第2天、第5天,9148
False,both,False,False,8.307406539118547,3.3919262696890438,第2天、第5天,9149
False,both,False,False,4.464234161165759,5.577970177738909,第2天、第5天,9150
False,both,False,False,10.409350196888049,4.510292844982023,第3天、第5天,9151
True,none,True,True,7.138601283566485,3.1368414129839954,无,9152
False,traffic,True,False,12.316226470399352,1.9207797399520063,第4天,9153
False,both,False,False,11.976768491433061,2.67784724221043,第2天、第5天,9154
True,none,True,True,1.5672648701854777,0.6400451445301367,无,9155
False,both,False,False,7.171754599791253,4.880634006976436,第4天,9156
False,queue,False,True,9.746036899644553,0.0,第5天,9157
False,queue,False,True,9.068817290377758,3.9479874993025414,第3天、第5天,9158
False,both,False,False,11.84161038271998,0.6771727685501282,第3天、第5天,9159
False,both,False,False,10.611758968819382,8.11886859096315,第2天、第5天,9160
False,queue,False,True,5.827747917519556,4.71996877109898,第3天,9161
False,queue,False,True,2.349475469609383,1.7721440301759226,第5天,9162
False,queue,False,True,7.086434162867938,4.609930940301683,第4天,9163
False,queue,False,True,6.736970374293213,1.6682321705880816,第5天,9164
False,both,False,False,13.795233342848263,3.5687949829353105,第2天、第3天、第4天,9165
True,none,True,True,7.311116897200431,0.16359832443628386,无,9166
False,both,False,False,9.954630904367463,1.8130768147019518,第5天,9167
False,queue,False,True,2.916259191050977,3.3067893066322713,第5天,9168
False,both,False,False,8.295928784326607,6.453757786817214,第1天、第5天,9169
False,queue,False,True,5.173127333055321,6.128307874178022,第2天、第5天,9170
False,both,False,False,5.144818462160237,6.189129710922961,第5天,9171
False,traffic,True,False,5.182931258705439,1.488920108419236,第5天,9172
False,queue,False,True,3.879826952601939,3.265197343980594,第3天、第5天,9173
False,both,False,False,7.006120475244762,7.229668419735578,第3天、第5天,9174
False,both,False,False,12.660493097462084,2.4019265462864707,第2天、第5天,9175
False,queue,False,True,5.892970295175856,0.7505768895695019,第5天,9176
False,queue,False,True,8.655602319902371,4.832578831892544,第5天,9177
True,none,True,True,7.131275126220154,2.926325817769009,无,9178
False,queue,False,True,6.069345908233415,3.560861215363396,第5天,9179
False,queue,False,True,4.760590329171392,1.163486964031702,第4天、第5天,9180
False,both,False,False,14.431053386281008,2.5507409666478216,第4天、第5天,9181
True,none,True,True,5.986047411244661,3.611264529846951,无,9182
False,both,False,False,6.862111022401747,3.381069964894774,第5天,9183
False,queue,False,True,7.040042600523428,2.8852233110515852,第4天、第5天,9184
False,queue,False,True,3.303112273376903,2.461315726303693,第2天、第5天,9185
True,none,True,True,5.504981920118973,1.0968772965389502,无,9186
False,queue,False,True,5.901845524079395,2.507888911644125,第4天,9187
False,both,False,False,7.355052733846414,2.847965503705077,第1天,9188
False,queue,False,True,3.014760319370769,0.0,第5天,9189
False,queue,False,True,2.1632721523100846,3.5571063540823475,第5天,9190
False,queue,False,True,0.09632474196490909,2.7670942567508106,第5天,9191
False,queue,False,True,8.188927023539375,0.6085463944572327,第5天,9192
False,queue,False,True,3.9250430003877304,4.808413215148457,第5天,9193
False,both,False,False,5.555615096836998,4.707966426748953,第2天、第5天,9194
False,queue,False,True,0.9848047346153741,2.1284146523624496,第5天,9195
True,none,True,True,5.779147273553916,3.837242265607835,无,9196
False,traffic,True,False,9.826573246693961,3.9763720141138963,第4天,9197
False,queue,False,True,8.146150861179683,1.3947541197481126,第2天,9198
False,queue,False,True,8.972003414195731,0.6003491785136575,第2天,9199
True,none,True,True,15.681185095038934,0.8446012681251494,无,9200
False,both,False,False,10.654916841588232,3.756807159436798,第1天、第2天、第5天,9201
False,both,False,False,5.872811625690088,5.620328004783072,第1天、第2天、第5天,9202
False,both,False,False,10.157120804594527,2.1115357809203736,第1天、第2天、第5天,9203
False,queue,False,True,8.188891643010464,4.042179913179728,第5天,9204
False,queue,False,True,9.88066557916137,4.536534945965401,第5天,9205
False,both,False,False,11.621604928241464,3.3366741504147757,第2天,9206
False,queue,False,True,5.477388162365867,1.9001263921800853,第5天,9207
False,both,False,False,6.68335977417521,3.721139070297793,第5天,9208
False,queue,False,True,12.900805110911492,0.11801137109165127,第3天、第5天,9209
False,queue,False,True,5.243448066935551,4.757040985843636,第5天,9210
False,queue,False,True,6.3070560833539915,4.312133960192093,第5天,9211
True,none,True,True,6.632680840252896,1.5036774987410304,无,9212
False,both,False,False,7.551507370999715,0.0,第5天,9213
False,queue,False,True,8.586224835011635,2.5539486107073026,第4天、第5天,9214
False,both,False,False,12.264872283887545,3.7085300852135825,第4天、第5天,9215
False,queue,False,True,9.027798064836075,0.2812805102857653,第5天,9216
False,queue,False,True,5.217833771877666,4.669676753436528,第4天、第5天,9217
False,both,False,False,11.442970197910766,4.7148866695476475,第2天、第5天,9218
False,queue,False,True,10.470074553308985,0.0,第2天、第5天,9219
False,both,False,False,7.405082208817944,3.756458392962491,第3天、第5天,9220
False,both,False,False,5.569439853038799,0.6752951960794814,第5天,9221
False,traffic,True,False,7.131231177175466,4.5071927471971005,第2天,9222
False,both,False,False,10.387047376775653,2.2218230376829404,第1天、第2天、第5天,9223
False,queue,False,True,8.656623975738237,2.338289440525347,第2天、第4天、第5天,9224
True,none,True,True,5.4048805929220105,4.920835870017781,无,9225
True,none,True,True,7.450663459046897,2.149393668815025,无,9226
False,both,False,False,8.23068848159988,2.3460668164060445,第1天、第5天,9227
False,both,False,False,9.686193324310652,6.103232021672294,第5天,9228
False,queue,False,True,2.6347291762150125,3.9608625244763935,第5天,9229
False,queue,False,True,3.8697206667380475,5.404190650128931,第5天,9230
True,none,True,True,5.378578241034821,1.7479429202215693,无,9231
False,both,False,False,6.557757524282552,7.634912180297494,第5天,9232
True,none,True,True,0.0,3.3961794703948494,无,9233
False,both,False,False,4.117451109908022,5.248742585450646,第5天,9234
False,both,False,False,13.988138038234158,2.7093163597610506,第1天、第5天,9235
False,traffic,True,False,10.87147210967252,2.191716687628434,第4天,9236
False,both,False,False,7.617855798902165,5.999385639812017,第5天,9237
False,both,False,False,14.194063941342383,3.4809043978818646,第2天、第5天,9238
False,both,False,False,8.27046172453269,4.6732108004583885,第5天,9239
False,both,False,False,3.221712897648167,9.582149048971822,第5天,9240
False,both,False,False,6.489807428291611,4.087435797687564,第2天、第5天,9241
False,traffic,True,False,5.075716854359897,7.069712737097184,第4天,9242
False,both,False,False,5.310447357621472,5.042448710247495,第5天,9243
False,both,False,False,3.9123914252212275,3.061593035491579,第5天,9244
True,none,True,True,3.9762061638647253,1.5221232452613163,无,9245
False,both,False,False,12.844613672625163,5.8174847744202225,第3天、第4天、第5天,9246
False,both,False,False,7.292283776991956,1.5471426231224303,第3天、第5天,9247
False,both,False,False,11.068931687979557,0.5108532609266152,第4天、第5天,9248
False,both,False,False,19.199505149138375,5.520946953721461,第3天、第5天,9249
False,both,False,False,8.421606125679745,0.62840111509053,第5天,9250
False,both,False,False,8.756615110693174,8.74790183333756,第2天、第3天、第5天,9251
False,queue,False,True,4.400027679933359,1.3766808336820815,第5天,9252
False,both,False,False,6.138521910376861,5.473019373608448,第5天,9253
True,none,True,True,8.025969174755472,0.3514090817312726,无,9254
False,both,False,False,14.639561886095027,1.1186420465864098,第2天、第5天,9255
False,queue,False,True,5.984615723626561,2.3600669243127412,第2天、第3天,9256
False,queue,False,True,7.71438370475043,2.3657127135086533,第5天,9257
False,both,False,False,9.830826199423244,8.132243559520575,第3天、第5天,9258
False,both,False,False,11.719787235683352,1.3647276515330549,第2天、第5天,9259
True,none,True,True,2.702105913529152,4.966384845041713,无,9260
False,queue,False,True,13.74158930651324,3.944219067743044,第4天、第5天,9261
False,both,False,False,11.364542217981668,3.0685534798869543,第2天、第4天、第5天,9262
True,none,True,True,4.679944721567047,2.8574752774094554,无,9263
True,none,True,True,0.7645459306783693,6.921347134870702,无,9264
False,queue,False,True,2.4958689518973722,3.6377583972937875,第5天,9265
False,both,False,False,11.12612498828707,3.2918306653370744,第5天,9266
False,queue,False,True,5.050299952174213,3.1969956313178196,第5天,9267
False,queue,False,True,5.572409894911696,6.629527365579089,第5天,9268
True,none,True,True,2.4470681124864746,6.102740305036249,无,9269
False,queue,False,True,9.03613249904037,2.1460271641576028,第3天、第5天,9270
False,queue,False,True,3.8665633412810463,5.678366144460108,第5天,9271
True,none,True,True,2.9609655258965013,2.142828398448562,无,9272
False,both,False,False,6.755334223879661,5.408922489022087,第3天、第5天,9273
True,none,True,True,4.926589934997084,5.620607769220314,无,9274
False,queue,False,True,7.4223934234255555,3.929432642093216,第2天、第3天、第5天,9275
False,queue,False,True,7.5671223145779365,5.008875917430345,第5天,9276
False,both,False,False,7.562378960625274,3.950870371579396,第5天,9277
False,both,False,False,10.693739882289183,5.943568478679191,第2天、第3天、第5天,9278
False,both,False,False,8.152386443106527,4.899996515440691,第4天、第5天,9279
False,queue,False,True,1.966277263241603,3.0521142138152797,第5天,9280
False,both,False,False,11.59250912288529,0.7495943596673957,第3天、第5天,9281
False,traffic,True,False,12.00424720218981,0.9091899532412123,第3天,9282
False,queue,False,True,7.0814870974913635,2.7037359940729497,第4天、第5天,9283
True,none,True,True,5.932382980070902,2.558146231955421,无,9284
False,both,False,False,10.075301516084357,4.661735092318695,第4天,9285
True,none,True,True,8.385713499536017,0.01292360786432789,无,9286
False,queue,False,True,4.674816190101445,2.789036719872695,第5天,9287
False,both,False,False,6.5630602907992746,1.8522589950198465,第2天、第5天,9288
False,both,False,False,5.109309027338825,9.357687279870662,第1天、第5天,9289
True,none,True,True,8.027287938910225,2.2615701511956945,无,9290
False,both,False,False,6.815682657866629,2.8842388898599416,第2天、第3天,9291
False,both,False,False,5.6164537795901355,5.501271138344894,第4天、第5天,9292
False,both,False,False,7.189539588908048,1.0046886123072767,第2天,9293
False,both,False,False,11.051212993254667,3.880098519991792,第4天、第5天,9294
True,none,True,True,4.974293081952773,3.4671283746568404,无,9295
False,queue,False,True,2.5385919269516144,4.874851039548306,第5天,9296
False,both,False,False,14.197007903487588,2.121117521051115,第3天、第4天、第5天,9297
False,both,False,False,13.061588310709254,2.494170307865879,第2天、第5天,9298
False,queue,False,True,8.137183155223637,0.30148223784541983,第4天、第5天,9299
False,both,False,False,4.529386688384971,4.584509258293021,第2天、第5天,9300
False,traffic,True,False,9.155269715798363,2.4730322213978644,第3天,9301
False,queue,False,True,3.9883147573329123,0.7852760881398899,第5天,9302
False,queue,False,True,2.542850112255766,3.1751755656501395,第5天,9303
False,both,False,False,3.328054532429115,7.230862549134144,第4天、第5天,9304
True,none,True,True,3.8647240114773673,6.26275984430316,无,9305
False,both,False,False,4.125906886991028,0.849037923277121,第5天,9306
True,none,True,True,2.610754997918461,3.1494260023499967,无,9307
False,queue,False,True,6.011156377695387,6.784752083693805,第5天,9308
False,queue,False,True,1.3242625862919923,3.5815471835213666,第5天,9309
False,traffic,True,False,3.87109996340335,3.209559908291066,第5天,9310
False,both,False,False,7.400593657243368,3.242090375265125,第2天、第5天,9311
False,both,False,False,9.439869338319129,4.690385064152279,第4天、第5天,9312
False,queue,False,True,5.9435420041945335,4.391008403128646,第5天,9313
False,queue,False,True,1.5302125104853177,3.801888931798299,第5天,9314
False,queue,False,True,2.323792610450428,6.311013581145875,第2天、第5天,9315
False,queue,False,True,9.003602322414817,0.0,第5天,9316
False,queue,False,True,7.479435854592854,8.388498848287774,第5天,9317
True,none,True,True,5.196434133473265,2.8918921554506065,无,9318
False,queue,False,True,1.2820841888189127,2.606463791922464,第5天,9319
False,queue,False,True,5.868828089113357,4.147408111730049,第5天,9320
False,both,False,False,9.72018606841398,3.7378809255247902,第5天,9321
False,both,False,False,3.9199727940671614,2.203620122952821,第2天,9322
False,both,False,False,12.96370266555726,3.3619714232696065,第1天、第2天、第5天,9323
False,queue,False,True,5.378341068339486,4.203290951293224,第5天,9324
False,both,False,False,7.954024940320291,4.598092531030488,第1天、第5天,9325
False,both,False,False,7.098404754457125,4.236045476801129,第2天、第5天,9326
False,queue,False,True,3.4988177605589983,2.730779936975008,第5天,9327
False,queue,False,True,4.211048872275139,3.4836305580411313,第5天,9328
True,none,True,True,10.485990978585122,2.958405201144221,无,9329
False,both,False,False,11.466995467459338,3.6671351663667204,第1天,9330
False,queue,False,True,4.296108525652869,1.9303495604326055,第5天,9331
False,both,False,False,8.514594587994761,1.3961615436611,第5天,9332
False,queue,False,True,8.174961672176721,4.796652763554063,第2天、第5天,9333
False,both,False,False,7.358581761239083,5.5732368193739354,第4天、第5天,9334
False,both,False,False,5.269960591295897,7.06865069457682,第4天、第5天,9335
True,none,True,True,1.2153084399273328,4.110727601084035,无,9336
False,both,False,False,4.583539436345539,6.943512867896072,第5天,9337
False,both,False,False,6.321218681937114,4.275973990816478,第5天,9338
True,none,True,True,2.2539802619048346,3.6711302485624957,无,9339
True,none,True,True,3.8365306737415574,3.503837771761856,无,9340
False,queue,False,True,4.919286384698487,4.069463043161105,第5天,9341
False,queue,False,True,8.694618117253999,3.5085724812132377,第5天,9342
False,queue,False,True,9.779778569204618,3.324071994589488,第3天、第5天,9343
False,queue,False,True,3.8239260939368878,4.566281639438081,第5天,9344
False,queue,False,True,1.145891271517262,2.986644486703608,第5天,9345
False,both,False,False,10.53638066233303,1.356975184865329,第1天、第5天,9346
False,queue,False,True,3.1486478793554644,2.268680644963535,第5天,9347
False,both,False,False,4.833447539406569,2.9661302823851368,第5天,9348
False,queue,False,True,8.517148606216384,1.692390342992823,第4天,9349
False,both,False,False,9.551161353886986,3.423940253237409,第1天、第5天,9350
False,queue,False,True,8.462942707526288,1.1212966799591588,第5天,9351
True,none,True,True,5.744702014832602,0.0,无,9352
False,both,False,False,10.790101965265725,5.933859491083126,第2天、第3天、第5天,9353
False,both,False,False,11.396141134356593,6.082706530812285,第3天、第4天、第5天,9354
False,both,False,False,12.339468827244477,8.27230232138939,第2天、第3天、第4天、第5天,9355
False,both,False,False,4.6426173142317495,6.735838324017127,第4天,9356
False,both,False,False,7.267107125990043,1.280233420451506,第1天,9357
False,queue,False,True,7.854526241166569,0.7603533467404272,第5天,9358
False,queue,False,True,11.163954499260353,1.6756587718187963,第3天、第4天,9359
False,queue,False,True,7.381424455661868,2.0045242682954587,第5天,9360
False,queue,False,True,4.681104972181807,5.842032363762975,第5天,9361
True,none,True,True,8.73992988861365,0.09120520727037551,无,9362
False,queue,False,True,4.88200686679117,2.1301128786113024,第5天,9363
False,both,False,False,10.309404016501572,4.139512741407344,第4天、第5天,9364
False,both,False,False,9.759447423540832,3.265285915476917,第4天、第5天,9365
False,both,False,False,11.96443646504295,2.6281918997379132,第2天、第4天,9366
False,both,False,False,8.191502549572915,5.896587948733341,第4天、第5天,9367
False,traffic,True,False,4.051007086405567,3.9366628791610276,第1天,9368
False,queue,False,True,8.52595873193164,2.416074344074307,第5天,9369
False,both,False,False,13.762604820077524,2.669028643539803,第5天,9370
True,none,True,True,6.800873698835399,0.7298748562627375,无,9371
False,queue,False,True,6.245540256950608,1.6120166263183309,第2天、第5天,9372
False,both,False,False,5.090881046139618,4.905847951907116,第2天、第5天,9373
False,both,False,False,12.544809108254812,0.4417872255906018,第2天,9374
False,queue,False,True,7.290069326136492,3.620399972530544,第5天,9375
True,none,True,True,0.0,4.844671454398585,无,9376
False,both,False,False,14.27334372595676,0.984088895638261,第3天、第4天、第5天,9377
False,queue,False,True,8.909991485424479,0.9858709476932614,第3天,9378
False,both,False,False,14.715771639874495,3.530738677532356,第2天、第5天,9379
False,both,False,False,9.106988078904287,1.3181961005528513,第2天、第5天,9380
False,both,False,False,8.79703941561665,1.0385868427539116,第3天、第5天,9381
False,both,False,False,10.157028765805025,2.2003824573216244,第5天,9382
False,both,False,False,12.210581489719221,3.1583989598068483,第3天、第5天,9383
False,queue,False,True,7.320498832837827,1.0282482434527407,第5天,9384
False,queue,False,True,4.228156983571301,5.459936283877187,第2天、第5天,9385
False,queue,False,True,7.134483524510557,4.7487777397170845,第5天,9386
False,both,False,False,12.23389581706395,2.4210598053686496,第4天、第5天,9387
False,both,False,False,9.553795452945547,0.9900009305338037,第2天、第4天,9388
False,traffic,True,False,5.3745041012587125,2.1662145555305026,第2天,9389
False,both,False,False,11.967439929442353,1.6175581520759574,第3天、第4天,9390
True,none,True,True,5.677789590304272,1.724188665808126,无,9391
False,both,False,False,4.437706018830899,2.4109808063845537,第2天、第5天,9392
False,queue,False,True,5.999335726970744,3.902595577412696,第5天,9393
False,both,False,False,7.7373977452638085,4.438581680276508,第3天、第5天,9394
False,both,False,False,19.091286953070956,0.4573862403415383,第2天、第4天、第5天,9395
False,queue,False,True,4.366239751099311,5.2460011309847525,第5天,9396
False,both,False,False,5.101555335947117,4.319906686849556,第2天、第5天,9397
False,queue,False,True,6.211535978618849,2.6202673339502627,第5天,9398
False,both,False,False,14.003336249815531,3.074658210730462,第2天、第4天、第5天,9399
False,queue,False,True,3.683764152438935,3.3181296011065062,第3天,9400
False,both,False,False,13.50417318668535,0.9257916281412958,第2天、第5天,9401
False,both,False,False,9.479037956862003,6.151369411282159,第1天、第3天,9402
False,queue,False,True,6.1432082738380505,2.831763429812227,第5天,9403
False,both,False,False,12.686921163978472,2.6420573191182655,第3天、第5天,9404
True,none,True,True,3.094941360873471,3.152478413092006,无,9405
True,none,True,True,4.601837360798615,3.335541630718605,无,9406
False,both,False,False,4.291670753787683,8.272488122930785,第5天,9407
False,both,False,False,14.65384367759248,1.7158666864498504,第5天,9408
False,queue,False,True,3.6254641506094947,3.16403057925865,第5天,9409
False,queue,False,True,3.374220199604645,0.6082121845558193,第4天,9410
False,both,False,False,4.196237315786243,3.964571074226229,第2天、第5天,9411
True,none,True,True,13.090894484618747,1.721179112563627,无,9412
False,queue,False,True,10.757675929031038,3.827756284026762,第2天、第5天,9413
True,none,True,True,7.384683467447191,0.7689399965277576,无,9414
False,both,False,False,9.50631461296437,2.460462974626314,第2天、第5天,9415
False,both,False,False,4.588447773235246,4.695588374199723,第4天、第5天,9416
False,both,False,False,15.123682613502584,1.5560035476962681,第2天、第5天,9417
False,both,False,False,5.310955745019804,3.5280107495903676,第4天、第5天,9418
False,both,False,False,6.4974995423144035,2.7641028333463185,第2天,9419
False,queue,False,True,4.696510281713504,6.638958420933886,第5天,9420
False,both,False,False,13.780583861979489,2.6594358558043663,第3天、第5天,9421
False,both,False,False,6.578324134379274,6.042928236048736,第5天,9422
False,queue,False,True,5.401212646940651,4.9536105156542085,第5天,9423
False,queue,False,True,5.728330898926165,2.809030804041011,第5天,9424
False,both,False,False,10.079857187018895,6.393112528421541,第5天,9425
False,queue,False,True,4.333063695508787,4.099167262735518,第2天、第5天,9426
False,queue,False,True,3.8899516882298193,6.416660431537027,第5天,9427
True,none,True,True,4.803643488772224,3.962163812984829,无,9428
True,none,True,True,6.363234796358079,2.476855874212456,无,9429
True,none,True,True,14.050758797753572,3.3911755012139952,无,9430
False,traffic,True,False,8.256557305970139,3.377652123341342,第3天,9431
False,both,False,False,12.72534331319228,5.508597096567678,第3天、第4天、第5天,9432
False,both,False,False,7.472893813317256,3.617001158696864,第2天、第3天,9433
False,both,False,False,13.558625293665406,0.8338293442409422,第4天、第5天,9434
False,queue,False,True,11.147151126551169,2.285576062134954,第5天,9435
False,both,False,False,11.056261265676667,5.3513024537707095,第3天、第5天,9436
False,queue,False,True,7.328854394928927,4.1847682190723,第2天、第3天、第5天,9437
False,queue,False,True,3.2880779616924305,6.4064604778431455,第5天,9438
False,both,False,False,15.19333598833091,3.7323535257531404,第5天,9439
False,both,False,False,12.480693190898311,0.11328845503407214,第2天、第4天、第5天,9440
False,queue,False,True,4.4361487662227805,1.9301684939092023,第5天,9441
False,both,False,False,0.930990837328012,6.230992544819723,第5天,9442
False,both,False,False,10.411705171395365,0.0,第5天,9443
False,both,False,False,13.736750550810608,2.9026335514205304,第2天、第4天、第5天,9444
False,queue,False,True,9.933758651489015,0.7150973519604302,第4天,9445
False,queue,False,True,1.6668690660742842,2.19835139123545,第5天,9446
False,both,False,False,16.48636998513445,1.0345585246025053,第2天、第3天、第4天,9447
True,none,True,True,1.3425666015636941,1.6858050931986992,无,9448
False,queue,False,True,12.796811041742234,0.0,第5天,9449
False,queue,False,True,6.194600909280508,5.713497534781935,第3天、第5天,9450
False,queue,False,True,3.5301064555661266,1.3840046028250674,第5天,9451
False,both,False,False,8.082906706886828,2.032081810228184,第3天、第5天,9452
False,traffic,True,False,16.27683748471532,0.0,第3天、第5天,9453
False,both,False,False,15.709542135160618,5.700117218917903,第2天、第4天,9454
True,none,True,True,8.564516840555804,1.1289466250457554,无,9455
False,both,False,False,15.62684890738338,3.7321678972747336,第1天、第5天,9456
False,both,False,False,11.243957020123956,1.963896288164357,第2天、第5天,9457
False,both,False,False,10.427952310015412,4.073127230708479,第2天、第4天,9458
False,both,False,False,10.41348911533724,1.328748143734752,第2天,9459
False,traffic,True,False,8.990016943634245,4.123794431074982,第5天,9460
False,queue,False,True,3.251326559103062,9.069093818523381,第5天,9461
False,queue,False,True,4.19479233890839,7.27130033637868,第3天、第5天,9462
False,traffic,True,False,6.9788024941557705,4.121453070637624,第3天,9463
False,both,False,False,8.525597396833923,2.104764527561888,第1天、第5天,9464
False,both,False,False,7.2196472812358365,2.043369986480407,第3天、第5天,9465
False,both,False,False,6.240887995842167,5.6353434495280865,第5天,9466
True,none,True,True,8.880557513988123,1.6930397900405296,无,9467
False,queue,False,True,11.455660115656645,2.560466761832889,第3天、第5天,9468
False,both,False,False,12.839579636603979,2.165932386004585,第2天、第5天,9469
False,queue,False,True,10.232300928682037,1.9032240110431748,第3天,9470
False,both,False,False,8.918455162550195,0.5676940624752814,第1天,9471
False,queue,False,True,4.874048638065962,3.934511712661914,第5天,9472
True,none,True,True,6.05711375875522,2.7656015467006405,无,9473
False,both,False,False,10.81014692491296,3.631264643361118,第2天、第5天,9474
False,both,False,False,8.07352046695831,2.794582293446487,第4天、第5天,9475
False,queue,False,True,4.772231080247353,1.6945535715795708,第5天,9476
False,both,False,False,13.058875613398172,4.687197253201273,第3天、第5天,9477
False,queue,False,True,6.765389393649796,6.0716755635048045,第4天,9478
False,queue,False,True,6.1945044358452845,0.4419491671581507,第5天,9479
False,both,False,False,9.282593508694386,1.0064524220926199,第5天,9480
False,queue,False,True,5.512262298556546,2.049023534546572,第5天,9481
False,queue,False,True,1.1003054289545782,8.82231247244483,第5天,9482
False,queue,False,True,4.61138280749669,3.0390827194617844,第5天,9483
False,queue,False,True,0.9725234913863819,6.604574465866216,第5天,9484
False,queue,False,True,3.4347948227713236,1.3380399355109165,第5天,9485
False,both,False,False,12.439623276764964,1.7442974724431894,第4天、第5天,9486
True,none,True,True,5.5137093479387165,4.795055553330968,无,9487
False,queue,False,True,7.7565482602826386,4.603306265129518,第4天、第5天,9488
False,queue,False,True,3.6324546833669675,3.2819892842142675,第5天,9489
False,both,False,False,11.037349932737241,0.7308239716526107,第2天,9490
False,both,False,False,14.015714090049382,3.181050815686307,第4天、第5天,9491
False,both,False,False,10.726995042556217,4.400546541966842,第1天、第2天、第5天,9492
False,both,False,False,7.116894966171834,2.796553210352082,第3天,9493
False,both,False,False,5.093410914095906,5.504487679930429,第2天、第5天,9494
True,none,True,True,5.752081972985493,4.0810600259994665,无,9495
False,queue,False,True,8.70680104956067,4.422199250591348,第2天,9496
False,both,False,False,9.777377363961357,5.303178265770551,第3天、第5天,9497
False,both,False,False,3.8548169302853426,8.484370912687577,第5天,9498
False,queue,False,True,4.91549784220778,1.8684854997009013,第4天,9499
False,queue,False,True,13.17637883001954,5.297969806777286,第3天、第4天、第5天,9500
False,both,False,False,4.649835890619255,6.243112583840587,第5天,9501
False,both,False,False,8.291418013771205,4.398019873119804,第2天、第5天,9502
False,both,False,False,6.910818182246492,2.1606453156071286,第5天,9503
True,none,True,True,6.692278241339021,3.7979037406282923,无,9504
False,both,False,False,5.10821805086822,2.1098296462197705,第2天、第5天,9505
False,both,False,False,8.456392326248757,5.091054754259719,第2天、第3天,9506
False,queue,False,True,6.580262815280662,2.6835983095578078,第5天,9507
False,both,False,False,9.687206718132712,6.11516054071952,第2天、第5天,9508
False,both,False,False,11.876330860911663,3.2858727998061408,第2天、第5天,9509
False,queue,False,True,0.0,3.798294526873757,第5天,9510
False,both,False,False,9.362153991242458,2.8190777086816694,第5天,9511
False,queue,False,True,5.68902234690821,4.443090919183845,第5天,9512
True,none,True,True,3.7709528581532092,0.6451135932538792,无,9513
False,traffic,True,False,11.861481090591067,4.021910418305059,第4天、第5天,9514
True,none,True,True,3.653116400770039,1.3197094015173623,无,9515
False,both,False,False,10.888029118898487,5.221235576936883,第2天、第5天,9516
False,both,False,False,15.042556042689078,0.8419597064616094,第1天、第5天,9517
True,none,True,True,2.2071615028939977,2.3944729011240558,无,9518
False,queue,False,True,2.1597809438680047,4.887527024854913,第5天,9519
False,both,False,False,7.4851539769254885,4.392102748454596,第5天,9520
False,both,False,False,12.462521150390643,2.3791602779452137,第4天,9521
False,queue,False,True,10.719324772212314,2.99611726326946,第3天、第5天,9522
False,queue,False,True,9.853614614379063,4.688469754033843,第5天,9523
False,queue,False,True,6.403369071452415,5.09605633118691,第4天、第5天,9524
False,both,False,False,9.972639684380587,4.658789928878804,第2天、第5天,9525
False,both,False,False,20.448003573783904,4.058986554719646,第2天、第3天、第4天、第5天,9526
False,both,False,False,13.600717907452701,3.2398091990577536,第2天、第5天,9527
False,both,False,False,9.157815974262089,5.178155330497727,第2天,9528
False,queue,False,True,6.6678483771001265,3.5732167194948175,第3天、第5天,9529
False,both,False,False,16.206601205686333,0.7723231503996509,第2天,9530
False,both,False,False,8.82998850390407,0.7893894900781907,第2天,9531
False,both,False,False,9.545225449194383,5.09348899485116,第2天、第5天,9532
True,none,True,True,3.4232554271002598,0.913146417631037,无,9533
False,both,False,False,14.70956772099498,4.772260510335327,第1天,9534
False,both,False,False,8.307646187206434,1.1178571055092874,第2天、第5天,9535
False,both,False,False,4.614430567631514,7.564744679927095,第1天、第5天,9536
False,both,False,False,15.022268002954755,2.3786343855160914,第4天、第5天,9537
False,queue,False,True,3.7074931983846993,2.737189499222664,第5天,9538
False,both,False,False,6.44155579932643,3.3259033078828697,第3天、第5天,9539
False,both,False,False,9.166873125291758,4.7157649552669785,第3天、第5天,9540
False,queue,False,True,4.352848124073822,4.295512654836324,第3天,9541
False,both,False,False,16.469429897156672,3.9461021113071655,第2天、第5天,9542
False,queue,False,True,8.215674581684269,4.214466962417291,第4天、第5天,9543
False,queue,False,True,5.965519846171333,2.7063133968349042,第5天,9544
False,both,False,False,8.2985350366742,6.369071230729226,第5天,9545
False,both,False,False,8.151132790281679,6.022442283933465,第2天、第5天,9546
False,both,False,False,8.519437612430671,5.731269190451378,第5天,9547
False,both,False,False,7.096493850068386,6.86841950113152,第1天、第5天,9548
False,queue,False,True,11.939214489827211,2.503873896913629,第4天、第5天,9549
False,both,False,False,6.002101125495827,8.25677042165654,第1天、第4天,9550
False,queue,False,True,14.815833634454671,2.4809735649712605,第2天、第4天,9551
False,both,False,False,4.15495604884661,2.9245100966502537,第5天,9552
False,both,False,False,2.9401352616313527,4.449447681748539,第2天、第5天,9553
False,queue,False,True,4.588184957253812,10.059183348015578,第4天、第5天,9554
False,queue,False,True,8.471886640225078,5.817138458212017,第4天、第5天,9555
False,both,False,False,8.48622246628401,1.7491158030128542,第5天,9556
False,traffic,True,False,13.39812592693617,1.0906851719073698,第5天,9557
False,both,False,False,2.835729356920794,10.142657020669919,第1天、第5天,9558
False,both,False,False,7.713253949815876,2.769979321776157,第4天、第5天,9559
False,both,False,False,16.843541354687684,1.9173995003365953,第4天、第5天,9560
False,both,False,False,19.154352145392174,4.027320696058003,第2天、第5天,9561
False,queue,False,True,3.8783807011272806,2.6453152535358697,第3天、第5天,9562
False,both,False,False,7.057980939474302,5.744573680433425,第4天、第5天,9563
True,none,True,True,6.689542367380193,0.6948312324185077,无,9564
False,both,False,False,10.06628774899352,2.4040461206555523,第2天、第5天,9565
False,queue,False,True,4.089110638536166,4.740693141007369,第5天,9566
False,both,False,False,10.712456124536445,2.4380360885595453,第3天、第5天,9567
False,queue,False,True,7.047014419765122,1.2425914378760252,第5天,9568
False,both,False,False,4.846160889722765,2.7811235329332926,第4天,9569
False,both,False,False,9.09393149134586,2.367573532157928,第5天,9570
False,both,False,False,6.103745682071343,2.5898745431281727,第2天、第5天,9571
False,queue,False,True,6.418353203322525,6.486597232974377,第3天、第5天,9572
False,both,False,False,7.512254745052495,4.668125895759996,第4天,9573
False,queue,False,True,8.102661653168033,3.3733780208227446,第5天,9574
False,both,False,False,14.47571334182932,4.411252241441142,第4天,9575
False,queue,False,True,6.561127607553258,3.4958899287362724,第5天,9576
False,both,False,False,7.047035115683016,6.560215703161182,第5天,9577
False,both,False,False,6.120910139199311,6.174457778814553,第3天、第5天,9578
False,queue,False,True,4.516762951412393,3.243002916861628,第5天,9579
False,both,False,False,6.916227796890684,5.121162392020613,第2天、第4天,9580
False,both,False,False,11.725101610780527,4.29787973625141,第1天、第3天,9581
False,queue,False,True,3.508590937038283,1.8900814520954916,第2天,9582
False,queue,False,True,2.3068441736316423,5.0476210007403655,第5天,9583
False,queue,False,True,11.852667665293172,3.1030711145950938,第5天,9584
False,queue,False,True,4.805321890909825,2.222955996547211,第5天,9585
True,none,True,True,8.032586788205444,1.152860514377191,无,9586
False,both,False,False,13.366196095435848,2.49003942749244,第3天、第5天,9587
False,queue,False,True,4.840184792258687,2.74576327007826,第5天,9588
False,queue,False,True,0.9928824438668222,1.6472688357046752,第5天,9589
True,none,True,True,2.7425237392928534,2.221241795396767,无,9590
False,both,False,False,9.123989112038542,2.577500971289132,第2天、第5天,9591
True,none,True,True,7.301805530627066,1.7335704119084183,无,9592
False,queue,False,True,1.9787136257222626,3.1194215889918095,第5天,9593
False,both,False,False,5.870176017231225,0.0,第5天,9594
False,both,False,False,14.34233786924268,3.4212578518789143,第2天、第3天、第5天,9595
True,none,True,True,4.18181975087769,2.800755445518718,无,9596
False,queue,False,True,2.859335733088043,4.675263284988066,第5天,9597
False,both,False,False,8.123767033638675,4.0060209500524655,第4天,9598
False,queue,False,True,11.276732195105218,5.508128887106333,第3天、第5天,9599
False,both,False,False,18.701811994932303,0.27060148329017686,第2天、第3天、第5天,9600
False,queue,False,True,3.591282370937045,0.0,第5天,9601
False,queue,False,True,10.183734059317702,3.332367675987318,第4天、第5天,9602
False,both,False,False,15.298830498203685,3.612792813864863,第2天、第3天、第4天,9603
False,queue,False,True,7.496349298762562,3.2399332098181834,第5天,9604
False,queue,False,True,9.364566427320849,2.8048343749214384,第5天,9605
False,queue,False,True,6.703373679700546,1.5700007745318332,第5天,9606
False,both,False,False,8.362670223977084,5.4204096930765155,第2天、第5天,9607
False,both,False,False,9.20628057532375,0.939909205292331,第5天,9608
False,both,False,False,16.236680775633204,3.2859995694899817,第2天、第3天、第5天,9609
False,queue,False,True,0.0,2.10409207596559,第5天,9610
False,both,False,False,8.482325060395747,7.378106225938288,第4天、第5天,9611
False,both,False,False,10.282786754755975,2.5057748897230283,第5天,9612
False,both,False,False,5.240589972735796,2.8622047392028076,第4天、第5天,9613
False,both,False,False,10.556161600084192,3.1984657099187648,第3天、第4天,9614
False,both,False,False,6.106756151708208,7.060123676485692,第2天、第3天、第5天,9615
False,queue,False,True,4.973793231064093,5.681866061407644,第5天,9616
False,traffic,True,False,8.872401655625783,9.73084630195814,第3天,9617
False,queue,False,True,2.6864739083763416,3.6307366885513934,第5天,9618
True,none,True,True,7.0338128224310665,0.44282558688378115,无,9619
True,none,True,True,6.303715452450241,0.8918775699944013,无,9620
False,both,False,False,11.38199799573945,0.5663246504185795,第2天、第5天,9621
False,both,False,False,7.0654651061855605,2.2137502022491384,第5天,9622
True,none,True,True,7.2484692332937515,0.0,无,9623
False,queue,False,True,9.317210766097254,3.1009403183299047,第5天,9624
False,both,False,False,13.564747503898289,4.870047978805813,第1天、第3天、第5天,9625
False,both,False,False,1.2349805633383095,6.742907125565469,第2天,9626
False,both,False,False,9.45920130756228,2.76458912989448,第3天、第5天,9627
False,both,False,False,14.802597803812894,1.4581796932162132,第3天、第5天,9628
False,both,False,False,9.977209556777012,2.8347077535574146,第2天、第5天,9629
False,both,False,False,7.921282134683769,4.9160465228613965,第1天、第5天,9630
True,none,True,True,5.492810917377279,1.8728840527934443,无,9631
False,both,False,False,11.214868625335823,4.502966624802694,第1天、第2天、第5天,9632
False,queue,False,True,5.193104649219817,7.126835462710128,第4天、第5天,9633
False,queue,False,True,5.688066561697399,2.494615294552948,第5天,9634
False,both,False,False,7.669944793924731,3.9530949632653067,第5天,9635
False,queue,False,True,2.435623589670353,4.437895064645707,第5天,9636
False,queue,False,True,12.193142830812116,2.3251452480317827,第3天、第5天,9637
True,none,True,True,8.124808844463663,3.164000465517148,无,9638
False,queue,False,True,1.1453992789644651,4.553967057372958,第2天,9639
False,queue,False,True,6.542036354094841,3.619437281357872,第5天,9640
True,none,True,True,8.063810139564826,1.1738813082339947,无,9641
False,both,False,False,13.253911105344564,1.609107492611581,第1天、第2天、第4天、第5天,9642
False,both,False,False,13.982586035018963,4.227049416656257,第2天、第4天、第5天,9643
True,none,True,True,3.914077742255099,0.0,无,9644
True,none,True,True,3.8089874479450456,4.8798403701441035,无,9645
True,none,True,True,6.288161395648807,1.2406007786205961,无,9646
False,both,False,False,9.36307228635404,5.122989210712214,第3天、第5天,9647
False,both,False,False,6.78531309355379,3.8201669164553964,第2天、第4天、第5天,9648
False,both,False,False,10.665109424159006,1.0243648280006359,第2天、第5天,9649
False,both,False,False,7.727045885065488,8.118581316356268,第2天、第5天,9650
True,none,True,True,3.624737353660399,2.5423179166096865,无,9651
False,queue,False,True,4.353699226541112,0.1166160157817725,第5天,9652
False,both,False,False,4.1174849970769,4.578816563347267,第5天,9653
False,both,False,False,16.569855496238727,1.8241028346883765,第2天、第4天、第5天,9654
False,both,False,False,17.293743677348935,3.8491894395834345,第2天、第4天、第5天,9655
False,both,False,False,12.279676536351646,2.690904104334618,第2天、第5天,9656
False,both,False,False,6.64392834723282,2.6868870478497175,第2天、第5天,9657
False,queue,False,True,8.179263508562208,0.0,第3天,9658
False,queue,False,True,2.5930123850588798,1.5120095428041953,第5天,9659
False,both,False,False,6.902446138721673,2.2723027116034604,第3天、第5天,9660
False,both,False,False,3.4541383909529273,5.621281107097559,第2天、第5天,9661
False,queue,False,True,8.576003161358035,2.3212762915047396,第5天,9662
False,queue,False,True,7.515816869660373,3.466301737163802,第3天,9663
False,queue,False,True,4.964743627817523,0.6163137979663309,第5天,9664
False,queue,False,True,9.325877844130481,1.1496500298672339,第5天,9665
False,queue,False,True,6.142018630308084,3.930998178354524,第5天,9666
False,traffic,True,False,10.027627535771739,2.7538234555339693,第2天、第5天,9667
False,queue,False,True,6.162274777327223,2.6579133741217618,第3天、第5天,9668
False,both,False,False,8.699818488674392,4.483937655650228,第4天、第5天,9669
False,queue,False,True,5.645826075434114,4.680125777699097,第5天,9670
False,both,False,False,7.589835136049622,0.0,第1天、第5天,9671
False,queue,False,True,7.9750161806187725,2.935696862059868,第5天,9672
False,both,False,False,12.064307419940388,4.66269280681384,第2天、第5天,9673
True,none,True,True,2.2015146861199195,1.077410728901272,无,9674
False,queue,False,True,0.30894102632855636,2.6309852631351234,第5天,9675
False,both,False,False,15.659303465503378,3.749494699219646,第4天、第5天,9676
False,both,False,False,6.806020443595168,4.218618405897109,第2天、第5天,9677
False,both,False,False,7.798127718887105,1.1050538574631803,第2天、第5天,9678
False,both,False,False,9.230193225780242,2.3955314595445967,第4天,9679
False,queue,False,True,5.521895647614224,4.351666396486877,第4天、第5天,9680
True,none,True,True,1.7291701539849276,4.465337338758575,无,9681
False,both,False,False,15.282702682113133,0.6052069761889753,第5天,9682
False,queue,False,True,3.4628433702728865,2.2119448500082775,第5天,9683
False,both,False,False,8.35062775823451,0.625603602788596,第2天、第5天,9684
False,queue,False,True,4.703191169848038,3.699944820581542,第2天、第5天,9685
False,both,False,False,8.584221424705827,6.278292774214799,第1天、第2天、第3天、第5天,9686
False,both,False,False,5.656623752215946,5.785017697337234,第2天、第3天、第5天,9687
False,queue,False,True,8.137891762498857,0.8767267706431732,第5天,9688
False,both,False,False,10.053061053829023,10.427131368946247,第1天、第2天、第5天,9689
False,queue,False,True,7.117468278895462,3.334977218150122,第3天、第5天,9690
False,queue,False,True,7.501610634502875,3.0745930428233326,第5天,9691
False,queue,False,True,3.8390234365954607,2.706876962828571,第5天,9692
False,both,False,False,10.587750148565606,7.501768394795381,第2天、第3天、第5天,9693
True,none,True,True,5.301900745917594,0.0,无,9694
False,queue,False,True,9.914991166045047,1.69226565985808,第3天、第5天,9695
False,both,False,False,11.177361288084427,5.536906076364407,第5天,9696
True,none,True,True,8.292107799116838,3.0223746005944414,无,9697
False,traffic,True,False,14.87102824701293,4.859421506779113,第1天、第2天,9698
False,queue,False,True,0.0,4.007306356559475,第5天,9699
False,both,False,False,7.711363742025449,1.484895016811455,第5天,9700
False,queue,False,True,5.344313092371561,6.294515730890725,第4天、第5天,9701
True,none,True,True,1.769384372853628,3.988206717845901,无,9702
False,both,False,False,6.493249810682706,2.9265565554574007,第2天,9703
False,both,False,False,10.79768097867871,0.0,第5天,9704
False,both,False,False,11.332916996913614,3.329472285017217,第3天、第4天、第5天,9705
False,both,False,False,12.493290951132101,4.519375040956479,第1天、第2天、第5天,9706
False,queue,False,True,7.453678223500667,2.5421964613597687,第5天,9707
False,both,False,False,8.000505966042763,0.0,第2天,9708
False,queue,False,True,4.579733412818115,5.863999523103286,第2天、第5天,9709
False,both,False,False,10.110438406695842,6.291026251791976,第2天、第4天,9710
False,both,False,False,3.8283772693327065,6.829583757216236,第5天,9711
False,queue,False,True,6.716379537366196,6.918978626467944,第2天、第3天,9712
False,both,False,False,9.741080634911127,2.143063499326873,第5天,9713
True,none,True,True,5.974960503004926,0.36560307525432467,无,9714
False,queue,False,True,7.335534968304385,5.26550530299269,第2天、第5天,9715
False,both,False,False,12.907050426115566,0.09072011299605265,第2天、第5天,9716
False,both,False,False,12.511586228241743,4.622699889887922,第2天、第5天,9717
False,both,False,False,12.228317403134204,6.909179375945758,第2天,9718
False,queue,False,True,4.032897586788737,5.237814148026278,第5天,9719
False,both,False,False,13.353324545436319,1.8057164672496422,第2天、第3天、第5天,9720
False,both,False,False,8.057091615494915,4.394895257657559,第3天、第5天,9721
False,queue,False,True,5.1213816063364455,1.272741055741891,第5天,9722
False,both,False,False,6.58578517420698,3.9644727440698446,第4天、第5天,9723
False,both,False,False,4.998744796488031,4.617826910463224,第3天,9724
False,traffic,True,False,8.093265003795,1.8292443594108494,第3天,9725
False,queue,False,True,8.095855017019076,4.005430954644391,第2天,9726
False,both,False,False,4.044077620906509,6.220042616823851,第5天,9727
False,both,False,False,11.230541441616365,2.4276520560352948,第4天,9728
False,both,False,False,9.976425055372424,5.569891957914983,第2天、第4天,9729
True,none,True,True,3.2040195970702996,2.6936663973438204,无,9730
False,queue,False,True,7.132976953467926,3.2938149262963856,第5天,9731
False,both,False,False,9.843415585366337,2.015762866945229,第2天、第5天,9732
False,both,False,False,5.800002749255681,2.75163017530852,第2天、第5天,9733
False,queue,False,True,4.841922063315553,5.837959907737875,第3天,9734
False,both,False,False,11.026694767190325,1.2009102045282312,第2天、第5天,9735
False,queue,False,True,2.8333163808686113,2.2900715452448908,第5天,9736
True,none,True,True,1.44573970789334,0.45551895741405923,无,9737
False,both,False,False,15.041570886909607,4.569445913541841,第3天、第4天、第5天,9738
False,queue,False,True,2.002686530816604,2.782273845282035,第5天,9739
False,both,False,False,4.016507104380521,5.036107086253995,第2天、第5天,9740
False,both,False,False,10.384484614979375,1.860650439978179,第5天,9741
False,both,False,False,9.618460040737808,3.1640060120316456,第2天、第5天,9742
False,traffic,True,False,7.986205097630833,2.6693443071108383,第1天,9743
False,both,False,False,8.559632632279131,5.366768970325643,第4天、第5天,9744
False,both,False,False,10.234263549623021,5.340941350269231,第2天、第4天、第5天,9745
False,both,False,False,13.866247552276164,1.556676321362493,第2天、第3天、第5天,9746
False,queue,False,True,6.8983391951631,5.463323485969987,第5天,9747
True,none,True,True,4.67525376744573,4.298070924713113,无,9748
False,both,False,False,12.645234743068627,6.923748973722353,第1天、第4天,9749
False,traffic,True,False,5.914896684422827,3.1425079400306184,第4天,9750
False,queue,False,True,5.6459048686039655,4.319085381384449,第2天、第5天,9751
False,queue,False,True,1.604492357205767,2.709675595077274,第5天,9752
False,both,False,False,10.456380442565699,3.2295154798150447,第4天、第5天,9753
True,none,True,True,6.788866342253012,1.2710163661921037,无,9754
False,queue,False,True,10.433246022702145,5.225784135713611,第5天,9755
True,none,True,True,9.231827266957485,0.0,无,9756
True,none,True,True,0.0,2.295856941239087,无,9757
False,both,False,False,4.412581319562063,5.378590943570009,第5天,9758
False,both,False,False,5.306462726768076,1.044090108868369,第5天,9759
False,queue,False,True,5.5840795403887125,5.572408820421294,第5天,9760
False,both,False,False,10.501915813576023,3.7326002343305853,第2天、第3天、第5天,9761
False,queue,False,True,7.987983536514683,3.492910123387815,第5天,9762
False,queue,False,True,6.544377746579792,2.21712442477185,第5天,9763
False,traffic,True,False,9.69677481034833,7.013900078599227,第2天,9764
False,queue,False,True,2.4917312932827667,3.45192989452135,第5天,9765
False,queue,False,True,4.868794712663508,4.604760967179619,第5天,9766
False,queue,False,True,7.506158281843532,3.6294220861943494,第5天,9767
False,both,False,False,2.3834933307517243,4.728393067402065,第3天,9768
False,both,False,False,9.646394609667846,5.575371417958444,第2天、第3天、第5天,9769
False,queue,False,True,4.037726258008886,4.782593633582696,第5天,9770
False,queue,False,True,7.960924901476385,2.74073198598264,第3天、第5天,9771
False,both,False,False,9.75460530678181,4.212813304492557,第5天,9772
True,none,True,True,3.230951556982508,3.577417122323751,无,9773
False,queue,False,True,5.780238890304368,2.374775541146027,第5天,9774
False,both,False,False,15.885936085346621,1.327648201653737,第2天、第3天、第5天,9775
False,both,False,False,8.213441599937664,3.0530293408969564,第2天、第3天、第5天,9776
False,both,False,False,12.072273783243794,2.2419147844018275,第5天,9777
True,none,True,True,1.6574335327979306,2.927804498828106,无,9778
False,queue,False,True,3.5635429931129377,1.179584378358016,第5天,9779
False,both,False,False,11.19603107668815,5.08646036604136,第1天、第2天、第4天,9780
False,queue,False,True,4.127080946772617,5.165796609466759,第5天,9781
False,both,False,False,7.839532899993134,5.112379362926127,第4天、第5天,9782
True,none,True,True,3.8052397496309567,3.8541735698134527,无,9783
True,none,True,True,2.930207945586398,2.892242037509474,无,9784
False,both,False,False,6.731669539980167,1.2884027485743617,第5天,9785
False,both,False,False,5.423092877578545,8.091423253708193,第1天、第5天,9786
False,queue,False,True,9.998295957309182,3.6205988603004537,第5天,9787
False,both,False,False,11.476636725834263,3.238286412047782,第4天、第5天,9788
False,both,False,False,17.200290870742887,1.1119789990079925,第1天,9789
False,both,False,False,17.935430055656084,0.8944678903543147,第2天、第4天,9790
False,queue,False,True,3.599365018021129,6.702750211269581,第5天,9791
False,queue,False,True,3.4123886272576645,4.5665094293919815,第5天,9792
False,both,False,False,12.3135945139151,2.762397272958073,第5天,9793
True,none,True,True,4.8613091703814515,1.2697593168325136,无,9794
False,both,False,False,8.538418347948427,2.122468865085116,第3天、第4天,9795
False,both,False,False,15.1657882610502,5.971665794406999,第4天、第5天,9796
False,queue,False,True,11.797196197700094,0.5610454465181189,第4天、第5天,9797
False,queue,False,True,8.398275585480112,2.9366718707855246,第3天,9798
False,queue,False,True,9.973496832413003,2.9262621014148404,第4天,9799
False,queue,False,True,3.603227117548108,6.0976021769929405,第5天,9800
False,queue,False,True,5.180261439421791,5.288644308082983,第4天、第5天,9801
False,both,False,False,7.292204614208725,0.7212066715336345,第2天,9802
False,both,False,False,9.50191953345978,6.806659963473599,第1天、第5天,9803
False,queue,False,True,6.936321523827669,2.4325105699720746,第5天,9804
False,queue,False,True,4.169819926985098,5.887226800471582,第5天,9805
False,queue,False,True,6.5669077282185455,0.0,第5天,9806
False,both,False,False,12.01431134311564,0.6123790113698719,第1天、第4天、第5天,9807
False,both,False,False,12.071254237867626,9.79129240670394,第1天、第2天、第3天、第5天,9808
False,both,False,False,8.869723546312235,4.648693747871327,第2天、第5天,9809
False,queue,False,True,7.6738645609824045,6.13793378935088,第3天、第5天,9810
False,both,False,False,5.58855397759295,2.8029792677660463,第1天、第5天,9811
False,both,False,False,11.769580746101449,6.265295716816187,第3天、第5天,9812
False,queue,False,True,7.173950930778182,3.538165359553529,第4天,9813
True,none,True,True,3.652219906410796,2.99196004433342,无,9814
False,both,False,False,9.793322684680557,3.0282606263713627,第1天、第5天,9815
False,queue,False,True,3.100379211317678,3.4906798876243266,第5天,9816
False,traffic,True,False,9.881842924292817,4.554204813668131,第5天,9817
True,none,True,True,2.2673250957188333,4.46363413199775,无,9818
True,none,True,True,8.228619741335955,3.9508532041855324,无,9819
False,queue,False,True,2.7579947294684466,4.363158113176792,第5天,9820
False,queue,False,True,10.299364131910455,5.257772156620231,第3天、第5天,9821
True,none,True,True,7.930915130427159,2.903418447063055,无,9822
False,both,False,False,12.589746597318795,3.646383619221432,第2天、第4天、第5天,9823
False,queue,False,True,7.864832100791704,4.558186409376686,第5天,9824
False,both,False,False,10.59902494654926,2.589936903669066,第2天、第5天,9825
False,queue,False,True,8.32573673788097,2.574656360724166,第5天,9826
False,both,False,False,10.332846197750808,7.5177766288422285,第2天、第5天,9827
False,queue,False,True,4.182102016806575,2.123994760387765,第3天,9828
False,queue,False,True,6.369048648626373,0.8107926240784851,第5天,9829
False,traffic,True,False,4.466900348671955,1.918277843602788,第2天,9830
False,both,False,False,12.002689893986418,5.448882125551094,第1天、第2天、第5天,9831
False,queue,False,True,5.1218391800734455,2.746892554256088,第5天,9832
False,both,False,False,7.441042624256489,4.400943125544447,第4天、第5天,9833
False,both,False,False,13.501569862644569,4.385510766676513,第2天、第5天,9834
False,both,False,False,11.495521424000998,4.053072144119503,第4天、第5天,9835
True,none,True,True,10.466793681598547,1.8182362036062907,无,9836
False,queue,False,True,3.9174504180961836,7.600194153555317,第5天,9837
False,queue,False,True,8.366835359929912,2.3756494856935744,第5天,9838
False,queue,False,True,4.492749958312243,7.756309133595836,第5天,9839
False,queue,False,True,6.010325055302842,2.313931291790419,第3天,9840
False,queue,False,True,3.2712513574494255,3.1103591135971773,第5天,9841
False,queue,False,True,2.202920316157588,3.0638911094560064,第5天,9842
False,both,False,False,7.381811234749862,1.9706253925871149,第4天,9843
False,both,False,False,8.980708785309155,4.151801935311777,第2天、第5天,9844
False,both,False,False,14.629839429239631,4.494451463693722,第2天、第4天、第5天,9845
False,traffic,True,False,5.730584155157311,0.8552510924982105,第4天,9846
False,both,False,False,16.52656832597595,0.4432475864265989,第5天,9847
False,queue,False,True,5.345262053461595,4.0920370271535536,第5天,9848
False,both,False,False,9.578300258269373,7.871002438909958,第1天、第2天、第3天、第5天,9849
True,none,True,True,4.5317835081471936,2.694015032958072,无,9850
False,queue,False,True,8.979339757614882,3.9034434042521298,第5天,9851
False,queue,False,True,5.1439939808825415,4.249851237634296,第3天、第5天,9852
False,traffic,True,False,10.79189950693151,7.433204160890776,第1天、第3天,9853
False,queue,False,True,2.8596957445150606,0.46378294092437955,第5天,9854
False,both,False,False,11.697663849319683,3.5386934571725543,第2天、第4天,9855
False,both,False,False,9.620236084801313,5.039658028908141,第2天、第3天、第4天、第5天,9856
False,both,False,False,8.947791534176245,4.987399989513397,第3天、第5天,9857
False,both,False,False,8.345263338847015,2.6547091600619424,第4天、第5天,9858
False,queue,False,True,0.5176880821690032,6.15284606487511,第5天,9859
False,both,False,False,3.3400515576130045,9.302042669132929,第3天、第4天、第5天,9860
False,queue,False,True,7.320835744198652,4.5805462414229945,第3天、第5天,9861
False,queue,False,True,3.7640053606814905,5.164639557933938,第5天,9862
False,queue,False,True,5.22284938615842,0.9949724872844999,第5天,9863
False,queue,False,True,8.244943806704446,4.591301628460517,第3天、第5天,9864
False,both,False,False,14.472214805935508,3.733028365576162,第3天、第4天、第5天,9865
True,none,True,True,8.311019823402598,6.998856127632594,无,9866
False,queue,False,True,2.567385833189739,3.260196309456585,第4天,9867
False,both,False,False,11.347185601672516,0.9666871863891178,第2天、第5天,9868
False,both,False,False,6.691214692420754,7.076101219789617,第5天,9869
False,queue,False,True,4.921576958293299,2.567454380699375,第5天,9870
False,both,False,False,6.721564515686201,2.9598032749733827,第3天、第5天,9871
False,both,False,False,8.943234430121626,5.575226053482873,第4天、第5天,9872
False,both,False,False,9.172477448876096,0.33922719218930775,第3天、第5天,9873
False,queue,False,True,6.877295514971929,2.9568982955915506,第5天,9874
False,queue,False,True,6.574185625336611,0.6271069065609919,第5天,9875
False,both,False,False,6.799146905675501,2.7223602601549226,第2天,9876
False,both,False,False,8.97577544793989,1.6615982291456846,第2天,9877
False,both,False,False,5.143766913693749,5.526837360317087,第5天,9878
True,none,True,True,3.4523340967112492,3.0869126908103626,无,9879
False,both,False,False,9.864609958503548,5.167497590052567,第2天、第5天,9880
False,both,False,False,14.923233033842955,2.4600420173369355,第3天、第5天,9881
False,traffic,True,False,12.718573467735267,1.371547530652733,第1天,9882
False,queue,False,True,9.89138822958828,0.0,第5天,9883
False,both,False,False,2.1566989630897417,5.348047678299304,第2天、第5天,9884
False,queue,False,True,7.417262637737682,3.728311704608,第3天、第5天,9885
False,traffic,True,False,8.0919319253988,2.4990699233885385,第3天,9886
False,both,False,False,4.367165532071526,3.72363280150962,第2天,9887
True,none,True,True,2.661231333989332,3.1667631344160947,无,9888
False,both,False,False,11.528717768875518,3.512859525234862,第4天、第5天,9889
False,queue,False,True,3.4161810025399952,3.9349079220632905,第5天,9890
False,queue,False,True,7.36290366671485,4.055930873149537,第5天,9891
False,queue,False,True,2.1659052857390226,2.849801372447824,第5天,9892
False,queue,False,True,6.226683949639424,3.01966634579827,第4天、第5天,9893
False,queue,False,True,4.74325098467535,2.5210090824560707,第5天,9894
True,none,True,True,4.125589031226264,4.625170866187467,无,9895
False,queue,False,True,5.197825741190572,5.668583796658601,第5天,9896
False,both,False,False,5.040427008695096,3.8522129541072974,第1天、第5天,9897
False,both,False,False,9.957641280125273,4.265305322205631,第5天,9898
False,queue,False,True,6.263859555279938,7.30346467928378,第2天、第3天、第5天,9899
False,both,False,False,4.721223778390192,10.809591843712184,第4天、第5天,9900
False,both,False,False,6.939165474307215,8.409066899208405,第2天、第5天,9901
False,traffic,True,False,9.735107527089324,2.0942394047885635,第1天、第2天,9902
False,both,False,False,11.2558282837392,4.30997401950869,第3天、第5天,9903
False,both,False,False,7.199569163324817,4.453320112940193,第4天,9904
False,both,False,False,6.311133199329383,3.5033999036747145,第5天,9905
False,queue,False,True,10.97979653040527,2.6243965927238007,第5天,9906
False,traffic,True,False,12.888752777099295,1.9717081865125587,第4天,9907
False,both,False,False,11.253552086770721,1.206409087543943,第2天、第4天、第5天,9908
False,queue,False,True,5.631750945760507,4.238631324584501,第5天,9909
False,both,False,False,9.203913880172774,4.140137030706874,第2天,9910
True,none,True,True,4.91323309586854,4.624206827631581,无,9911
True,none,True,True,10.098756801937025,0.0,无,9912
False,queue,False,True,1.0043330860861717,1.4478046289413224,第5天,9913
False,queue,False,True,11.26377321235535,3.417961405680747,第5天,9914
False,both,False,False,20.40280820007166,5.537953297975869,第1天、第2天、第3天、第4天、第5天,9915
False,traffic,True,False,7.4526034769819915,4.52543113801483,第3天,9916
False,both,False,False,6.52279905168168,7.0508677651761005,第4天、第5天,9917
False,queue,False,True,11.154939251287148,0.8366460736117479,第3天、第5天,9918
False,both,False,False,8.85274746736063,3.3872094544512463,第2天、第5天,9919
False,queue,False,True,5.882046222801408,7.4741871904927795,第3天、第5天,9920
False,queue,False,True,4.520781587498151,5.303851580684084,第4天、第5天,9921
False,both,False,False,11.765282210866097,1.6879416186935994,第5天,9922
False,traffic,True,False,6.2848041754982615,6.633050546689299,第1天,9923
False,both,False,False,4.890617705913332,5.252167676022479,第2天、第5天,9924
False,queue,False,True,10.9530259223834,2.3059714722710996,第5天,9925
False,queue,False,True,9.12706747348831,1.5201506886690268,第2天,9926
False,queue,False,True,1.3457092697786954,4.694906055393954,第2天、第5天,9927
False,traffic,True,False,10.451002676575223,5.62713936069723,第3天,9928
False,queue,False,True,4.567840512338293,2.8134459161474243,第5天,9929
False,both,False,False,11.089988559118085,8.887689919350539,第2天、第3天、第5天,9930
False,both,False,False,21.25810965565206,1.5699270391483988,第3天、第4天、第5天,9931
False,queue,False,True,7.842979949738143,5.9462666133513435,第5天,9932
False,both,False,False,6.598392338485747,1.1237477510128733,第5天,9933
False,both,False,False,9.582620807928139,0.6418212843602473,第2天,9934
False,both,False,False,7.170427499407718,2.3845998912846342,第2天、第5天,9935
False,both,False,False,7.98248885525638,3.4864471528817176,第5天,9936
False,queue,False,True,0.0,9.664016798215716,第5天,9937
False,both,False,False,13.387578829636219,2.354550899118916,第4天、第5天,9938
False,queue,False,True,3.8764657848909327,6.535611283382851,第5天,9939
False,both,False,False,14.323587747956726,6.021072932075408,第2天、第3天、第4天、第5天,9940
False,queue,False,True,8.41202498825239,4.234267945959624,第2天,9941
False,both,False,False,11.255968122784239,3.4419645057749904,第4天,9942
False,both,False,False,6.6807550868574666,4.842146057667287,第3天、第5天,9943
False,queue,False,True,6.892243524222085,4.38147054397938,第5天,9944
False,queue,False,True,6.508783680404974,5.1087181335416325,第5天,9945
False,queue,False,True,4.5390267551662244,4.551007027184556,第5天,9946
True,none,True,True,10.756276859526135,0.6085319265335707,无,9947
True,none,True,True,3.2632293427390726,2.602009886196436,无,9948
True,none,True,True,4.173857966471915,4.318650342553626,无,9949
False,both,False,False,14.260004487051082,1.9054055010350752,第4天、第5天,9950
False,queue,False,True,5.307527570535884,3.650003716875651,第5天,9951
False,both,False,False,18.714826734891975,2.613343014033127,第2天、第4天、第5天,9952
True,none,True,True,6.469333350108467,4.006539064236228,无,9953
False,queue,False,True,3.2797321793617895,7.231720915259004,第5天,9954
False,traffic,True,False,10.92106841486491,4.704847825263412,第5天,9955
False,both,False,False,6.434971118715548,5.821461412446832,第1天、第5天,9956
False,both,False,False,10.103186777394662,3.944991234012586,第2天、第5天,9957
False,both,False,False,12.73413932585392,4.359107706049027,第2天、第5天,9958
False,both,False,False,12.120953637658051,6.256688831005288,第2天、第3天、第5天,9959
False,both,False,False,9.86342307930915,3.6764050367659884,第2天、第5天,9960
False,traffic,True,False,7.963534985951718,2.333136011298062,第5天,9961
False,queue,False,True,1.1516366677283698,4.241158835116776,第5天,9962
False,queue,False,True,2.207754906097102,5.5141524506311255,第5天,9963
True,none,True,True,3.3391755724980787,5.077660965077875,无,9964
False,both,False,False,2.430144910175135,3.0935431068584123,第2天,9965
False,both,False,False,8.939531845225668,7.235321010643722,第4天、第5天,9966
False,both,False,False,10.087882181391649,1.770026177247736,第2天、第5天,9967
False,queue,False,True,2.747251008447616,4.108927946069004,第5天,9968
False,queue,False,True,5.505378776352529,2.702649395137403,第5天,9969
False,both,False,False,7.14521785127224,6.157902901928377,第2天、第5天,9970
False,queue,False,True,10.979994548578567,0.6273272403237549,第5天,9971
False,queue,False,True,6.3319639600801665,4.1056336857079465,第5天,9972
False,both,False,False,8.603634877126726,3.577269903484339,第5天,9973
False,both,False,False,7.585687818878334,3.0469036763753143,第4天、第5天,9974
False,both,False,False,12.214900259208425,1.3229152625593061,第5天,9975
False,both,False,False,11.609161192801277,1.961077775517845,第5天,9976
False,both,False,False,8.531632745923133,1.2965152777619822,第3天、第5天,9977
False,both,False,False,4.2088156556404055,5.155343568810226,第5天,9978
False,both,False,False,12.126571589471443,1.62820132152356,第3天、第5天,9979
False,both,False,False,12.80167591691012,4.630870195720004,第2天、第3天,9980
False,queue,False,True,0.0,1.4179355856127451,第5天,9981
False,queue,False,True,4.099688638938083,4.481630301036512,第5天,9982
False,queue,False,True,7.892895597648797,0.0,第5天,9983
False,both,False,False,5.019626532847279,6.377364014516022,第2天、第5天,9984
False,queue,False,True,0.0,2.319153349140124,第5天,9985
False,queue,False,True,6.681033201466274,3.484293741354657,第5天,9986
False,both,False,False,6.036384105219352,5.1519894044359935,第5天,9987
False,queue,False,True,5.8990855951601455,0.0,第5天,9988
False,both,False,False,7.894283214927839,5.730141745116081,第1天,9989
False,both,False,False,5.81403596528172,6.8475405890658125,第3天、第5天,9990
False,queue,False,True,5.130613820199388,2.5446979784608303,第5天,9991
True,none,True,True,4.583981693151891,0.7571092300584993,无,9992
False,both,False,False,11.345775639714773,3.8348582159310114,第2天、第5天,9993
True,none,True,True,5.821241690395453,2.1919231505360948,无,9994
False,queue,False,True,3.3012523926320645,3.376940115423853,第5天,9995
False,both,False,False,10.234421043058063,3.007622503833785,第2天、第5天,9996
False,queue,False,True,7.424593064952941,5.867847175243265,第5天,9997
False,traffic,True,False,7.231532654883254,2.324932874356785,第5天,9998
False,queue,False,True,0.0,4.429217156135676,第5天,9999
False,queue,False,True,0.0,4.359121902459723,第5天,10000
